ISO-10303-21;
HEADER;
FILE_DESCRIPTION(('KiCad electronic assembly'),'2;1');
FILE_NAME('hackpad.step','2026-08-23T17:20:04',('Pcbnew'),('Kicad'),
  'Open CASCADE STEP processor 8.0','KiCad to STEP converter','Unknown'
  );
FILE_SCHEMA(('AUTOMOTIVE_DESIGN { 1 0 10303 214 1 1 1 1 }'));
ENDSEC;
DATA;
#1 = APPLICATION_PROTOCOL_DEFINITION('international standard',
  'automotive_design',2000,#2);
#2 = APPLICATION_CONTEXT(
  'core data for automotive mechanical design processes');
#3 = SHAPE_DEFINITION_REPRESENTATION(#4,#10);
#4 = PRODUCT_DEFINITION_SHAPE('','',#5);
#5 = PRODUCT_DEFINITION('design','',#6,#9);
#6 = PRODUCT_DEFINITION_FORMATION('','',#7);
#7 = PRODUCT('hackpad 1','hackpad 1','',(#8));
#8 = PRODUCT_CONTEXT('',#2,'mechanical');
#9 = PRODUCT_DEFINITION_CONTEXT('part definition',#2,'design');
#10 = SHAPE_REPRESENTATION('',(#11,#15,#19,#23,#27),#31);
#11 = AXIS2_PLACEMENT_3D('',#12,#13,#14);
#12 = CARTESIAN_POINT('',(0.,0.,0.));
#13 = DIRECTION('',(0.,0.,1.));
#14 = DIRECTION('',(1.,0.,-0.));
#15 = AXIS2_PLACEMENT_3D('',#16,#17,#18);
#16 = CARTESIAN_POINT('',(182.8,-82.66,1.595));
#17 = DIRECTION('',(0.,0.,1.));
#18 = DIRECTION('',(1.,0.,0.));
#19 = AXIS2_PLACEMENT_3D('',#20,#21,#22);
#20 = CARTESIAN_POINT('',(180.2,-103.,1.595));
#21 = DIRECTION('',(0.,0.,1.));
#22 = DIRECTION('',(1.,0.,0.));
#23 = AXIS2_PLACEMENT_3D('',#24,#25,#26);
#24 = CARTESIAN_POINT('',(128.2,-101.,1.595));
#25 = DIRECTION('',(0.,0.,1.));
#26 = DIRECTION('',(1.,0.,0.));
#27 = AXIS2_PLACEMENT_3D('',#28,#29,#30);
#28 = CARTESIAN_POINT('',(0.,0.,0.));
#29 = DIRECTION('',(0.,0.,1.));
#30 = DIRECTION('',(1.,0.,-0.));
#31 = ( GEOMETRIC_REPRESENTATION_CONTEXT(3) 
GLOBAL_UNCERTAINTY_ASSIGNED_CONTEXT((#35)) GLOBAL_UNIT_ASSIGNED_CONTEXT(
(#32,#33,#34)) REPRESENTATION_CONTEXT('Context #1',
  '3D Context with UNIT and UNCERTAINTY') );
#32 = ( LENGTH_UNIT() NAMED_UNIT(*) SI_UNIT(.MILLI.,.METRE.) );
#33 = ( NAMED_UNIT(*) PLANE_ANGLE_UNIT() SI_UNIT($,.RADIAN.) );
#34 = ( NAMED_UNIT(*) SI_UNIT($,.STERADIAN.) SOLID_ANGLE_UNIT() );
#35 = UNCERTAINTY_MEASURE_WITH_UNIT(LENGTH_MEASURE(1.E-07),#32,
  'distance_accuracy_value','confusion accuracy');
#36 = PRODUCT_RELATED_PRODUCT_CATEGORY('part',$,(#7));
#37 = SHAPE_DEFINITION_REPRESENTATION(#38,#44);
#38 = PRODUCT_DEFINITION_SHAPE('','',#39);
#39 = PRODUCT_DEFINITION('design','',#40,#43);
#40 = PRODUCT_DEFINITION_FORMATION('','',#41);
#41 = PRODUCT('PinHeader_1x04_P2.54mm_Vertical',
  'PinHeader_1x04_P2.54mm_Vertical','',(#42));
#42 = PRODUCT_CONTEXT('',#2,'mechanical');
#43 = PRODUCT_DEFINITION_CONTEXT('part definition',#2,'design');
#44 = SHAPE_REPRESENTATION('',(#11,#45),#49);
#45 = AXIS2_PLACEMENT_3D('',#46,#47,#48);
#46 = CARTESIAN_POINT('',(0.,0.,0.));
#47 = DIRECTION('',(0.,0.,1.));
#48 = DIRECTION('',(1.,0.,-0.));
#49 = ( GEOMETRIC_REPRESENTATION_CONTEXT(3) 
GLOBAL_UNCERTAINTY_ASSIGNED_CONTEXT((#53)) GLOBAL_UNIT_ASSIGNED_CONTEXT(
(#50,#51,#52)) REPRESENTATION_CONTEXT('Context #1',
  '3D Context with UNIT and UNCERTAINTY') );
#50 = ( LENGTH_UNIT() NAMED_UNIT(*) SI_UNIT(.MILLI.,.METRE.) );
#51 = ( NAMED_UNIT(*) PLANE_ANGLE_UNIT() SI_UNIT($,.RADIAN.) );
#52 = ( NAMED_UNIT(*) SI_UNIT($,.STERADIAN.) SOLID_ANGLE_UNIT() );
#53 = UNCERTAINTY_MEASURE_WITH_UNIT(LENGTH_MEASURE(1.E-07),#50,
  'distance_accuracy_value','confusion accuracy');
#54 = CONTEXT_DEPENDENT_SHAPE_REPRESENTATION(#55,#57);
#55 = ( REPRESENTATION_RELATIONSHIP('','',#44,#10) 
REPRESENTATION_RELATIONSHIP_WITH_TRANSFORMATION(#56) 
SHAPE_REPRESENTATION_RELATIONSHIP() );
#56 = ITEM_DEFINED_TRANSFORMATION('','',#11,#15);
#57 = PRODUCT_DEFINITION_SHAPE('Placement','Placement of an item',#58);
#58 = NEXT_ASSEMBLY_USAGE_OCCURRENCE('2','J1','',#5,#39,$);
#59 = PRODUCT_RELATED_PRODUCT_CATEGORY('part',$,(#41));
#60 = SHAPE_DEFINITION_REPRESENTATION(#61,#67);
#61 = PRODUCT_DEFINITION_SHAPE('','',#62);
#62 = PRODUCT_DEFINITION('design','',#63,#66);
#63 = PRODUCT_DEFINITION_FORMATION('','',#64);
#64 = PRODUCT('PinHeader_1x04_P254mm_Vertical',
  'PinHeader_1x04_P254mm_Vertical','',(#65));
#65 = PRODUCT_CONTEXT('',#2,'mechanical');
#66 = PRODUCT_DEFINITION_CONTEXT('part definition',#2,'design');
#67 = ADVANCED_BREP_SHAPE_REPRESENTATION('',(#11,#68),#2848);
#68 = MANIFOLD_SOLID_BREP('',#69);
#69 = CLOSED_SHELL('',(#70,#110,#141,#172,#501,#830,#847,#864,#881,#898,
    #915,#932,#949,#966,#983,#1000,#1017,#1034,#1051,#1068,#1085,#1102,
    #1119,#1136,#1153,#1170,#1187,#1204,#1216,#1247,#1271,#1295,#1312,
    #1343,#1367,#1391,#1408,#1439,#1463,#1487,#1504,#1535,#1559,#1583,
    #1600,#1631,#1655,#1679,#1696,#1727,#1751,#1775,#1792,#1823,#1847,
    #1871,#1888,#1919,#1943,#1967,#1984,#2015,#2039,#2063,#2080,#2111,
    #2135,#2159,#2176,#2207,#2231,#2255,#2272,#2303,#2327,#2351,#2368,
    #2399,#2423,#2447,#2464,#2495,#2519,#2543,#2560,#2591,#2615,#2639,
    #2656,#2687,#2711,#2735,#2752,#2764,#2776,#2788,#2800,#2812,#2824,
    #2836));
#70 = ADVANCED_FACE('',(#71),#105,.F.);
#71 = FACE_BOUND('',#72,.F.);
#72 = EDGE_LOOP('',(#73,#83,#91,#99));
#73 = ORIENTED_EDGE('',*,*,#74,.T.);
#74 = EDGE_CURVE('',#75,#77,#79,.T.);
#75 = VERTEX_POINT('',#76);
#76 = CARTESIAN_POINT('',(-1.016,1.27,0.));
#77 = VERTEX_POINT('',#78);
#78 = CARTESIAN_POINT('',(-1.016,1.27,2.54));
#79 = LINE('',#80,#81);
#80 = CARTESIAN_POINT('',(-1.016,1.27,0.));
#81 = VECTOR('',#82,1.);
#82 = DIRECTION('',(0.,0.,1.));
#83 = ORIENTED_EDGE('',*,*,#84,.T.);
#84 = EDGE_CURVE('',#77,#85,#87,.T.);
#85 = VERTEX_POINT('',#86);
#86 = CARTESIAN_POINT('',(-1.27,1.016,2.54));
#87 = LINE('',#88,#89);
#88 = CARTESIAN_POINT('',(-1.016,1.27,2.54));
#89 = VECTOR('',#90,1.);
#90 = DIRECTION('',(-0.707106781187,-0.707106781187,0.));
#91 = ORIENTED_EDGE('',*,*,#92,.F.);
#92 = EDGE_CURVE('',#93,#85,#95,.T.);
#93 = VERTEX_POINT('',#94);
#94 = CARTESIAN_POINT('',(-1.27,1.016,0.));
#95 = LINE('',#96,#97);
#96 = CARTESIAN_POINT('',(-1.27,1.016,0.));
#97 = VECTOR('',#98,1.);
#98 = DIRECTION('',(0.,0.,1.));
#99 = ORIENTED_EDGE('',*,*,#100,.F.);
#100 = EDGE_CURVE('',#75,#93,#101,.T.);
#101 = LINE('',#102,#103);
#102 = CARTESIAN_POINT('',(-1.016,1.27,0.));
#103 = VECTOR('',#104,1.);
#104 = DIRECTION('',(-0.707106781187,-0.707106781187,0.));
#105 = PLANE('',#106);
#106 = AXIS2_PLACEMENT_3D('',#107,#108,#109);
#107 = CARTESIAN_POINT('',(-1.016,1.27,0.));
#108 = DIRECTION('',(0.707106781187,-0.707106781187,0.));
#109 = DIRECTION('',(-0.707106781187,-0.707106781187,0.));
#110 = ADVANCED_FACE('',(#111),#136,.F.);
#111 = FACE_BOUND('',#112,.F.);
#112 = EDGE_LOOP('',(#113,#123,#129,#130));
#113 = ORIENTED_EDGE('',*,*,#114,.T.);
#114 = EDGE_CURVE('',#115,#117,#119,.T.);
#115 = VERTEX_POINT('',#116);
#116 = CARTESIAN_POINT('',(1.016,1.27,0.));
#117 = VERTEX_POINT('',#118);
#118 = CARTESIAN_POINT('',(1.016,1.27,2.54));
#119 = LINE('',#120,#121);
#120 = CARTESIAN_POINT('',(1.016,1.27,0.));
#121 = VECTOR('',#122,1.);
#122 = DIRECTION('',(0.,0.,1.));
#123 = ORIENTED_EDGE('',*,*,#124,.T.);
#124 = EDGE_CURVE('',#117,#77,#125,.T.);
#125 = LINE('',#126,#127);
#126 = CARTESIAN_POINT('',(1.016,1.27,2.54));
#127 = VECTOR('',#128,1.);
#128 = DIRECTION('',(-1.,0.,0.));
#129 = ORIENTED_EDGE('',*,*,#74,.F.);
#130 = ORIENTED_EDGE('',*,*,#131,.F.);
#131 = EDGE_CURVE('',#115,#75,#132,.T.);
#132 = LINE('',#133,#134);
#133 = CARTESIAN_POINT('',(1.016,1.27,0.));
#134 = VECTOR('',#135,1.);
#135 = DIRECTION('',(-1.,0.,0.));
#136 = PLANE('',#137);
#137 = AXIS2_PLACEMENT_3D('',#138,#139,#140);
#138 = CARTESIAN_POINT('',(1.016,1.27,0.));
#139 = DIRECTION('',(0.,-1.,0.));
#140 = DIRECTION('',(-1.,0.,0.));
#141 = ADVANCED_FACE('',(#142),#167,.F.);
#142 = FACE_BOUND('',#143,.F.);
#143 = EDGE_LOOP('',(#144,#145,#153,#161));
#144 = ORIENTED_EDGE('',*,*,#92,.T.);
#145 = ORIENTED_EDGE('',*,*,#146,.T.);
#146 = EDGE_CURVE('',#85,#147,#149,.T.);
#147 = VERTEX_POINT('',#148);
#148 = CARTESIAN_POINT('',(-1.27,-1.016,2.54));
#149 = LINE('',#150,#151);
#150 = CARTESIAN_POINT('',(-1.27,1.016,2.54));
#151 = VECTOR('',#152,1.);
#152 = DIRECTION('',(0.,-1.,0.));
#153 = ORIENTED_EDGE('',*,*,#154,.F.);
#154 = EDGE_CURVE('',#155,#147,#157,.T.);
#155 = VERTEX_POINT('',#156);
#156 = CARTESIAN_POINT('',(-1.27,-1.016,0.));
#157 = LINE('',#158,#159);
#158 = CARTESIAN_POINT('',(-1.27,-1.016,0.));
#159 = VECTOR('',#160,1.);
#160 = DIRECTION('',(0.,0.,1.));
#161 = ORIENTED_EDGE('',*,*,#162,.F.);
#162 = EDGE_CURVE('',#93,#155,#163,.T.);
#163 = LINE('',#164,#165);
#164 = CARTESIAN_POINT('',(-1.27,1.016,0.));
#165 = VECTOR('',#166,1.);
#166 = DIRECTION('',(0.,-1.,0.));
#167 = PLANE('',#168);
#168 = AXIS2_PLACEMENT_3D('',#169,#170,#171);
#169 = CARTESIAN_POINT('',(-1.27,1.016,0.));
#170 = DIRECTION('',(1.,0.,0.));
#171 = DIRECTION('',(0.,-1.,0.));
#172 = ADVANCED_FACE('',(#173,#360,#394,#428,#462),#496,.F.);
#173 = FACE_BOUND('',#174,.F.);
#174 = EDGE_LOOP('',(#175,#176,#177,#185,#193,#201,#209,#217,#225,#233,
    #241,#249,#257,#265,#273,#281,#289,#297,#305,#313,#321,#329,#337,
    #345,#353,#359));
#175 = ORIENTED_EDGE('',*,*,#100,.T.);
#176 = ORIENTED_EDGE('',*,*,#162,.T.);
#177 = ORIENTED_EDGE('',*,*,#178,.T.);
#178 = EDGE_CURVE('',#155,#179,#181,.T.);
#179 = VERTEX_POINT('',#180);
#180 = CARTESIAN_POINT('',(-1.016,-1.27,0.));
#181 = LINE('',#182,#183);
#182 = CARTESIAN_POINT('',(-1.27,-1.016,0.));
#183 = VECTOR('',#184,1.);
#184 = DIRECTION('',(0.707106781187,-0.707106781187,0.));
#185 = ORIENTED_EDGE('',*,*,#186,.T.);
#186 = EDGE_CURVE('',#179,#187,#189,.T.);
#187 = VERTEX_POINT('',#188);
#188 = CARTESIAN_POINT('',(-1.27,-1.524,0.));
#189 = LINE('',#190,#191);
#190 = CARTESIAN_POINT('',(-1.016,-1.27,0.));
#191 = VECTOR('',#192,1.);
#192 = DIRECTION('',(-0.707106781187,-0.707106781187,0.));
#193 = ORIENTED_EDGE('',*,*,#194,.T.);
#194 = EDGE_CURVE('',#187,#195,#197,.T.);
#195 = VERTEX_POINT('',#196);
#196 = CARTESIAN_POINT('',(-1.27,-3.556,0.));
#197 = LINE('',#198,#199);
#198 = CARTESIAN_POINT('',(-1.27,-1.524,0.));
#199 = VECTOR('',#200,1.);
#200 = DIRECTION('',(0.,-1.,0.));
#201 = ORIENTED_EDGE('',*,*,#202,.T.);
#202 = EDGE_CURVE('',#195,#203,#205,.T.);
#203 = VERTEX_POINT('',#204);
#204 = CARTESIAN_POINT('',(-1.016,-3.81,0.));
#205 = LINE('',#206,#207);
#206 = CARTESIAN_POINT('',(-1.27,-3.556,0.));
#207 = VECTOR('',#208,1.);
#208 = DIRECTION('',(0.707106781187,-0.707106781187,0.));
#209 = ORIENTED_EDGE('',*,*,#210,.T.);
#210 = EDGE_CURVE('',#203,#211,#213,.T.);
#211 = VERTEX_POINT('',#212);
#212 = CARTESIAN_POINT('',(-1.27,-4.064,0.));
#213 = LINE('',#214,#215);
#214 = CARTESIAN_POINT('',(-1.016,-3.81,0.));
#215 = VECTOR('',#216,1.);
#216 = DIRECTION('',(-0.707106781187,-0.707106781187,0.));
#217 = ORIENTED_EDGE('',*,*,#218,.T.);
#218 = EDGE_CURVE('',#211,#219,#221,.T.);
#219 = VERTEX_POINT('',#220);
#220 = CARTESIAN_POINT('',(-1.27,-6.096,0.));
#221 = LINE('',#222,#223);
#222 = CARTESIAN_POINT('',(-1.27,-4.064,0.));
#223 = VECTOR('',#224,1.);
#224 = DIRECTION('',(0.,-1.,0.));
#225 = ORIENTED_EDGE('',*,*,#226,.T.);
#226 = EDGE_CURVE('',#219,#227,#229,.T.);
#227 = VERTEX_POINT('',#228);
#228 = CARTESIAN_POINT('',(-1.016,-6.35,0.));
#229 = LINE('',#230,#231);
#230 = CARTESIAN_POINT('',(-1.27,-6.096,0.));
#231 = VECTOR('',#232,1.);
#232 = DIRECTION('',(0.707106781187,-0.707106781187,0.));
#233 = ORIENTED_EDGE('',*,*,#234,.T.);
#234 = EDGE_CURVE('',#227,#235,#237,.T.);
#235 = VERTEX_POINT('',#236);
#236 = CARTESIAN_POINT('',(-1.27,-6.604,0.));
#237 = LINE('',#238,#239);
#238 = CARTESIAN_POINT('',(-1.016,-6.35,0.));
#239 = VECTOR('',#240,1.);
#240 = DIRECTION('',(-0.707106781187,-0.707106781187,0.));
#241 = ORIENTED_EDGE('',*,*,#242,.T.);
#242 = EDGE_CURVE('',#235,#243,#245,.T.);
#243 = VERTEX_POINT('',#244);
#244 = CARTESIAN_POINT('',(-1.27,-8.636,0.));
#245 = LINE('',#246,#247);
#246 = CARTESIAN_POINT('',(-1.27,-6.604,0.));
#247 = VECTOR('',#248,1.);
#248 = DIRECTION('',(0.,-1.,0.));
#249 = ORIENTED_EDGE('',*,*,#250,.T.);
#250 = EDGE_CURVE('',#243,#251,#253,.T.);
#251 = VERTEX_POINT('',#252);
#252 = CARTESIAN_POINT('',(-1.016,-8.89,0.));
#253 = LINE('',#254,#255);
#254 = CARTESIAN_POINT('',(-1.27,-8.636,0.));
#255 = VECTOR('',#256,1.);
#256 = DIRECTION('',(0.707106781187,-0.707106781187,0.));
#257 = ORIENTED_EDGE('',*,*,#258,.T.);
#258 = EDGE_CURVE('',#251,#259,#261,.T.);
#259 = VERTEX_POINT('',#260);
#260 = CARTESIAN_POINT('',(1.016,-8.89,0.));
#261 = LINE('',#262,#263);
#262 = CARTESIAN_POINT('',(-1.016,-8.89,0.));
#263 = VECTOR('',#264,1.);
#264 = DIRECTION('',(1.,0.,0.));
#265 = ORIENTED_EDGE('',*,*,#266,.T.);
#266 = EDGE_CURVE('',#259,#267,#269,.T.);
#267 = VERTEX_POINT('',#268);
#268 = CARTESIAN_POINT('',(1.27,-8.636,0.));
#269 = LINE('',#270,#271);
#270 = CARTESIAN_POINT('',(1.016,-8.89,0.));
#271 = VECTOR('',#272,1.);
#272 = DIRECTION('',(0.707106781187,0.707106781187,0.));
#273 = ORIENTED_EDGE('',*,*,#274,.T.);
#274 = EDGE_CURVE('',#267,#275,#277,.T.);
#275 = VERTEX_POINT('',#276);
#276 = CARTESIAN_POINT('',(1.27,-6.604,0.));
#277 = LINE('',#278,#279);
#278 = CARTESIAN_POINT('',(1.27,-8.636,0.));
#279 = VECTOR('',#280,1.);
#280 = DIRECTION('',(0.,1.,0.));
#281 = ORIENTED_EDGE('',*,*,#282,.T.);
#282 = EDGE_CURVE('',#275,#283,#285,.T.);
#283 = VERTEX_POINT('',#284);
#284 = CARTESIAN_POINT('',(1.016,-6.35,0.));
#285 = LINE('',#286,#287);
#286 = CARTESIAN_POINT('',(1.27,-6.604,0.));
#287 = VECTOR('',#288,1.);
#288 = DIRECTION('',(-0.707106781187,0.707106781187,0.));
#289 = ORIENTED_EDGE('',*,*,#290,.T.);
#290 = EDGE_CURVE('',#283,#291,#293,.T.);
#291 = VERTEX_POINT('',#292);
#292 = CARTESIAN_POINT('',(1.27,-6.096,0.));
#293 = LINE('',#294,#295);
#294 = CARTESIAN_POINT('',(1.016,-6.35,0.));
#295 = VECTOR('',#296,1.);
#296 = DIRECTION('',(0.707106781187,0.707106781187,0.));
#297 = ORIENTED_EDGE('',*,*,#298,.T.);
#298 = EDGE_CURVE('',#291,#299,#301,.T.);
#299 = VERTEX_POINT('',#300);
#300 = CARTESIAN_POINT('',(1.27,-4.064,0.));
#301 = LINE('',#302,#303);
#302 = CARTESIAN_POINT('',(1.27,-6.096,0.));
#303 = VECTOR('',#304,1.);
#304 = DIRECTION('',(0.,1.,0.));
#305 = ORIENTED_EDGE('',*,*,#306,.T.);
#306 = EDGE_CURVE('',#299,#307,#309,.T.);
#307 = VERTEX_POINT('',#308);
#308 = CARTESIAN_POINT('',(1.016,-3.81,0.));
#309 = LINE('',#310,#311);
#310 = CARTESIAN_POINT('',(1.27,-4.064,0.));
#311 = VECTOR('',#312,1.);
#312 = DIRECTION('',(-0.707106781187,0.707106781187,0.));
#313 = ORIENTED_EDGE('',*,*,#314,.T.);
#314 = EDGE_CURVE('',#307,#315,#317,.T.);
#315 = VERTEX_POINT('',#316);
#316 = CARTESIAN_POINT('',(1.27,-3.556,0.));
#317 = LINE('',#318,#319);
#318 = CARTESIAN_POINT('',(1.016,-3.81,0.));
#319 = VECTOR('',#320,1.);
#320 = DIRECTION('',(0.707106781187,0.707106781187,0.));
#321 = ORIENTED_EDGE('',*,*,#322,.T.);
#322 = EDGE_CURVE('',#315,#323,#325,.T.);
#323 = VERTEX_POINT('',#324);
#324 = CARTESIAN_POINT('',(1.27,-1.524,0.));
#325 = LINE('',#326,#327);
#326 = CARTESIAN_POINT('',(1.27,-3.556,0.));
#327 = VECTOR('',#328,1.);
#328 = DIRECTION('',(0.,1.,0.));
#329 = ORIENTED_EDGE('',*,*,#330,.T.);
#330 = EDGE_CURVE('',#323,#331,#333,.T.);
#331 = VERTEX_POINT('',#332);
#332 = CARTESIAN_POINT('',(1.016,-1.27,0.));
#333 = LINE('',#334,#335);
#334 = CARTESIAN_POINT('',(1.27,-1.524,0.));
#335 = VECTOR('',#336,1.);
#336 = DIRECTION('',(-0.707106781187,0.707106781187,0.));
#337 = ORIENTED_EDGE('',*,*,#338,.T.);
#338 = EDGE_CURVE('',#331,#339,#341,.T.);
#339 = VERTEX_POINT('',#340);
#340 = CARTESIAN_POINT('',(1.27,-1.016,0.));
#341 = LINE('',#342,#343);
#342 = CARTESIAN_POINT('',(1.016,-1.27,0.));
#343 = VECTOR('',#344,1.);
#344 = DIRECTION('',(0.707106781187,0.707106781187,0.));
#345 = ORIENTED_EDGE('',*,*,#346,.T.);
#346 = EDGE_CURVE('',#339,#347,#349,.T.);
#347 = VERTEX_POINT('',#348);
#348 = CARTESIAN_POINT('',(1.27,1.016,0.));
#349 = LINE('',#350,#351);
#350 = CARTESIAN_POINT('',(1.27,-1.016,0.));
#351 = VECTOR('',#352,1.);
#352 = DIRECTION('',(0.,1.,0.));
#353 = ORIENTED_EDGE('',*,*,#354,.T.);
#354 = EDGE_CURVE('',#347,#115,#355,.T.);
#355 = LINE('',#356,#357);
#356 = CARTESIAN_POINT('',(1.27,1.016,0.));
#357 = VECTOR('',#358,1.);
#358 = DIRECTION('',(-0.707106781187,0.707106781187,0.));
#359 = ORIENTED_EDGE('',*,*,#131,.T.);
#360 = FACE_BOUND('',#361,.F.);
#361 = EDGE_LOOP('',(#362,#372,#380,#388));
#362 = ORIENTED_EDGE('',*,*,#363,.F.);
#363 = EDGE_CURVE('',#364,#366,#368,.T.);
#364 = VERTEX_POINT('',#365);
#365 = CARTESIAN_POINT('',(0.32,-4.76,0.));
#366 = VERTEX_POINT('',#367);
#367 = CARTESIAN_POINT('',(-0.32,-4.76,0.));
#368 = LINE('',#369,#370);
#369 = CARTESIAN_POINT('',(-0.16,-4.76,0.));
#370 = VECTOR('',#371,1.);
#371 = DIRECTION('',(-1.,0.,0.));
#372 = ORIENTED_EDGE('',*,*,#373,.F.);
#373 = EDGE_CURVE('',#374,#364,#376,.T.);
#374 = VERTEX_POINT('',#375);
#375 = CARTESIAN_POINT('',(0.32,-5.4,0.));
#376 = LINE('',#377,#378);
#377 = CARTESIAN_POINT('',(0.32,-4.605,0.));
#378 = VECTOR('',#379,1.);
#379 = DIRECTION('',(0.,1.,0.));
#380 = ORIENTED_EDGE('',*,*,#381,.T.);
#381 = EDGE_CURVE('',#374,#382,#384,.T.);
#382 = VERTEX_POINT('',#383);
#383 = CARTESIAN_POINT('',(-0.32,-5.4,0.));
#384 = LINE('',#385,#386);
#385 = CARTESIAN_POINT('',(-0.16,-5.4,0.));
#386 = VECTOR('',#387,1.);
#387 = DIRECTION('',(-1.,0.,0.));
#388 = ORIENTED_EDGE('',*,*,#389,.T.);
#389 = EDGE_CURVE('',#382,#366,#390,.T.);
#390 = LINE('',#391,#392);
#391 = CARTESIAN_POINT('',(-0.32,-4.605,0.));
#392 = VECTOR('',#393,1.);
#393 = DIRECTION('',(0.,1.,0.));
#394 = FACE_BOUND('',#395,.F.);
#395 = EDGE_LOOP('',(#396,#406,#414,#422));
#396 = ORIENTED_EDGE('',*,*,#397,.F.);
#397 = EDGE_CURVE('',#398,#400,#402,.T.);
#398 = VERTEX_POINT('',#399);
#399 = CARTESIAN_POINT('',(0.32,-7.94,0.));
#400 = VERTEX_POINT('',#401);
#401 = CARTESIAN_POINT('',(0.32,-7.3,0.));
#402 = LINE('',#403,#404);
#403 = CARTESIAN_POINT('',(0.32,-5.875,0.));
#404 = VECTOR('',#405,1.);
#405 = DIRECTION('',(0.,1.,0.));
#406 = ORIENTED_EDGE('',*,*,#407,.T.);
#407 = EDGE_CURVE('',#398,#408,#410,.T.);
#408 = VERTEX_POINT('',#409);
#409 = CARTESIAN_POINT('',(-0.32,-7.94,0.));
#410 = LINE('',#411,#412);
#411 = CARTESIAN_POINT('',(-0.16,-7.94,0.));
#412 = VECTOR('',#413,1.);
#413 = DIRECTION('',(-1.,0.,0.));
#414 = ORIENTED_EDGE('',*,*,#415,.T.);
#415 = EDGE_CURVE('',#408,#416,#418,.T.);
#416 = VERTEX_POINT('',#417);
#417 = CARTESIAN_POINT('',(-0.32,-7.3,0.));
#418 = LINE('',#419,#420);
#419 = CARTESIAN_POINT('',(-0.32,-5.875,0.));
#420 = VECTOR('',#421,1.);
#421 = DIRECTION('',(0.,1.,0.));
#422 = ORIENTED_EDGE('',*,*,#423,.F.);
#423 = EDGE_CURVE('',#400,#416,#424,.T.);
#424 = LINE('',#425,#426);
#425 = CARTESIAN_POINT('',(-0.16,-7.3,0.));
#426 = VECTOR('',#427,1.);
#427 = DIRECTION('',(-1.,0.,0.));
#428 = FACE_BOUND('',#429,.F.);
#429 = EDGE_LOOP('',(#430,#440,#448,#456));
#430 = ORIENTED_EDGE('',*,*,#431,.F.);
#431 = EDGE_CURVE('',#432,#434,#436,.T.);
#432 = VERTEX_POINT('',#433);
#433 = CARTESIAN_POINT('',(0.32,-0.32,0.));
#434 = VERTEX_POINT('',#435);
#435 = CARTESIAN_POINT('',(0.32,0.32,0.));
#436 = LINE('',#437,#438);
#437 = CARTESIAN_POINT('',(0.32,-2.065,0.));
#438 = VECTOR('',#439,1.);
#439 = DIRECTION('',(0.,1.,0.));
#440 = ORIENTED_EDGE('',*,*,#441,.T.);
#441 = EDGE_CURVE('',#432,#442,#444,.T.);
#442 = VERTEX_POINT('',#443);
#443 = CARTESIAN_POINT('',(-0.32,-0.32,0.));
#444 = LINE('',#445,#446);
#445 = CARTESIAN_POINT('',(-0.16,-0.32,0.));
#446 = VECTOR('',#447,1.);
#447 = DIRECTION('',(-1.,0.,0.));
#448 = ORIENTED_EDGE('',*,*,#449,.T.);
#449 = EDGE_CURVE('',#442,#450,#452,.T.);
#450 = VERTEX_POINT('',#451);
#451 = CARTESIAN_POINT('',(-0.32,0.32,0.));
#452 = LINE('',#453,#454);
#453 = CARTESIAN_POINT('',(-0.32,-2.065,0.));
#454 = VECTOR('',#455,1.);
#455 = DIRECTION('',(0.,1.,0.));
#456 = ORIENTED_EDGE('',*,*,#457,.F.);
#457 = EDGE_CURVE('',#434,#450,#458,.T.);
#458 = LINE('',#459,#460);
#459 = CARTESIAN_POINT('',(-0.16,0.32,0.));
#460 = VECTOR('',#461,1.);
#461 = DIRECTION('',(-1.,0.,0.));
#462 = FACE_BOUND('',#463,.F.);
#463 = EDGE_LOOP('',(#464,#474,#482,#490));
#464 = ORIENTED_EDGE('',*,*,#465,.F.);
#465 = EDGE_CURVE('',#466,#468,#470,.T.);
#466 = VERTEX_POINT('',#467);
#467 = CARTESIAN_POINT('',(0.32,-2.22,0.));
#468 = VERTEX_POINT('',#469);
#469 = CARTESIAN_POINT('',(-0.32,-2.22,0.));
#470 = LINE('',#471,#472);
#471 = CARTESIAN_POINT('',(-0.16,-2.22,0.));
#472 = VECTOR('',#473,1.);
#473 = DIRECTION('',(-1.,0.,0.));
#474 = ORIENTED_EDGE('',*,*,#475,.F.);
#475 = EDGE_CURVE('',#476,#466,#478,.T.);
#476 = VERTEX_POINT('',#477);
#477 = CARTESIAN_POINT('',(0.32,-2.86,0.));
#478 = LINE('',#479,#480);
#479 = CARTESIAN_POINT('',(0.32,-3.335,0.));
#480 = VECTOR('',#481,1.);
#481 = DIRECTION('',(0.,1.,0.));
#482 = ORIENTED_EDGE('',*,*,#483,.T.);
#483 = EDGE_CURVE('',#476,#484,#486,.T.);
#484 = VERTEX_POINT('',#485);
#485 = CARTESIAN_POINT('',(-0.32,-2.86,0.));
#486 = LINE('',#487,#488);
#487 = CARTESIAN_POINT('',(-0.16,-2.86,0.));
#488 = VECTOR('',#489,1.);
#489 = DIRECTION('',(-1.,0.,0.));
#490 = ORIENTED_EDGE('',*,*,#491,.T.);
#491 = EDGE_CURVE('',#484,#468,#492,.T.);
#492 = LINE('',#493,#494);
#493 = CARTESIAN_POINT('',(-0.32,-3.335,0.));
#494 = VECTOR('',#495,1.);
#495 = DIRECTION('',(0.,1.,0.));
#496 = PLANE('',#497);
#497 = AXIS2_PLACEMENT_3D('',#498,#499,#500);
#498 = CARTESIAN_POINT('',(4.259053689278E-17,-3.81,0.));
#499 = DIRECTION('',(0.,0.,1.));
#500 = DIRECTION('',(1.,0.,-0.));
#501 = ADVANCED_FACE('',(#502,#689,#723,#757,#791),#825,.T.);
#502 = FACE_BOUND('',#503,.T.);
#503 = EDGE_LOOP('',(#504,#505,#506,#514,#522,#530,#538,#546,#554,#562,
    #570,#578,#586,#594,#602,#610,#618,#626,#634,#642,#650,#658,#666,
    #674,#682,#688));
#504 = ORIENTED_EDGE('',*,*,#84,.T.);
#505 = ORIENTED_EDGE('',*,*,#146,.T.);
#506 = ORIENTED_EDGE('',*,*,#507,.T.);
#507 = EDGE_CURVE('',#147,#508,#510,.T.);
#508 = VERTEX_POINT('',#509);
#509 = CARTESIAN_POINT('',(-1.016,-1.27,2.54));
#510 = LINE('',#511,#512);
#511 = CARTESIAN_POINT('',(-1.27,-1.016,2.54));
#512 = VECTOR('',#513,1.);
#513 = DIRECTION('',(0.707106781187,-0.707106781187,0.));
#514 = ORIENTED_EDGE('',*,*,#515,.T.);
#515 = EDGE_CURVE('',#508,#516,#518,.T.);
#516 = VERTEX_POINT('',#517);
#517 = CARTESIAN_POINT('',(-1.27,-1.524,2.54));
#518 = LINE('',#519,#520);
#519 = CARTESIAN_POINT('',(-1.016,-1.27,2.54));
#520 = VECTOR('',#521,1.);
#521 = DIRECTION('',(-0.707106781187,-0.707106781187,0.));
#522 = ORIENTED_EDGE('',*,*,#523,.T.);
#523 = EDGE_CURVE('',#516,#524,#526,.T.);
#524 = VERTEX_POINT('',#525);
#525 = CARTESIAN_POINT('',(-1.27,-3.556,2.54));
#526 = LINE('',#527,#528);
#527 = CARTESIAN_POINT('',(-1.27,-1.524,2.54));
#528 = VECTOR('',#529,1.);
#529 = DIRECTION('',(0.,-1.,0.));
#530 = ORIENTED_EDGE('',*,*,#531,.T.);
#531 = EDGE_CURVE('',#524,#532,#534,.T.);
#532 = VERTEX_POINT('',#533);
#533 = CARTESIAN_POINT('',(-1.016,-3.81,2.54));
#534 = LINE('',#535,#536);
#535 = CARTESIAN_POINT('',(-1.27,-3.556,2.54));
#536 = VECTOR('',#537,1.);
#537 = DIRECTION('',(0.707106781187,-0.707106781187,0.));
#538 = ORIENTED_EDGE('',*,*,#539,.T.);
#539 = EDGE_CURVE('',#532,#540,#542,.T.);
#540 = VERTEX_POINT('',#541);
#541 = CARTESIAN_POINT('',(-1.27,-4.064,2.54));
#542 = LINE('',#543,#544);
#543 = CARTESIAN_POINT('',(-1.016,-3.81,2.54));
#544 = VECTOR('',#545,1.);
#545 = DIRECTION('',(-0.707106781187,-0.707106781187,0.));
#546 = ORIENTED_EDGE('',*,*,#547,.T.);
#547 = EDGE_CURVE('',#540,#548,#550,.T.);
#548 = VERTEX_POINT('',#549);
#549 = CARTESIAN_POINT('',(-1.27,-6.096,2.54));
#550 = LINE('',#551,#552);
#551 = CARTESIAN_POINT('',(-1.27,-4.064,2.54));
#552 = VECTOR('',#553,1.);
#553 = DIRECTION('',(0.,-1.,0.));
#554 = ORIENTED_EDGE('',*,*,#555,.T.);
#555 = EDGE_CURVE('',#548,#556,#558,.T.);
#556 = VERTEX_POINT('',#557);
#557 = CARTESIAN_POINT('',(-1.016,-6.35,2.54));
#558 = LINE('',#559,#560);
#559 = CARTESIAN_POINT('',(-1.27,-6.096,2.54));
#560 = VECTOR('',#561,1.);
#561 = DIRECTION('',(0.707106781187,-0.707106781187,0.));
#562 = ORIENTED_EDGE('',*,*,#563,.T.);
#563 = EDGE_CURVE('',#556,#564,#566,.T.);
#564 = VERTEX_POINT('',#565);
#565 = CARTESIAN_POINT('',(-1.27,-6.604,2.54));
#566 = LINE('',#567,#568);
#567 = CARTESIAN_POINT('',(-1.016,-6.35,2.54));
#568 = VECTOR('',#569,1.);
#569 = DIRECTION('',(-0.707106781187,-0.707106781187,0.));
#570 = ORIENTED_EDGE('',*,*,#571,.T.);
#571 = EDGE_CURVE('',#564,#572,#574,.T.);
#572 = VERTEX_POINT('',#573);
#573 = CARTESIAN_POINT('',(-1.27,-8.636,2.54));
#574 = LINE('',#575,#576);
#575 = CARTESIAN_POINT('',(-1.27,-6.604,2.54));
#576 = VECTOR('',#577,1.);
#577 = DIRECTION('',(0.,-1.,0.));
#578 = ORIENTED_EDGE('',*,*,#579,.T.);
#579 = EDGE_CURVE('',#572,#580,#582,.T.);
#580 = VERTEX_POINT('',#581);
#581 = CARTESIAN_POINT('',(-1.016,-8.89,2.54));
#582 = LINE('',#583,#584);
#583 = CARTESIAN_POINT('',(-1.27,-8.636,2.54));
#584 = VECTOR('',#585,1.);
#585 = DIRECTION('',(0.707106781187,-0.707106781187,0.));
#586 = ORIENTED_EDGE('',*,*,#587,.T.);
#587 = EDGE_CURVE('',#580,#588,#590,.T.);
#588 = VERTEX_POINT('',#589);
#589 = CARTESIAN_POINT('',(1.016,-8.89,2.54));
#590 = LINE('',#591,#592);
#591 = CARTESIAN_POINT('',(-1.016,-8.89,2.54));
#592 = VECTOR('',#593,1.);
#593 = DIRECTION('',(1.,0.,0.));
#594 = ORIENTED_EDGE('',*,*,#595,.T.);
#595 = EDGE_CURVE('',#588,#596,#598,.T.);
#596 = VERTEX_POINT('',#597);
#597 = CARTESIAN_POINT('',(1.27,-8.636,2.54));
#598 = LINE('',#599,#600);
#599 = CARTESIAN_POINT('',(1.016,-8.89,2.54));
#600 = VECTOR('',#601,1.);
#601 = DIRECTION('',(0.707106781187,0.707106781187,0.));
#602 = ORIENTED_EDGE('',*,*,#603,.T.);
#603 = EDGE_CURVE('',#596,#604,#606,.T.);
#604 = VERTEX_POINT('',#605);
#605 = CARTESIAN_POINT('',(1.27,-6.604,2.54));
#606 = LINE('',#607,#608);
#607 = CARTESIAN_POINT('',(1.27,-8.636,2.54));
#608 = VECTOR('',#609,1.);
#609 = DIRECTION('',(0.,1.,0.));
#610 = ORIENTED_EDGE('',*,*,#611,.T.);
#611 = EDGE_CURVE('',#604,#612,#614,.T.);
#612 = VERTEX_POINT('',#613);
#613 = CARTESIAN_POINT('',(1.016,-6.35,2.54));
#614 = LINE('',#615,#616);
#615 = CARTESIAN_POINT('',(1.27,-6.604,2.54));
#616 = VECTOR('',#617,1.);
#617 = DIRECTION('',(-0.707106781187,0.707106781187,0.));
#618 = ORIENTED_EDGE('',*,*,#619,.T.);
#619 = EDGE_CURVE('',#612,#620,#622,.T.);
#620 = VERTEX_POINT('',#621);
#621 = CARTESIAN_POINT('',(1.27,-6.096,2.54));
#622 = LINE('',#623,#624);
#623 = CARTESIAN_POINT('',(1.016,-6.35,2.54));
#624 = VECTOR('',#625,1.);
#625 = DIRECTION('',(0.707106781187,0.707106781187,0.));
#626 = ORIENTED_EDGE('',*,*,#627,.T.);
#627 = EDGE_CURVE('',#620,#628,#630,.T.);
#628 = VERTEX_POINT('',#629);
#629 = CARTESIAN_POINT('',(1.27,-4.064,2.54));
#630 = LINE('',#631,#632);
#631 = CARTESIAN_POINT('',(1.27,-6.096,2.54));
#632 = VECTOR('',#633,1.);
#633 = DIRECTION('',(0.,1.,0.));
#634 = ORIENTED_EDGE('',*,*,#635,.T.);
#635 = EDGE_CURVE('',#628,#636,#638,.T.);
#636 = VERTEX_POINT('',#637);
#637 = CARTESIAN_POINT('',(1.016,-3.81,2.54));
#638 = LINE('',#639,#640);
#639 = CARTESIAN_POINT('',(1.27,-4.064,2.54));
#640 = VECTOR('',#641,1.);
#641 = DIRECTION('',(-0.707106781187,0.707106781187,0.));
#642 = ORIENTED_EDGE('',*,*,#643,.T.);
#643 = EDGE_CURVE('',#636,#644,#646,.T.);
#644 = VERTEX_POINT('',#645);
#645 = CARTESIAN_POINT('',(1.27,-3.556,2.54));
#646 = LINE('',#647,#648);
#647 = CARTESIAN_POINT('',(1.016,-3.81,2.54));
#648 = VECTOR('',#649,1.);
#649 = DIRECTION('',(0.707106781187,0.707106781187,0.));
#650 = ORIENTED_EDGE('',*,*,#651,.T.);
#651 = EDGE_CURVE('',#644,#652,#654,.T.);
#652 = VERTEX_POINT('',#653);
#653 = CARTESIAN_POINT('',(1.27,-1.524,2.54));
#654 = LINE('',#655,#656);
#655 = CARTESIAN_POINT('',(1.27,-3.556,2.54));
#656 = VECTOR('',#657,1.);
#657 = DIRECTION('',(0.,1.,0.));
#658 = ORIENTED_EDGE('',*,*,#659,.T.);
#659 = EDGE_CURVE('',#652,#660,#662,.T.);
#660 = VERTEX_POINT('',#661);
#661 = CARTESIAN_POINT('',(1.016,-1.27,2.54));
#662 = LINE('',#663,#664);
#663 = CARTESIAN_POINT('',(1.27,-1.524,2.54));
#664 = VECTOR('',#665,1.);
#665 = DIRECTION('',(-0.707106781187,0.707106781187,0.));
#666 = ORIENTED_EDGE('',*,*,#667,.T.);
#667 = EDGE_CURVE('',#660,#668,#670,.T.);
#668 = VERTEX_POINT('',#669);
#669 = CARTESIAN_POINT('',(1.27,-1.016,2.54));
#670 = LINE('',#671,#672);
#671 = CARTESIAN_POINT('',(1.016,-1.27,2.54));
#672 = VECTOR('',#673,1.);
#673 = DIRECTION('',(0.707106781187,0.707106781187,0.));
#674 = ORIENTED_EDGE('',*,*,#675,.T.);
#675 = EDGE_CURVE('',#668,#676,#678,.T.);
#676 = VERTEX_POINT('',#677);
#677 = CARTESIAN_POINT('',(1.27,1.016,2.54));
#678 = LINE('',#679,#680);
#679 = CARTESIAN_POINT('',(1.27,-1.016,2.54));
#680 = VECTOR('',#681,1.);
#681 = DIRECTION('',(0.,1.,0.));
#682 = ORIENTED_EDGE('',*,*,#683,.T.);
#683 = EDGE_CURVE('',#676,#117,#684,.T.);
#684 = LINE('',#685,#686);
#685 = CARTESIAN_POINT('',(1.27,1.016,2.54));
#686 = VECTOR('',#687,1.);
#687 = DIRECTION('',(-0.707106781187,0.707106781187,0.));
#688 = ORIENTED_EDGE('',*,*,#124,.T.);
#689 = FACE_BOUND('',#690,.T.);
#690 = EDGE_LOOP('',(#691,#701,#709,#717));
#691 = ORIENTED_EDGE('',*,*,#692,.F.);
#692 = EDGE_CURVE('',#693,#695,#697,.T.);
#693 = VERTEX_POINT('',#694);
#694 = CARTESIAN_POINT('',(0.32,-4.76,2.54));
#695 = VERTEX_POINT('',#696);
#696 = CARTESIAN_POINT('',(-0.32,-4.76,2.54));
#697 = LINE('',#698,#699);
#698 = CARTESIAN_POINT('',(-0.16,-4.76,2.54));
#699 = VECTOR('',#700,1.);
#700 = DIRECTION('',(-1.,0.,0.));
#701 = ORIENTED_EDGE('',*,*,#702,.F.);
#702 = EDGE_CURVE('',#703,#693,#705,.T.);
#703 = VERTEX_POINT('',#704);
#704 = CARTESIAN_POINT('',(0.32,-5.4,2.54));
#705 = LINE('',#706,#707);
#706 = CARTESIAN_POINT('',(0.32,-4.605,2.54));
#707 = VECTOR('',#708,1.);
#708 = DIRECTION('',(0.,1.,0.));
#709 = ORIENTED_EDGE('',*,*,#710,.T.);
#710 = EDGE_CURVE('',#703,#711,#713,.T.);
#711 = VERTEX_POINT('',#712);
#712 = CARTESIAN_POINT('',(-0.32,-5.4,2.54));
#713 = LINE('',#714,#715);
#714 = CARTESIAN_POINT('',(-0.16,-5.4,2.54));
#715 = VECTOR('',#716,1.);
#716 = DIRECTION('',(-1.,0.,0.));
#717 = ORIENTED_EDGE('',*,*,#718,.T.);
#718 = EDGE_CURVE('',#711,#695,#719,.T.);
#719 = LINE('',#720,#721);
#720 = CARTESIAN_POINT('',(-0.32,-4.605,2.54));
#721 = VECTOR('',#722,1.);
#722 = DIRECTION('',(0.,1.,0.));
#723 = FACE_BOUND('',#724,.T.);
#724 = EDGE_LOOP('',(#725,#735,#743,#751));
#725 = ORIENTED_EDGE('',*,*,#726,.F.);
#726 = EDGE_CURVE('',#727,#729,#731,.T.);
#727 = VERTEX_POINT('',#728);
#728 = CARTESIAN_POINT('',(0.32,-7.94,2.54));
#729 = VERTEX_POINT('',#730);
#730 = CARTESIAN_POINT('',(0.32,-7.3,2.54));
#731 = LINE('',#732,#733);
#732 = CARTESIAN_POINT('',(0.32,-5.875,2.54));
#733 = VECTOR('',#734,1.);
#734 = DIRECTION('',(0.,1.,0.));
#735 = ORIENTED_EDGE('',*,*,#736,.T.);
#736 = EDGE_CURVE('',#727,#737,#739,.T.);
#737 = VERTEX_POINT('',#738);
#738 = CARTESIAN_POINT('',(-0.32,-7.94,2.54));
#739 = LINE('',#740,#741);
#740 = CARTESIAN_POINT('',(-0.16,-7.94,2.54));
#741 = VECTOR('',#742,1.);
#742 = DIRECTION('',(-1.,0.,0.));
#743 = ORIENTED_EDGE('',*,*,#744,.T.);
#744 = EDGE_CURVE('',#737,#745,#747,.T.);
#745 = VERTEX_POINT('',#746);
#746 = CARTESIAN_POINT('',(-0.32,-7.3,2.54));
#747 = LINE('',#748,#749);
#748 = CARTESIAN_POINT('',(-0.32,-5.875,2.54));
#749 = VECTOR('',#750,1.);
#750 = DIRECTION('',(0.,1.,0.));
#751 = ORIENTED_EDGE('',*,*,#752,.F.);
#752 = EDGE_CURVE('',#729,#745,#753,.T.);
#753 = LINE('',#754,#755);
#754 = CARTESIAN_POINT('',(-0.16,-7.3,2.54));
#755 = VECTOR('',#756,1.);
#756 = DIRECTION('',(-1.,0.,0.));
#757 = FACE_BOUND('',#758,.T.);
#758 = EDGE_LOOP('',(#759,#769,#777,#785));
#759 = ORIENTED_EDGE('',*,*,#760,.F.);
#760 = EDGE_CURVE('',#761,#763,#765,.T.);
#761 = VERTEX_POINT('',#762);
#762 = CARTESIAN_POINT('',(0.32,-0.32,2.54));
#763 = VERTEX_POINT('',#764);
#764 = CARTESIAN_POINT('',(0.32,0.32,2.54));
#765 = LINE('',#766,#767);
#766 = CARTESIAN_POINT('',(0.32,-2.065,2.54));
#767 = VECTOR('',#768,1.);
#768 = DIRECTION('',(0.,1.,0.));
#769 = ORIENTED_EDGE('',*,*,#770,.T.);
#770 = EDGE_CURVE('',#761,#771,#773,.T.);
#771 = VERTEX_POINT('',#772);
#772 = CARTESIAN_POINT('',(-0.32,-0.32,2.54));
#773 = LINE('',#774,#775);
#774 = CARTESIAN_POINT('',(-0.16,-0.32,2.54));
#775 = VECTOR('',#776,1.);
#776 = DIRECTION('',(-1.,0.,0.));
#777 = ORIENTED_EDGE('',*,*,#778,.T.);
#778 = EDGE_CURVE('',#771,#779,#781,.T.);
#779 = VERTEX_POINT('',#780);
#780 = CARTESIAN_POINT('',(-0.32,0.32,2.54));
#781 = LINE('',#782,#783);
#782 = CARTESIAN_POINT('',(-0.32,-2.065,2.54));
#783 = VECTOR('',#784,1.);
#784 = DIRECTION('',(0.,1.,0.));
#785 = ORIENTED_EDGE('',*,*,#786,.F.);
#786 = EDGE_CURVE('',#763,#779,#787,.T.);
#787 = LINE('',#788,#789);
#788 = CARTESIAN_POINT('',(-0.16,0.32,2.54));
#789 = VECTOR('',#790,1.);
#790 = DIRECTION('',(-1.,0.,0.));
#791 = FACE_BOUND('',#792,.T.);
#792 = EDGE_LOOP('',(#793,#803,#811,#819));
#793 = ORIENTED_EDGE('',*,*,#794,.F.);
#794 = EDGE_CURVE('',#795,#797,#799,.T.);
#795 = VERTEX_POINT('',#796);
#796 = CARTESIAN_POINT('',(0.32,-2.22,2.54));
#797 = VERTEX_POINT('',#798);
#798 = CARTESIAN_POINT('',(-0.32,-2.22,2.54));
#799 = LINE('',#800,#801);
#800 = CARTESIAN_POINT('',(-0.16,-2.22,2.54));
#801 = VECTOR('',#802,1.);
#802 = DIRECTION('',(-1.,0.,0.));
#803 = ORIENTED_EDGE('',*,*,#804,.F.);
#804 = EDGE_CURVE('',#805,#795,#807,.T.);
#805 = VERTEX_POINT('',#806);
#806 = CARTESIAN_POINT('',(0.32,-2.86,2.54));
#807 = LINE('',#808,#809);
#808 = CARTESIAN_POINT('',(0.32,-3.335,2.54));
#809 = VECTOR('',#810,1.);
#810 = DIRECTION('',(0.,1.,0.));
#811 = ORIENTED_EDGE('',*,*,#812,.T.);
#812 = EDGE_CURVE('',#805,#813,#815,.T.);
#813 = VERTEX_POINT('',#814);
#814 = CARTESIAN_POINT('',(-0.32,-2.86,2.54));
#815 = LINE('',#816,#817);
#816 = CARTESIAN_POINT('',(-0.16,-2.86,2.54));
#817 = VECTOR('',#818,1.);
#818 = DIRECTION('',(-1.,0.,0.));
#819 = ORIENTED_EDGE('',*,*,#820,.T.);
#820 = EDGE_CURVE('',#813,#797,#821,.T.);
#821 = LINE('',#822,#823);
#822 = CARTESIAN_POINT('',(-0.32,-3.335,2.54));
#823 = VECTOR('',#824,1.);
#824 = DIRECTION('',(0.,1.,0.));
#825 = PLANE('',#826);
#826 = AXIS2_PLACEMENT_3D('',#827,#828,#829);
#827 = CARTESIAN_POINT('',(4.259053689278E-17,-3.81,2.54));
#828 = DIRECTION('',(0.,0.,1.));
#829 = DIRECTION('',(1.,0.,-0.));
#830 = ADVANCED_FACE('',(#831),#842,.F.);
#831 = FACE_BOUND('',#832,.F.);
#832 = EDGE_LOOP('',(#833,#839,#840,#841));
#833 = ORIENTED_EDGE('',*,*,#834,.T.);
#834 = EDGE_CURVE('',#347,#676,#835,.T.);
#835 = LINE('',#836,#837);
#836 = CARTESIAN_POINT('',(1.27,1.016,0.));
#837 = VECTOR('',#838,1.);
#838 = DIRECTION('',(0.,0.,1.));
#839 = ORIENTED_EDGE('',*,*,#683,.T.);
#840 = ORIENTED_EDGE('',*,*,#114,.F.);
#841 = ORIENTED_EDGE('',*,*,#354,.F.);
#842 = PLANE('',#843);
#843 = AXIS2_PLACEMENT_3D('',#844,#845,#846);
#844 = CARTESIAN_POINT('',(1.27,1.016,0.));
#845 = DIRECTION('',(-0.707106781187,-0.707106781187,0.));
#846 = DIRECTION('',(-0.707106781187,0.707106781187,0.));
#847 = ADVANCED_FACE('',(#848),#859,.F.);
#848 = FACE_BOUND('',#849,.F.);
#849 = EDGE_LOOP('',(#850,#851,#852,#858));
#850 = ORIENTED_EDGE('',*,*,#154,.T.);
#851 = ORIENTED_EDGE('',*,*,#507,.T.);
#852 = ORIENTED_EDGE('',*,*,#853,.F.);
#853 = EDGE_CURVE('',#179,#508,#854,.T.);
#854 = LINE('',#855,#856);
#855 = CARTESIAN_POINT('',(-1.016,-1.27,0.));
#856 = VECTOR('',#857,1.);
#857 = DIRECTION('',(0.,0.,1.));
#858 = ORIENTED_EDGE('',*,*,#178,.F.);
#859 = PLANE('',#860);
#860 = AXIS2_PLACEMENT_3D('',#861,#862,#863);
#861 = CARTESIAN_POINT('',(-1.27,-1.016,0.));
#862 = DIRECTION('',(0.707106781187,0.707106781187,0.));
#863 = DIRECTION('',(0.707106781187,-0.707106781187,0.));
#864 = ADVANCED_FACE('',(#865),#876,.F.);
#865 = FACE_BOUND('',#866,.F.);
#866 = EDGE_LOOP('',(#867,#873,#874,#875));
#867 = ORIENTED_EDGE('',*,*,#868,.T.);
#868 = EDGE_CURVE('',#339,#668,#869,.T.);
#869 = LINE('',#870,#871);
#870 = CARTESIAN_POINT('',(1.27,-1.016,0.));
#871 = VECTOR('',#872,1.);
#872 = DIRECTION('',(0.,0.,1.));
#873 = ORIENTED_EDGE('',*,*,#675,.T.);
#874 = ORIENTED_EDGE('',*,*,#834,.F.);
#875 = ORIENTED_EDGE('',*,*,#346,.F.);
#876 = PLANE('',#877);
#877 = AXIS2_PLACEMENT_3D('',#878,#879,#880);
#878 = CARTESIAN_POINT('',(1.27,-1.016,0.));
#879 = DIRECTION('',(-1.,0.,0.));
#880 = DIRECTION('',(0.,1.,0.));
#881 = ADVANCED_FACE('',(#882),#893,.F.);
#882 = FACE_BOUND('',#883,.F.);
#883 = EDGE_LOOP('',(#884,#885,#886,#892));
#884 = ORIENTED_EDGE('',*,*,#853,.T.);
#885 = ORIENTED_EDGE('',*,*,#515,.T.);
#886 = ORIENTED_EDGE('',*,*,#887,.F.);
#887 = EDGE_CURVE('',#187,#516,#888,.T.);
#888 = LINE('',#889,#890);
#889 = CARTESIAN_POINT('',(-1.27,-1.524,0.));
#890 = VECTOR('',#891,1.);
#891 = DIRECTION('',(0.,0.,1.));
#892 = ORIENTED_EDGE('',*,*,#186,.F.);
#893 = PLANE('',#894);
#894 = AXIS2_PLACEMENT_3D('',#895,#896,#897);
#895 = CARTESIAN_POINT('',(-1.016,-1.27,0.));
#896 = DIRECTION('',(0.707106781187,-0.707106781187,0.));
#897 = DIRECTION('',(-0.707106781187,-0.707106781187,0.));
#898 = ADVANCED_FACE('',(#899),#910,.F.);
#899 = FACE_BOUND('',#900,.F.);
#900 = EDGE_LOOP('',(#901,#907,#908,#909));
#901 = ORIENTED_EDGE('',*,*,#902,.T.);
#902 = EDGE_CURVE('',#331,#660,#903,.T.);
#903 = LINE('',#904,#905);
#904 = CARTESIAN_POINT('',(1.016,-1.27,0.));
#905 = VECTOR('',#906,1.);
#906 = DIRECTION('',(0.,0.,1.));
#907 = ORIENTED_EDGE('',*,*,#667,.T.);
#908 = ORIENTED_EDGE('',*,*,#868,.F.);
#909 = ORIENTED_EDGE('',*,*,#338,.F.);
#910 = PLANE('',#911);
#911 = AXIS2_PLACEMENT_3D('',#912,#913,#914);
#912 = CARTESIAN_POINT('',(1.016,-1.27,0.));
#913 = DIRECTION('',(-0.707106781187,0.707106781187,0.));
#914 = DIRECTION('',(0.707106781187,0.707106781187,0.));
#915 = ADVANCED_FACE('',(#916),#927,.F.);
#916 = FACE_BOUND('',#917,.F.);
#917 = EDGE_LOOP('',(#918,#919,#920,#926));
#918 = ORIENTED_EDGE('',*,*,#887,.T.);
#919 = ORIENTED_EDGE('',*,*,#523,.T.);
#920 = ORIENTED_EDGE('',*,*,#921,.F.);
#921 = EDGE_CURVE('',#195,#524,#922,.T.);
#922 = LINE('',#923,#924);
#923 = CARTESIAN_POINT('',(-1.27,-3.556,0.));
#924 = VECTOR('',#925,1.);
#925 = DIRECTION('',(0.,0.,1.));
#926 = ORIENTED_EDGE('',*,*,#194,.F.);
#927 = PLANE('',#928);
#928 = AXIS2_PLACEMENT_3D('',#929,#930,#931);
#929 = CARTESIAN_POINT('',(-1.27,-1.524,0.));
#930 = DIRECTION('',(1.,0.,0.));
#931 = DIRECTION('',(0.,-1.,0.));
#932 = ADVANCED_FACE('',(#933),#944,.F.);
#933 = FACE_BOUND('',#934,.F.);
#934 = EDGE_LOOP('',(#935,#941,#942,#943));
#935 = ORIENTED_EDGE('',*,*,#936,.T.);
#936 = EDGE_CURVE('',#323,#652,#937,.T.);
#937 = LINE('',#938,#939);
#938 = CARTESIAN_POINT('',(1.27,-1.524,0.));
#939 = VECTOR('',#940,1.);
#940 = DIRECTION('',(0.,0.,1.));
#941 = ORIENTED_EDGE('',*,*,#659,.T.);
#942 = ORIENTED_EDGE('',*,*,#902,.F.);
#943 = ORIENTED_EDGE('',*,*,#330,.F.);
#944 = PLANE('',#945);
#945 = AXIS2_PLACEMENT_3D('',#946,#947,#948);
#946 = CARTESIAN_POINT('',(1.27,-1.524,0.));
#947 = DIRECTION('',(-0.707106781187,-0.707106781187,0.));
#948 = DIRECTION('',(-0.707106781187,0.707106781187,0.));
#949 = ADVANCED_FACE('',(#950),#961,.F.);
#950 = FACE_BOUND('',#951,.F.);
#951 = EDGE_LOOP('',(#952,#953,#954,#960));
#952 = ORIENTED_EDGE('',*,*,#921,.T.);
#953 = ORIENTED_EDGE('',*,*,#531,.T.);
#954 = ORIENTED_EDGE('',*,*,#955,.F.);
#955 = EDGE_CURVE('',#203,#532,#956,.T.);
#956 = LINE('',#957,#958);
#957 = CARTESIAN_POINT('',(-1.016,-3.81,0.));
#958 = VECTOR('',#959,1.);
#959 = DIRECTION('',(0.,0.,1.));
#960 = ORIENTED_EDGE('',*,*,#202,.F.);
#961 = PLANE('',#962);
#962 = AXIS2_PLACEMENT_3D('',#963,#964,#965);
#963 = CARTESIAN_POINT('',(-1.27,-3.556,0.));
#964 = DIRECTION('',(0.707106781187,0.707106781187,0.));
#965 = DIRECTION('',(0.707106781187,-0.707106781187,0.));
#966 = ADVANCED_FACE('',(#967),#978,.F.);
#967 = FACE_BOUND('',#968,.F.);
#968 = EDGE_LOOP('',(#969,#975,#976,#977));
#969 = ORIENTED_EDGE('',*,*,#970,.T.);
#970 = EDGE_CURVE('',#315,#644,#971,.T.);
#971 = LINE('',#972,#973);
#972 = CARTESIAN_POINT('',(1.27,-3.556,0.));
#973 = VECTOR('',#974,1.);
#974 = DIRECTION('',(0.,0.,1.));
#975 = ORIENTED_EDGE('',*,*,#651,.T.);
#976 = ORIENTED_EDGE('',*,*,#936,.F.);
#977 = ORIENTED_EDGE('',*,*,#322,.F.);
#978 = PLANE('',#979);
#979 = AXIS2_PLACEMENT_3D('',#980,#981,#982);
#980 = CARTESIAN_POINT('',(1.27,-3.556,0.));
#981 = DIRECTION('',(-1.,0.,0.));
#982 = DIRECTION('',(0.,1.,0.));
#983 = ADVANCED_FACE('',(#984),#995,.F.);
#984 = FACE_BOUND('',#985,.F.);
#985 = EDGE_LOOP('',(#986,#987,#988,#994));
#986 = ORIENTED_EDGE('',*,*,#955,.T.);
#987 = ORIENTED_EDGE('',*,*,#539,.T.);
#988 = ORIENTED_EDGE('',*,*,#989,.F.);
#989 = EDGE_CURVE('',#211,#540,#990,.T.);
#990 = LINE('',#991,#992);
#991 = CARTESIAN_POINT('',(-1.27,-4.064,0.));
#992 = VECTOR('',#993,1.);
#993 = DIRECTION('',(0.,0.,1.));
#994 = ORIENTED_EDGE('',*,*,#210,.F.);
#995 = PLANE('',#996);
#996 = AXIS2_PLACEMENT_3D('',#997,#998,#999);
#997 = CARTESIAN_POINT('',(-1.016,-3.81,0.));
#998 = DIRECTION('',(0.707106781187,-0.707106781187,0.));
#999 = DIRECTION('',(-0.707106781187,-0.707106781187,0.));
#1000 = ADVANCED_FACE('',(#1001),#1012,.F.);
#1001 = FACE_BOUND('',#1002,.F.);
#1002 = EDGE_LOOP('',(#1003,#1009,#1010,#1011));
#1003 = ORIENTED_EDGE('',*,*,#1004,.T.);
#1004 = EDGE_CURVE('',#307,#636,#1005,.T.);
#1005 = LINE('',#1006,#1007);
#1006 = CARTESIAN_POINT('',(1.016,-3.81,0.));
#1007 = VECTOR('',#1008,1.);
#1008 = DIRECTION('',(0.,0.,1.));
#1009 = ORIENTED_EDGE('',*,*,#643,.T.);
#1010 = ORIENTED_EDGE('',*,*,#970,.F.);
#1011 = ORIENTED_EDGE('',*,*,#314,.F.);
#1012 = PLANE('',#1013);
#1013 = AXIS2_PLACEMENT_3D('',#1014,#1015,#1016);
#1014 = CARTESIAN_POINT('',(1.016,-3.81,0.));
#1015 = DIRECTION('',(-0.707106781187,0.707106781187,0.));
#1016 = DIRECTION('',(0.707106781187,0.707106781187,0.));
#1017 = ADVANCED_FACE('',(#1018),#1029,.F.);
#1018 = FACE_BOUND('',#1019,.F.);
#1019 = EDGE_LOOP('',(#1020,#1021,#1022,#1028));
#1020 = ORIENTED_EDGE('',*,*,#989,.T.);
#1021 = ORIENTED_EDGE('',*,*,#547,.T.);
#1022 = ORIENTED_EDGE('',*,*,#1023,.F.);
#1023 = EDGE_CURVE('',#219,#548,#1024,.T.);
#1024 = LINE('',#1025,#1026);
#1025 = CARTESIAN_POINT('',(-1.27,-6.096,0.));
#1026 = VECTOR('',#1027,1.);
#1027 = DIRECTION('',(0.,0.,1.));
#1028 = ORIENTED_EDGE('',*,*,#218,.F.);
#1029 = PLANE('',#1030);
#1030 = AXIS2_PLACEMENT_3D('',#1031,#1032,#1033);
#1031 = CARTESIAN_POINT('',(-1.27,-4.064,0.));
#1032 = DIRECTION('',(1.,0.,0.));
#1033 = DIRECTION('',(0.,-1.,0.));
#1034 = ADVANCED_FACE('',(#1035),#1046,.F.);
#1035 = FACE_BOUND('',#1036,.F.);
#1036 = EDGE_LOOP('',(#1037,#1043,#1044,#1045));
#1037 = ORIENTED_EDGE('',*,*,#1038,.T.);
#1038 = EDGE_CURVE('',#299,#628,#1039,.T.);
#1039 = LINE('',#1040,#1041);
#1040 = CARTESIAN_POINT('',(1.27,-4.064,0.));
#1041 = VECTOR('',#1042,1.);
#1042 = DIRECTION('',(0.,0.,1.));
#1043 = ORIENTED_EDGE('',*,*,#635,.T.);
#1044 = ORIENTED_EDGE('',*,*,#1004,.F.);
#1045 = ORIENTED_EDGE('',*,*,#306,.F.);
#1046 = PLANE('',#1047);
#1047 = AXIS2_PLACEMENT_3D('',#1048,#1049,#1050);
#1048 = CARTESIAN_POINT('',(1.27,-4.064,0.));
#1049 = DIRECTION('',(-0.707106781187,-0.707106781187,0.));
#1050 = DIRECTION('',(-0.707106781187,0.707106781187,0.));
#1051 = ADVANCED_FACE('',(#1052),#1063,.F.);
#1052 = FACE_BOUND('',#1053,.F.);
#1053 = EDGE_LOOP('',(#1054,#1055,#1056,#1062));
#1054 = ORIENTED_EDGE('',*,*,#1023,.T.);
#1055 = ORIENTED_EDGE('',*,*,#555,.T.);
#1056 = ORIENTED_EDGE('',*,*,#1057,.F.);
#1057 = EDGE_CURVE('',#227,#556,#1058,.T.);
#1058 = LINE('',#1059,#1060);
#1059 = CARTESIAN_POINT('',(-1.016,-6.35,0.));
#1060 = VECTOR('',#1061,1.);
#1061 = DIRECTION('',(0.,0.,1.));
#1062 = ORIENTED_EDGE('',*,*,#226,.F.);
#1063 = PLANE('',#1064);
#1064 = AXIS2_PLACEMENT_3D('',#1065,#1066,#1067);
#1065 = CARTESIAN_POINT('',(-1.27,-6.096,0.));
#1066 = DIRECTION('',(0.707106781187,0.707106781187,0.));
#1067 = DIRECTION('',(0.707106781187,-0.707106781187,0.));
#1068 = ADVANCED_FACE('',(#1069),#1080,.F.);
#1069 = FACE_BOUND('',#1070,.F.);
#1070 = EDGE_LOOP('',(#1071,#1077,#1078,#1079));
#1071 = ORIENTED_EDGE('',*,*,#1072,.T.);
#1072 = EDGE_CURVE('',#291,#620,#1073,.T.);
#1073 = LINE('',#1074,#1075);
#1074 = CARTESIAN_POINT('',(1.27,-6.096,0.));
#1075 = VECTOR('',#1076,1.);
#1076 = DIRECTION('',(0.,0.,1.));
#1077 = ORIENTED_EDGE('',*,*,#627,.T.);
#1078 = ORIENTED_EDGE('',*,*,#1038,.F.);
#1079 = ORIENTED_EDGE('',*,*,#298,.F.);
#1080 = PLANE('',#1081);
#1081 = AXIS2_PLACEMENT_3D('',#1082,#1083,#1084);
#1082 = CARTESIAN_POINT('',(1.27,-6.096,0.));
#1083 = DIRECTION('',(-1.,0.,0.));
#1084 = DIRECTION('',(0.,1.,0.));
#1085 = ADVANCED_FACE('',(#1086),#1097,.F.);
#1086 = FACE_BOUND('',#1087,.F.);
#1087 = EDGE_LOOP('',(#1088,#1089,#1090,#1096));
#1088 = ORIENTED_EDGE('',*,*,#1057,.T.);
#1089 = ORIENTED_EDGE('',*,*,#563,.T.);
#1090 = ORIENTED_EDGE('',*,*,#1091,.F.);
#1091 = EDGE_CURVE('',#235,#564,#1092,.T.);
#1092 = LINE('',#1093,#1094);
#1093 = CARTESIAN_POINT('',(-1.27,-6.604,0.));
#1094 = VECTOR('',#1095,1.);
#1095 = DIRECTION('',(0.,0.,1.));
#1096 = ORIENTED_EDGE('',*,*,#234,.F.);
#1097 = PLANE('',#1098);
#1098 = AXIS2_PLACEMENT_3D('',#1099,#1100,#1101);
#1099 = CARTESIAN_POINT('',(-1.016,-6.35,0.));
#1100 = DIRECTION('',(0.707106781187,-0.707106781187,0.));
#1101 = DIRECTION('',(-0.707106781187,-0.707106781187,0.));
#1102 = ADVANCED_FACE('',(#1103),#1114,.F.);
#1103 = FACE_BOUND('',#1104,.F.);
#1104 = EDGE_LOOP('',(#1105,#1111,#1112,#1113));
#1105 = ORIENTED_EDGE('',*,*,#1106,.T.);
#1106 = EDGE_CURVE('',#283,#612,#1107,.T.);
#1107 = LINE('',#1108,#1109);
#1108 = CARTESIAN_POINT('',(1.016,-6.35,0.));
#1109 = VECTOR('',#1110,1.);
#1110 = DIRECTION('',(0.,0.,1.));
#1111 = ORIENTED_EDGE('',*,*,#619,.T.);
#1112 = ORIENTED_EDGE('',*,*,#1072,.F.);
#1113 = ORIENTED_EDGE('',*,*,#290,.F.);
#1114 = PLANE('',#1115);
#1115 = AXIS2_PLACEMENT_3D('',#1116,#1117,#1118);
#1116 = CARTESIAN_POINT('',(1.016,-6.35,0.));
#1117 = DIRECTION('',(-0.707106781187,0.707106781187,0.));
#1118 = DIRECTION('',(0.707106781187,0.707106781187,0.));
#1119 = ADVANCED_FACE('',(#1120),#1131,.F.);
#1120 = FACE_BOUND('',#1121,.F.);
#1121 = EDGE_LOOP('',(#1122,#1123,#1124,#1130));
#1122 = ORIENTED_EDGE('',*,*,#1091,.T.);
#1123 = ORIENTED_EDGE('',*,*,#571,.T.);
#1124 = ORIENTED_EDGE('',*,*,#1125,.F.);
#1125 = EDGE_CURVE('',#243,#572,#1126,.T.);
#1126 = LINE('',#1127,#1128);
#1127 = CARTESIAN_POINT('',(-1.27,-8.636,0.));
#1128 = VECTOR('',#1129,1.);
#1129 = DIRECTION('',(0.,0.,1.));
#1130 = ORIENTED_EDGE('',*,*,#242,.F.);
#1131 = PLANE('',#1132);
#1132 = AXIS2_PLACEMENT_3D('',#1133,#1134,#1135);
#1133 = CARTESIAN_POINT('',(-1.27,-6.604,0.));
#1134 = DIRECTION('',(1.,0.,0.));
#1135 = DIRECTION('',(0.,-1.,0.));
#1136 = ADVANCED_FACE('',(#1137),#1148,.F.);
#1137 = FACE_BOUND('',#1138,.F.);
#1138 = EDGE_LOOP('',(#1139,#1145,#1146,#1147));
#1139 = ORIENTED_EDGE('',*,*,#1140,.T.);
#1140 = EDGE_CURVE('',#275,#604,#1141,.T.);
#1141 = LINE('',#1142,#1143);
#1142 = CARTESIAN_POINT('',(1.27,-6.604,0.));
#1143 = VECTOR('',#1144,1.);
#1144 = DIRECTION('',(0.,0.,1.));
#1145 = ORIENTED_EDGE('',*,*,#611,.T.);
#1146 = ORIENTED_EDGE('',*,*,#1106,.F.);
#1147 = ORIENTED_EDGE('',*,*,#282,.F.);
#1148 = PLANE('',#1149);
#1149 = AXIS2_PLACEMENT_3D('',#1150,#1151,#1152);
#1150 = CARTESIAN_POINT('',(1.27,-6.604,0.));
#1151 = DIRECTION('',(-0.707106781187,-0.707106781187,0.));
#1152 = DIRECTION('',(-0.707106781187,0.707106781187,0.));
#1153 = ADVANCED_FACE('',(#1154),#1165,.F.);
#1154 = FACE_BOUND('',#1155,.F.);
#1155 = EDGE_LOOP('',(#1156,#1157,#1158,#1164));
#1156 = ORIENTED_EDGE('',*,*,#1125,.T.);
#1157 = ORIENTED_EDGE('',*,*,#579,.T.);
#1158 = ORIENTED_EDGE('',*,*,#1159,.F.);
#1159 = EDGE_CURVE('',#251,#580,#1160,.T.);
#1160 = LINE('',#1161,#1162);
#1161 = CARTESIAN_POINT('',(-1.016,-8.89,0.));
#1162 = VECTOR('',#1163,1.);
#1163 = DIRECTION('',(0.,0.,1.));
#1164 = ORIENTED_EDGE('',*,*,#250,.F.);
#1165 = PLANE('',#1166);
#1166 = AXIS2_PLACEMENT_3D('',#1167,#1168,#1169);
#1167 = CARTESIAN_POINT('',(-1.27,-8.636,0.));
#1168 = DIRECTION('',(0.707106781187,0.707106781187,0.));
#1169 = DIRECTION('',(0.707106781187,-0.707106781187,0.));
#1170 = ADVANCED_FACE('',(#1171),#1182,.F.);
#1171 = FACE_BOUND('',#1172,.F.);
#1172 = EDGE_LOOP('',(#1173,#1179,#1180,#1181));
#1173 = ORIENTED_EDGE('',*,*,#1174,.T.);
#1174 = EDGE_CURVE('',#267,#596,#1175,.T.);
#1175 = LINE('',#1176,#1177);
#1176 = CARTESIAN_POINT('',(1.27,-8.636,0.));
#1177 = VECTOR('',#1178,1.);
#1178 = DIRECTION('',(0.,0.,1.));
#1179 = ORIENTED_EDGE('',*,*,#603,.T.);
#1180 = ORIENTED_EDGE('',*,*,#1140,.F.);
#1181 = ORIENTED_EDGE('',*,*,#274,.F.);
#1182 = PLANE('',#1183);
#1183 = AXIS2_PLACEMENT_3D('',#1184,#1185,#1186);
#1184 = CARTESIAN_POINT('',(1.27,-8.636,0.));
#1185 = DIRECTION('',(-1.,0.,0.));
#1186 = DIRECTION('',(0.,1.,0.));
#1187 = ADVANCED_FACE('',(#1188),#1199,.F.);
#1188 = FACE_BOUND('',#1189,.F.);
#1189 = EDGE_LOOP('',(#1190,#1191,#1192,#1198));
#1190 = ORIENTED_EDGE('',*,*,#1159,.T.);
#1191 = ORIENTED_EDGE('',*,*,#587,.T.);
#1192 = ORIENTED_EDGE('',*,*,#1193,.F.);
#1193 = EDGE_CURVE('',#259,#588,#1194,.T.);
#1194 = LINE('',#1195,#1196);
#1195 = CARTESIAN_POINT('',(1.016,-8.89,0.));
#1196 = VECTOR('',#1197,1.);
#1197 = DIRECTION('',(0.,0.,1.));
#1198 = ORIENTED_EDGE('',*,*,#258,.F.);
#1199 = PLANE('',#1200);
#1200 = AXIS2_PLACEMENT_3D('',#1201,#1202,#1203);
#1201 = CARTESIAN_POINT('',(-1.016,-8.89,0.));
#1202 = DIRECTION('',(0.,1.,0.));
#1203 = DIRECTION('',(1.,0.,0.));
#1204 = ADVANCED_FACE('',(#1205),#1211,.F.);
#1205 = FACE_BOUND('',#1206,.F.);
#1206 = EDGE_LOOP('',(#1207,#1208,#1209,#1210));
#1207 = ORIENTED_EDGE('',*,*,#1193,.T.);
#1208 = ORIENTED_EDGE('',*,*,#595,.T.);
#1209 = ORIENTED_EDGE('',*,*,#1174,.F.);
#1210 = ORIENTED_EDGE('',*,*,#266,.F.);
#1211 = PLANE('',#1212);
#1212 = AXIS2_PLACEMENT_3D('',#1213,#1214,#1215);
#1213 = CARTESIAN_POINT('',(1.016,-8.89,0.));
#1214 = DIRECTION('',(-0.707106781187,0.707106781187,0.));
#1215 = DIRECTION('',(0.707106781187,0.707106781187,0.));
#1216 = ADVANCED_FACE('',(#1217),#1242,.T.);
#1217 = FACE_BOUND('',#1218,.T.);
#1218 = EDGE_LOOP('',(#1219,#1227,#1235,#1241));
#1219 = ORIENTED_EDGE('',*,*,#1220,.F.);
#1220 = EDGE_CURVE('',#1221,#364,#1223,.T.);
#1221 = VERTEX_POINT('',#1222);
#1222 = CARTESIAN_POINT('',(0.32,-4.76,-2.84));
#1223 = LINE('',#1224,#1225);
#1224 = CARTESIAN_POINT('',(0.32,-4.76,-3.));
#1225 = VECTOR('',#1226,1.);
#1226 = DIRECTION('',(0.,0.,1.));
#1227 = ORIENTED_EDGE('',*,*,#1228,.F.);
#1228 = EDGE_CURVE('',#1229,#1221,#1231,.T.);
#1229 = VERTEX_POINT('',#1230);
#1230 = CARTESIAN_POINT('',(-0.32,-4.76,-2.84));
#1231 = LINE('',#1232,#1233);
#1232 = CARTESIAN_POINT('',(-0.32,-4.76,-2.84));
#1233 = VECTOR('',#1234,1.);
#1234 = DIRECTION('',(1.,0.,0.));
#1235 = ORIENTED_EDGE('',*,*,#1236,.T.);
#1236 = EDGE_CURVE('',#1229,#366,#1237,.T.);
#1237 = LINE('',#1238,#1239);
#1238 = CARTESIAN_POINT('',(-0.32,-4.76,-3.));
#1239 = VECTOR('',#1240,1.);
#1240 = DIRECTION('',(0.,0.,1.));
#1241 = ORIENTED_EDGE('',*,*,#363,.F.);
#1242 = PLANE('',#1243);
#1243 = AXIS2_PLACEMENT_3D('',#1244,#1245,#1246);
#1244 = CARTESIAN_POINT('',(-0.32,-4.76,-3.));
#1245 = DIRECTION('',(0.,1.,0.));
#1246 = DIRECTION('',(0.,-0.,1.));
#1247 = ADVANCED_FACE('',(#1248),#1266,.F.);
#1248 = FACE_BOUND('',#1249,.F.);
#1249 = EDGE_LOOP('',(#1250,#1258,#1264,#1265));
#1250 = ORIENTED_EDGE('',*,*,#1251,.F.);
#1251 = EDGE_CURVE('',#1252,#382,#1254,.T.);
#1252 = VERTEX_POINT('',#1253);
#1253 = CARTESIAN_POINT('',(-0.32,-5.4,-2.84));
#1254 = LINE('',#1255,#1256);
#1255 = CARTESIAN_POINT('',(-0.32,-5.4,-3.));
#1256 = VECTOR('',#1257,1.);
#1257 = DIRECTION('',(0.,0.,1.));
#1258 = ORIENTED_EDGE('',*,*,#1259,.T.);
#1259 = EDGE_CURVE('',#1252,#1229,#1260,.T.);
#1260 = LINE('',#1261,#1262);
#1261 = CARTESIAN_POINT('',(-0.32,-5.4,-2.84));
#1262 = VECTOR('',#1263,1.);
#1263 = DIRECTION('',(0.,1.,0.));
#1264 = ORIENTED_EDGE('',*,*,#1236,.T.);
#1265 = ORIENTED_EDGE('',*,*,#389,.F.);
#1266 = PLANE('',#1267);
#1267 = AXIS2_PLACEMENT_3D('',#1268,#1269,#1270);
#1268 = CARTESIAN_POINT('',(-0.32,-5.4,-3.));
#1269 = DIRECTION('',(1.,0.,0.));
#1270 = DIRECTION('',(0.,0.,1.));
#1271 = ADVANCED_FACE('',(#1272),#1290,.F.);
#1272 = FACE_BOUND('',#1273,.F.);
#1273 = EDGE_LOOP('',(#1274,#1282,#1288,#1289));
#1274 = ORIENTED_EDGE('',*,*,#1275,.F.);
#1275 = EDGE_CURVE('',#1276,#374,#1278,.T.);
#1276 = VERTEX_POINT('',#1277);
#1277 = CARTESIAN_POINT('',(0.32,-5.4,-2.84));
#1278 = LINE('',#1279,#1280);
#1279 = CARTESIAN_POINT('',(0.32,-5.4,-3.));
#1280 = VECTOR('',#1281,1.);
#1281 = DIRECTION('',(0.,0.,1.));
#1282 = ORIENTED_EDGE('',*,*,#1283,.F.);
#1283 = EDGE_CURVE('',#1252,#1276,#1284,.T.);
#1284 = LINE('',#1285,#1286);
#1285 = CARTESIAN_POINT('',(-0.32,-5.4,-2.84));
#1286 = VECTOR('',#1287,1.);
#1287 = DIRECTION('',(1.,0.,0.));
#1288 = ORIENTED_EDGE('',*,*,#1251,.T.);
#1289 = ORIENTED_EDGE('',*,*,#381,.F.);
#1290 = PLANE('',#1291);
#1291 = AXIS2_PLACEMENT_3D('',#1292,#1293,#1294);
#1292 = CARTESIAN_POINT('',(-0.32,-5.4,-3.));
#1293 = DIRECTION('',(0.,1.,0.));
#1294 = DIRECTION('',(0.,-0.,1.));
#1295 = ADVANCED_FACE('',(#1296),#1307,.T.);
#1296 = FACE_BOUND('',#1297,.T.);
#1297 = EDGE_LOOP('',(#1298,#1299,#1305,#1306));
#1298 = ORIENTED_EDGE('',*,*,#1275,.F.);
#1299 = ORIENTED_EDGE('',*,*,#1300,.T.);
#1300 = EDGE_CURVE('',#1276,#1221,#1301,.T.);
#1301 = LINE('',#1302,#1303);
#1302 = CARTESIAN_POINT('',(0.32,-5.4,-2.84));
#1303 = VECTOR('',#1304,1.);
#1304 = DIRECTION('',(0.,1.,0.));
#1305 = ORIENTED_EDGE('',*,*,#1220,.T.);
#1306 = ORIENTED_EDGE('',*,*,#373,.F.);
#1307 = PLANE('',#1308);
#1308 = AXIS2_PLACEMENT_3D('',#1309,#1310,#1311);
#1309 = CARTESIAN_POINT('',(0.32,-5.4,-3.));
#1310 = DIRECTION('',(1.,0.,0.));
#1311 = DIRECTION('',(0.,0.,1.));
#1312 = ADVANCED_FACE('',(#1313),#1338,.T.);
#1313 = FACE_BOUND('',#1314,.T.);
#1314 = EDGE_LOOP('',(#1315,#1323,#1331,#1337));
#1315 = ORIENTED_EDGE('',*,*,#1316,.F.);
#1316 = EDGE_CURVE('',#1317,#398,#1319,.T.);
#1317 = VERTEX_POINT('',#1318);
#1318 = CARTESIAN_POINT('',(0.32,-7.94,-2.84));
#1319 = LINE('',#1320,#1321);
#1320 = CARTESIAN_POINT('',(0.32,-7.94,-3.));
#1321 = VECTOR('',#1322,1.);
#1322 = DIRECTION('',(0.,0.,1.));
#1323 = ORIENTED_EDGE('',*,*,#1324,.T.);
#1324 = EDGE_CURVE('',#1317,#1325,#1327,.T.);
#1325 = VERTEX_POINT('',#1326);
#1326 = CARTESIAN_POINT('',(0.32,-7.3,-2.84));
#1327 = LINE('',#1328,#1329);
#1328 = CARTESIAN_POINT('',(0.32,-7.94,-2.84));
#1329 = VECTOR('',#1330,1.);
#1330 = DIRECTION('',(0.,1.,0.));
#1331 = ORIENTED_EDGE('',*,*,#1332,.T.);
#1332 = EDGE_CURVE('',#1325,#400,#1333,.T.);
#1333 = LINE('',#1334,#1335);
#1334 = CARTESIAN_POINT('',(0.32,-7.3,-3.));
#1335 = VECTOR('',#1336,1.);
#1336 = DIRECTION('',(0.,0.,1.));
#1337 = ORIENTED_EDGE('',*,*,#397,.F.);
#1338 = PLANE('',#1339);
#1339 = AXIS2_PLACEMENT_3D('',#1340,#1341,#1342);
#1340 = CARTESIAN_POINT('',(0.32,-7.94,-3.));
#1341 = DIRECTION('',(1.,0.,0.));
#1342 = DIRECTION('',(0.,0.,1.));
#1343 = ADVANCED_FACE('',(#1344),#1362,.T.);
#1344 = FACE_BOUND('',#1345,.T.);
#1345 = EDGE_LOOP('',(#1346,#1347,#1355,#1361));
#1346 = ORIENTED_EDGE('',*,*,#1332,.F.);
#1347 = ORIENTED_EDGE('',*,*,#1348,.F.);
#1348 = EDGE_CURVE('',#1349,#1325,#1351,.T.);
#1349 = VERTEX_POINT('',#1350);
#1350 = CARTESIAN_POINT('',(-0.32,-7.3,-2.84));
#1351 = LINE('',#1352,#1353);
#1352 = CARTESIAN_POINT('',(-0.32,-7.3,-2.84));
#1353 = VECTOR('',#1354,1.);
#1354 = DIRECTION('',(1.,0.,0.));
#1355 = ORIENTED_EDGE('',*,*,#1356,.T.);
#1356 = EDGE_CURVE('',#1349,#416,#1357,.T.);
#1357 = LINE('',#1358,#1359);
#1358 = CARTESIAN_POINT('',(-0.32,-7.3,-3.));
#1359 = VECTOR('',#1360,1.);
#1360 = DIRECTION('',(0.,0.,1.));
#1361 = ORIENTED_EDGE('',*,*,#423,.F.);
#1362 = PLANE('',#1363);
#1363 = AXIS2_PLACEMENT_3D('',#1364,#1365,#1366);
#1364 = CARTESIAN_POINT('',(-0.32,-7.3,-3.));
#1365 = DIRECTION('',(0.,1.,0.));
#1366 = DIRECTION('',(0.,-0.,1.));
#1367 = ADVANCED_FACE('',(#1368),#1386,.F.);
#1368 = FACE_BOUND('',#1369,.F.);
#1369 = EDGE_LOOP('',(#1370,#1378,#1384,#1385));
#1370 = ORIENTED_EDGE('',*,*,#1371,.F.);
#1371 = EDGE_CURVE('',#1372,#408,#1374,.T.);
#1372 = VERTEX_POINT('',#1373);
#1373 = CARTESIAN_POINT('',(-0.32,-7.94,-2.84));
#1374 = LINE('',#1375,#1376);
#1375 = CARTESIAN_POINT('',(-0.32,-7.94,-3.));
#1376 = VECTOR('',#1377,1.);
#1377 = DIRECTION('',(0.,0.,1.));
#1378 = ORIENTED_EDGE('',*,*,#1379,.T.);
#1379 = EDGE_CURVE('',#1372,#1349,#1380,.T.);
#1380 = LINE('',#1381,#1382);
#1381 = CARTESIAN_POINT('',(-0.32,-7.94,-2.84));
#1382 = VECTOR('',#1383,1.);
#1383 = DIRECTION('',(0.,1.,0.));
#1384 = ORIENTED_EDGE('',*,*,#1356,.T.);
#1385 = ORIENTED_EDGE('',*,*,#415,.F.);
#1386 = PLANE('',#1387);
#1387 = AXIS2_PLACEMENT_3D('',#1388,#1389,#1390);
#1388 = CARTESIAN_POINT('',(-0.32,-7.94,-3.));
#1389 = DIRECTION('',(1.,0.,0.));
#1390 = DIRECTION('',(0.,0.,1.));
#1391 = ADVANCED_FACE('',(#1392),#1403,.F.);
#1392 = FACE_BOUND('',#1393,.F.);
#1393 = EDGE_LOOP('',(#1394,#1395,#1401,#1402));
#1394 = ORIENTED_EDGE('',*,*,#1316,.F.);
#1395 = ORIENTED_EDGE('',*,*,#1396,.F.);
#1396 = EDGE_CURVE('',#1372,#1317,#1397,.T.);
#1397 = LINE('',#1398,#1399);
#1398 = CARTESIAN_POINT('',(-0.32,-7.94,-2.84));
#1399 = VECTOR('',#1400,1.);
#1400 = DIRECTION('',(1.,0.,0.));
#1401 = ORIENTED_EDGE('',*,*,#1371,.T.);
#1402 = ORIENTED_EDGE('',*,*,#407,.F.);
#1403 = PLANE('',#1404);
#1404 = AXIS2_PLACEMENT_3D('',#1405,#1406,#1407);
#1405 = CARTESIAN_POINT('',(-0.32,-7.94,-3.));
#1406 = DIRECTION('',(0.,1.,0.));
#1407 = DIRECTION('',(0.,-0.,1.));
#1408 = ADVANCED_FACE('',(#1409),#1434,.T.);
#1409 = FACE_BOUND('',#1410,.T.);
#1410 = EDGE_LOOP('',(#1411,#1419,#1427,#1433));
#1411 = ORIENTED_EDGE('',*,*,#1412,.F.);
#1412 = EDGE_CURVE('',#1413,#432,#1415,.T.);
#1413 = VERTEX_POINT('',#1414);
#1414 = CARTESIAN_POINT('',(0.32,-0.32,-2.84));
#1415 = LINE('',#1416,#1417);
#1416 = CARTESIAN_POINT('',(0.32,-0.32,-3.));
#1417 = VECTOR('',#1418,1.);
#1418 = DIRECTION('',(0.,0.,1.));
#1419 = ORIENTED_EDGE('',*,*,#1420,.T.);
#1420 = EDGE_CURVE('',#1413,#1421,#1423,.T.);
#1421 = VERTEX_POINT('',#1422);
#1422 = CARTESIAN_POINT('',(0.32,0.32,-2.84));
#1423 = LINE('',#1424,#1425);
#1424 = CARTESIAN_POINT('',(0.32,-0.32,-2.84));
#1425 = VECTOR('',#1426,1.);
#1426 = DIRECTION('',(0.,1.,0.));
#1427 = ORIENTED_EDGE('',*,*,#1428,.T.);
#1428 = EDGE_CURVE('',#1421,#434,#1429,.T.);
#1429 = LINE('',#1430,#1431);
#1430 = CARTESIAN_POINT('',(0.32,0.32,-3.));
#1431 = VECTOR('',#1432,1.);
#1432 = DIRECTION('',(0.,0.,1.));
#1433 = ORIENTED_EDGE('',*,*,#431,.F.);
#1434 = PLANE('',#1435);
#1435 = AXIS2_PLACEMENT_3D('',#1436,#1437,#1438);
#1436 = CARTESIAN_POINT('',(0.32,-0.32,-3.));
#1437 = DIRECTION('',(1.,0.,0.));
#1438 = DIRECTION('',(0.,0.,1.));
#1439 = ADVANCED_FACE('',(#1440),#1458,.T.);
#1440 = FACE_BOUND('',#1441,.T.);
#1441 = EDGE_LOOP('',(#1442,#1443,#1451,#1457));
#1442 = ORIENTED_EDGE('',*,*,#1428,.F.);
#1443 = ORIENTED_EDGE('',*,*,#1444,.F.);
#1444 = EDGE_CURVE('',#1445,#1421,#1447,.T.);
#1445 = VERTEX_POINT('',#1446);
#1446 = CARTESIAN_POINT('',(-0.32,0.32,-2.84));
#1447 = LINE('',#1448,#1449);
#1448 = CARTESIAN_POINT('',(-0.32,0.32,-2.84));
#1449 = VECTOR('',#1450,1.);
#1450 = DIRECTION('',(1.,0.,0.));
#1451 = ORIENTED_EDGE('',*,*,#1452,.T.);
#1452 = EDGE_CURVE('',#1445,#450,#1453,.T.);
#1453 = LINE('',#1454,#1455);
#1454 = CARTESIAN_POINT('',(-0.32,0.32,-3.));
#1455 = VECTOR('',#1456,1.);
#1456 = DIRECTION('',(0.,0.,1.));
#1457 = ORIENTED_EDGE('',*,*,#457,.F.);
#1458 = PLANE('',#1459);
#1459 = AXIS2_PLACEMENT_3D('',#1460,#1461,#1462);
#1460 = CARTESIAN_POINT('',(-0.32,0.32,-3.));
#1461 = DIRECTION('',(0.,1.,0.));
#1462 = DIRECTION('',(0.,-0.,1.));
#1463 = ADVANCED_FACE('',(#1464),#1482,.F.);
#1464 = FACE_BOUND('',#1465,.F.);
#1465 = EDGE_LOOP('',(#1466,#1474,#1480,#1481));
#1466 = ORIENTED_EDGE('',*,*,#1467,.F.);
#1467 = EDGE_CURVE('',#1468,#442,#1470,.T.);
#1468 = VERTEX_POINT('',#1469);
#1469 = CARTESIAN_POINT('',(-0.32,-0.32,-2.84));
#1470 = LINE('',#1471,#1472);
#1471 = CARTESIAN_POINT('',(-0.32,-0.32,-3.));
#1472 = VECTOR('',#1473,1.);
#1473 = DIRECTION('',(0.,0.,1.));
#1474 = ORIENTED_EDGE('',*,*,#1475,.T.);
#1475 = EDGE_CURVE('',#1468,#1445,#1476,.T.);
#1476 = LINE('',#1477,#1478);
#1477 = CARTESIAN_POINT('',(-0.32,-0.32,-2.84));
#1478 = VECTOR('',#1479,1.);
#1479 = DIRECTION('',(0.,1.,0.));
#1480 = ORIENTED_EDGE('',*,*,#1452,.T.);
#1481 = ORIENTED_EDGE('',*,*,#449,.F.);
#1482 = PLANE('',#1483);
#1483 = AXIS2_PLACEMENT_3D('',#1484,#1485,#1486);
#1484 = CARTESIAN_POINT('',(-0.32,-0.32,-3.));
#1485 = DIRECTION('',(1.,0.,0.));
#1486 = DIRECTION('',(0.,0.,1.));
#1487 = ADVANCED_FACE('',(#1488),#1499,.F.);
#1488 = FACE_BOUND('',#1489,.F.);
#1489 = EDGE_LOOP('',(#1490,#1491,#1497,#1498));
#1490 = ORIENTED_EDGE('',*,*,#1412,.F.);
#1491 = ORIENTED_EDGE('',*,*,#1492,.F.);
#1492 = EDGE_CURVE('',#1468,#1413,#1493,.T.);
#1493 = LINE('',#1494,#1495);
#1494 = CARTESIAN_POINT('',(-0.32,-0.32,-2.84));
#1495 = VECTOR('',#1496,1.);
#1496 = DIRECTION('',(1.,0.,0.));
#1497 = ORIENTED_EDGE('',*,*,#1467,.T.);
#1498 = ORIENTED_EDGE('',*,*,#441,.F.);
#1499 = PLANE('',#1500);
#1500 = AXIS2_PLACEMENT_3D('',#1501,#1502,#1503);
#1501 = CARTESIAN_POINT('',(-0.32,-0.32,-3.));
#1502 = DIRECTION('',(0.,1.,0.));
#1503 = DIRECTION('',(0.,-0.,1.));
#1504 = ADVANCED_FACE('',(#1505),#1530,.T.);
#1505 = FACE_BOUND('',#1506,.T.);
#1506 = EDGE_LOOP('',(#1507,#1515,#1523,#1529));
#1507 = ORIENTED_EDGE('',*,*,#1508,.F.);
#1508 = EDGE_CURVE('',#1509,#466,#1511,.T.);
#1509 = VERTEX_POINT('',#1510);
#1510 = CARTESIAN_POINT('',(0.32,-2.22,-2.84));
#1511 = LINE('',#1512,#1513);
#1512 = CARTESIAN_POINT('',(0.32,-2.22,-3.));
#1513 = VECTOR('',#1514,1.);
#1514 = DIRECTION('',(0.,0.,1.));
#1515 = ORIENTED_EDGE('',*,*,#1516,.F.);
#1516 = EDGE_CURVE('',#1517,#1509,#1519,.T.);
#1517 = VERTEX_POINT('',#1518);
#1518 = CARTESIAN_POINT('',(-0.32,-2.22,-2.84));
#1519 = LINE('',#1520,#1521);
#1520 = CARTESIAN_POINT('',(-0.32,-2.22,-2.84));
#1521 = VECTOR('',#1522,1.);
#1522 = DIRECTION('',(1.,0.,0.));
#1523 = ORIENTED_EDGE('',*,*,#1524,.T.);
#1524 = EDGE_CURVE('',#1517,#468,#1525,.T.);
#1525 = LINE('',#1526,#1527);
#1526 = CARTESIAN_POINT('',(-0.32,-2.22,-3.));
#1527 = VECTOR('',#1528,1.);
#1528 = DIRECTION('',(0.,0.,1.));
#1529 = ORIENTED_EDGE('',*,*,#465,.F.);
#1530 = PLANE('',#1531);
#1531 = AXIS2_PLACEMENT_3D('',#1532,#1533,#1534);
#1532 = CARTESIAN_POINT('',(-0.32,-2.22,-3.));
#1533 = DIRECTION('',(0.,1.,0.));
#1534 = DIRECTION('',(0.,-0.,1.));
#1535 = ADVANCED_FACE('',(#1536),#1554,.F.);
#1536 = FACE_BOUND('',#1537,.F.);
#1537 = EDGE_LOOP('',(#1538,#1546,#1552,#1553));
#1538 = ORIENTED_EDGE('',*,*,#1539,.F.);
#1539 = EDGE_CURVE('',#1540,#484,#1542,.T.);
#1540 = VERTEX_POINT('',#1541);
#1541 = CARTESIAN_POINT('',(-0.32,-2.86,-2.84));
#1542 = LINE('',#1543,#1544);
#1543 = CARTESIAN_POINT('',(-0.32,-2.86,-3.));
#1544 = VECTOR('',#1545,1.);
#1545 = DIRECTION('',(0.,0.,1.));
#1546 = ORIENTED_EDGE('',*,*,#1547,.T.);
#1547 = EDGE_CURVE('',#1540,#1517,#1548,.T.);
#1548 = LINE('',#1549,#1550);
#1549 = CARTESIAN_POINT('',(-0.32,-2.86,-2.84));
#1550 = VECTOR('',#1551,1.);
#1551 = DIRECTION('',(0.,1.,0.));
#1552 = ORIENTED_EDGE('',*,*,#1524,.T.);
#1553 = ORIENTED_EDGE('',*,*,#491,.F.);
#1554 = PLANE('',#1555);
#1555 = AXIS2_PLACEMENT_3D('',#1556,#1557,#1558);
#1556 = CARTESIAN_POINT('',(-0.32,-2.86,-3.));
#1557 = DIRECTION('',(1.,0.,0.));
#1558 = DIRECTION('',(0.,0.,1.));
#1559 = ADVANCED_FACE('',(#1560),#1578,.F.);
#1560 = FACE_BOUND('',#1561,.F.);
#1561 = EDGE_LOOP('',(#1562,#1570,#1576,#1577));
#1562 = ORIENTED_EDGE('',*,*,#1563,.F.);
#1563 = EDGE_CURVE('',#1564,#476,#1566,.T.);
#1564 = VERTEX_POINT('',#1565);
#1565 = CARTESIAN_POINT('',(0.32,-2.86,-2.84));
#1566 = LINE('',#1567,#1568);
#1567 = CARTESIAN_POINT('',(0.32,-2.86,-3.));
#1568 = VECTOR('',#1569,1.);
#1569 = DIRECTION('',(0.,0.,1.));
#1570 = ORIENTED_EDGE('',*,*,#1571,.F.);
#1571 = EDGE_CURVE('',#1540,#1564,#1572,.T.);
#1572 = LINE('',#1573,#1574);
#1573 = CARTESIAN_POINT('',(-0.32,-2.86,-2.84));
#1574 = VECTOR('',#1575,1.);
#1575 = DIRECTION('',(1.,0.,0.));
#1576 = ORIENTED_EDGE('',*,*,#1539,.T.);
#1577 = ORIENTED_EDGE('',*,*,#483,.F.);
#1578 = PLANE('',#1579);
#1579 = AXIS2_PLACEMENT_3D('',#1580,#1581,#1582);
#1580 = CARTESIAN_POINT('',(-0.32,-2.86,-3.));
#1581 = DIRECTION('',(0.,1.,0.));
#1582 = DIRECTION('',(0.,-0.,1.));
#1583 = ADVANCED_FACE('',(#1584),#1595,.T.);
#1584 = FACE_BOUND('',#1585,.T.);
#1585 = EDGE_LOOP('',(#1586,#1587,#1593,#1594));
#1586 = ORIENTED_EDGE('',*,*,#1563,.F.);
#1587 = ORIENTED_EDGE('',*,*,#1588,.T.);
#1588 = EDGE_CURVE('',#1564,#1509,#1589,.T.);
#1589 = LINE('',#1590,#1591);
#1590 = CARTESIAN_POINT('',(0.32,-2.86,-2.84));
#1591 = VECTOR('',#1592,1.);
#1592 = DIRECTION('',(0.,1.,0.));
#1593 = ORIENTED_EDGE('',*,*,#1508,.T.);
#1594 = ORIENTED_EDGE('',*,*,#475,.F.);
#1595 = PLANE('',#1596);
#1596 = AXIS2_PLACEMENT_3D('',#1597,#1598,#1599);
#1597 = CARTESIAN_POINT('',(0.32,-2.86,-3.));
#1598 = DIRECTION('',(1.,0.,0.));
#1599 = DIRECTION('',(0.,0.,1.));
#1600 = ADVANCED_FACE('',(#1601),#1626,.T.);
#1601 = FACE_BOUND('',#1602,.T.);
#1602 = EDGE_LOOP('',(#1603,#1611,#1612,#1620));
#1603 = ORIENTED_EDGE('',*,*,#1604,.F.);
#1604 = EDGE_CURVE('',#693,#1605,#1607,.T.);
#1605 = VERTEX_POINT('',#1606);
#1606 = CARTESIAN_POINT('',(0.32,-4.76,8.38));
#1607 = LINE('',#1608,#1609);
#1608 = CARTESIAN_POINT('',(0.32,-4.76,-3.));
#1609 = VECTOR('',#1610,1.);
#1610 = DIRECTION('',(0.,0.,1.));
#1611 = ORIENTED_EDGE('',*,*,#692,.T.);
#1612 = ORIENTED_EDGE('',*,*,#1613,.T.);
#1613 = EDGE_CURVE('',#695,#1614,#1616,.T.);
#1614 = VERTEX_POINT('',#1615);
#1615 = CARTESIAN_POINT('',(-0.32,-4.76,8.38));
#1616 = LINE('',#1617,#1618);
#1617 = CARTESIAN_POINT('',(-0.32,-4.76,-3.));
#1618 = VECTOR('',#1619,1.);
#1619 = DIRECTION('',(0.,0.,1.));
#1620 = ORIENTED_EDGE('',*,*,#1621,.T.);
#1621 = EDGE_CURVE('',#1614,#1605,#1622,.T.);
#1622 = LINE('',#1623,#1624);
#1623 = CARTESIAN_POINT('',(-0.32,-4.76,8.38));
#1624 = VECTOR('',#1625,1.);
#1625 = DIRECTION('',(1.,0.,0.));
#1626 = PLANE('',#1627);
#1627 = AXIS2_PLACEMENT_3D('',#1628,#1629,#1630);
#1628 = CARTESIAN_POINT('',(-0.32,-4.76,-3.));
#1629 = DIRECTION('',(0.,1.,0.));
#1630 = DIRECTION('',(0.,-0.,1.));
#1631 = ADVANCED_FACE('',(#1632),#1650,.F.);
#1632 = FACE_BOUND('',#1633,.F.);
#1633 = EDGE_LOOP('',(#1634,#1642,#1643,#1644));
#1634 = ORIENTED_EDGE('',*,*,#1635,.F.);
#1635 = EDGE_CURVE('',#711,#1636,#1638,.T.);
#1636 = VERTEX_POINT('',#1637);
#1637 = CARTESIAN_POINT('',(-0.32,-5.4,8.38));
#1638 = LINE('',#1639,#1640);
#1639 = CARTESIAN_POINT('',(-0.32,-5.4,-3.));
#1640 = VECTOR('',#1641,1.);
#1641 = DIRECTION('',(0.,0.,1.));
#1642 = ORIENTED_EDGE('',*,*,#718,.T.);
#1643 = ORIENTED_EDGE('',*,*,#1613,.T.);
#1644 = ORIENTED_EDGE('',*,*,#1645,.F.);
#1645 = EDGE_CURVE('',#1636,#1614,#1646,.T.);
#1646 = LINE('',#1647,#1648);
#1647 = CARTESIAN_POINT('',(-0.32,-5.4,8.38));
#1648 = VECTOR('',#1649,1.);
#1649 = DIRECTION('',(0.,1.,0.));
#1650 = PLANE('',#1651);
#1651 = AXIS2_PLACEMENT_3D('',#1652,#1653,#1654);
#1652 = CARTESIAN_POINT('',(-0.32,-5.4,-3.));
#1653 = DIRECTION('',(1.,0.,0.));
#1654 = DIRECTION('',(0.,0.,1.));
#1655 = ADVANCED_FACE('',(#1656),#1674,.F.);
#1656 = FACE_BOUND('',#1657,.F.);
#1657 = EDGE_LOOP('',(#1658,#1666,#1667,#1668));
#1658 = ORIENTED_EDGE('',*,*,#1659,.F.);
#1659 = EDGE_CURVE('',#703,#1660,#1662,.T.);
#1660 = VERTEX_POINT('',#1661);
#1661 = CARTESIAN_POINT('',(0.32,-5.4,8.38));
#1662 = LINE('',#1663,#1664);
#1663 = CARTESIAN_POINT('',(0.32,-5.4,-3.));
#1664 = VECTOR('',#1665,1.);
#1665 = DIRECTION('',(0.,0.,1.));
#1666 = ORIENTED_EDGE('',*,*,#710,.T.);
#1667 = ORIENTED_EDGE('',*,*,#1635,.T.);
#1668 = ORIENTED_EDGE('',*,*,#1669,.T.);
#1669 = EDGE_CURVE('',#1636,#1660,#1670,.T.);
#1670 = LINE('',#1671,#1672);
#1671 = CARTESIAN_POINT('',(-0.32,-5.4,8.38));
#1672 = VECTOR('',#1673,1.);
#1673 = DIRECTION('',(1.,0.,0.));
#1674 = PLANE('',#1675);
#1675 = AXIS2_PLACEMENT_3D('',#1676,#1677,#1678);
#1676 = CARTESIAN_POINT('',(-0.32,-5.4,-3.));
#1677 = DIRECTION('',(0.,1.,0.));
#1678 = DIRECTION('',(0.,-0.,1.));
#1679 = ADVANCED_FACE('',(#1680),#1691,.T.);
#1680 = FACE_BOUND('',#1681,.T.);
#1681 = EDGE_LOOP('',(#1682,#1683,#1684,#1685));
#1682 = ORIENTED_EDGE('',*,*,#1659,.F.);
#1683 = ORIENTED_EDGE('',*,*,#702,.T.);
#1684 = ORIENTED_EDGE('',*,*,#1604,.T.);
#1685 = ORIENTED_EDGE('',*,*,#1686,.F.);
#1686 = EDGE_CURVE('',#1660,#1605,#1687,.T.);
#1687 = LINE('',#1688,#1689);
#1688 = CARTESIAN_POINT('',(0.32,-5.4,8.38));
#1689 = VECTOR('',#1690,1.);
#1690 = DIRECTION('',(0.,1.,0.));
#1691 = PLANE('',#1692);
#1692 = AXIS2_PLACEMENT_3D('',#1693,#1694,#1695);
#1693 = CARTESIAN_POINT('',(0.32,-5.4,-3.));
#1694 = DIRECTION('',(1.,0.,0.));
#1695 = DIRECTION('',(0.,0.,1.));
#1696 = ADVANCED_FACE('',(#1697),#1722,.T.);
#1697 = FACE_BOUND('',#1698,.T.);
#1698 = EDGE_LOOP('',(#1699,#1707,#1708,#1716));
#1699 = ORIENTED_EDGE('',*,*,#1700,.F.);
#1700 = EDGE_CURVE('',#727,#1701,#1703,.T.);
#1701 = VERTEX_POINT('',#1702);
#1702 = CARTESIAN_POINT('',(0.32,-7.94,8.38));
#1703 = LINE('',#1704,#1705);
#1704 = CARTESIAN_POINT('',(0.32,-7.94,-3.));
#1705 = VECTOR('',#1706,1.);
#1706 = DIRECTION('',(0.,0.,1.));
#1707 = ORIENTED_EDGE('',*,*,#726,.T.);
#1708 = ORIENTED_EDGE('',*,*,#1709,.T.);
#1709 = EDGE_CURVE('',#729,#1710,#1712,.T.);
#1710 = VERTEX_POINT('',#1711);
#1711 = CARTESIAN_POINT('',(0.32,-7.3,8.38));
#1712 = LINE('',#1713,#1714);
#1713 = CARTESIAN_POINT('',(0.32,-7.3,-3.));
#1714 = VECTOR('',#1715,1.);
#1715 = DIRECTION('',(0.,0.,1.));
#1716 = ORIENTED_EDGE('',*,*,#1717,.F.);
#1717 = EDGE_CURVE('',#1701,#1710,#1718,.T.);
#1718 = LINE('',#1719,#1720);
#1719 = CARTESIAN_POINT('',(0.32,-7.94,8.38));
#1720 = VECTOR('',#1721,1.);
#1721 = DIRECTION('',(0.,1.,0.));
#1722 = PLANE('',#1723);
#1723 = AXIS2_PLACEMENT_3D('',#1724,#1725,#1726);
#1724 = CARTESIAN_POINT('',(0.32,-7.94,-3.));
#1725 = DIRECTION('',(1.,0.,0.));
#1726 = DIRECTION('',(0.,0.,1.));
#1727 = ADVANCED_FACE('',(#1728),#1746,.T.);
#1728 = FACE_BOUND('',#1729,.T.);
#1729 = EDGE_LOOP('',(#1730,#1731,#1732,#1740));
#1730 = ORIENTED_EDGE('',*,*,#1709,.F.);
#1731 = ORIENTED_EDGE('',*,*,#752,.T.);
#1732 = ORIENTED_EDGE('',*,*,#1733,.T.);
#1733 = EDGE_CURVE('',#745,#1734,#1736,.T.);
#1734 = VERTEX_POINT('',#1735);
#1735 = CARTESIAN_POINT('',(-0.32,-7.3,8.38));
#1736 = LINE('',#1737,#1738);
#1737 = CARTESIAN_POINT('',(-0.32,-7.3,-3.));
#1738 = VECTOR('',#1739,1.);
#1739 = DIRECTION('',(0.,0.,1.));
#1740 = ORIENTED_EDGE('',*,*,#1741,.T.);
#1741 = EDGE_CURVE('',#1734,#1710,#1742,.T.);
#1742 = LINE('',#1743,#1744);
#1743 = CARTESIAN_POINT('',(-0.32,-7.3,8.38));
#1744 = VECTOR('',#1745,1.);
#1745 = DIRECTION('',(1.,0.,0.));
#1746 = PLANE('',#1747);
#1747 = AXIS2_PLACEMENT_3D('',#1748,#1749,#1750);
#1748 = CARTESIAN_POINT('',(-0.32,-7.3,-3.));
#1749 = DIRECTION('',(0.,1.,0.));
#1750 = DIRECTION('',(0.,-0.,1.));
#1751 = ADVANCED_FACE('',(#1752),#1770,.F.);
#1752 = FACE_BOUND('',#1753,.F.);
#1753 = EDGE_LOOP('',(#1754,#1762,#1763,#1764));
#1754 = ORIENTED_EDGE('',*,*,#1755,.F.);
#1755 = EDGE_CURVE('',#737,#1756,#1758,.T.);
#1756 = VERTEX_POINT('',#1757);
#1757 = CARTESIAN_POINT('',(-0.32,-7.94,8.38));
#1758 = LINE('',#1759,#1760);
#1759 = CARTESIAN_POINT('',(-0.32,-7.94,-3.));
#1760 = VECTOR('',#1761,1.);
#1761 = DIRECTION('',(0.,0.,1.));
#1762 = ORIENTED_EDGE('',*,*,#744,.T.);
#1763 = ORIENTED_EDGE('',*,*,#1733,.T.);
#1764 = ORIENTED_EDGE('',*,*,#1765,.F.);
#1765 = EDGE_CURVE('',#1756,#1734,#1766,.T.);
#1766 = LINE('',#1767,#1768);
#1767 = CARTESIAN_POINT('',(-0.32,-7.94,8.38));
#1768 = VECTOR('',#1769,1.);
#1769 = DIRECTION('',(0.,1.,0.));
#1770 = PLANE('',#1771);
#1771 = AXIS2_PLACEMENT_3D('',#1772,#1773,#1774);
#1772 = CARTESIAN_POINT('',(-0.32,-7.94,-3.));
#1773 = DIRECTION('',(1.,0.,0.));
#1774 = DIRECTION('',(0.,0.,1.));
#1775 = ADVANCED_FACE('',(#1776),#1787,.F.);
#1776 = FACE_BOUND('',#1777,.F.);
#1777 = EDGE_LOOP('',(#1778,#1779,#1780,#1781));
#1778 = ORIENTED_EDGE('',*,*,#1700,.F.);
#1779 = ORIENTED_EDGE('',*,*,#736,.T.);
#1780 = ORIENTED_EDGE('',*,*,#1755,.T.);
#1781 = ORIENTED_EDGE('',*,*,#1782,.T.);
#1782 = EDGE_CURVE('',#1756,#1701,#1783,.T.);
#1783 = LINE('',#1784,#1785);
#1784 = CARTESIAN_POINT('',(-0.32,-7.94,8.38));
#1785 = VECTOR('',#1786,1.);
#1786 = DIRECTION('',(1.,0.,0.));
#1787 = PLANE('',#1788);
#1788 = AXIS2_PLACEMENT_3D('',#1789,#1790,#1791);
#1789 = CARTESIAN_POINT('',(-0.32,-7.94,-3.));
#1790 = DIRECTION('',(0.,1.,0.));
#1791 = DIRECTION('',(0.,-0.,1.));
#1792 = ADVANCED_FACE('',(#1793),#1818,.T.);
#1793 = FACE_BOUND('',#1794,.T.);
#1794 = EDGE_LOOP('',(#1795,#1803,#1804,#1812));
#1795 = ORIENTED_EDGE('',*,*,#1796,.F.);
#1796 = EDGE_CURVE('',#761,#1797,#1799,.T.);
#1797 = VERTEX_POINT('',#1798);
#1798 = CARTESIAN_POINT('',(0.32,-0.32,8.38));
#1799 = LINE('',#1800,#1801);
#1800 = CARTESIAN_POINT('',(0.32,-0.32,-3.));
#1801 = VECTOR('',#1802,1.);
#1802 = DIRECTION('',(0.,0.,1.));
#1803 = ORIENTED_EDGE('',*,*,#760,.T.);
#1804 = ORIENTED_EDGE('',*,*,#1805,.T.);
#1805 = EDGE_CURVE('',#763,#1806,#1808,.T.);
#1806 = VERTEX_POINT('',#1807);
#1807 = CARTESIAN_POINT('',(0.32,0.32,8.38));
#1808 = LINE('',#1809,#1810);
#1809 = CARTESIAN_POINT('',(0.32,0.32,-3.));
#1810 = VECTOR('',#1811,1.);
#1811 = DIRECTION('',(0.,0.,1.));
#1812 = ORIENTED_EDGE('',*,*,#1813,.F.);
#1813 = EDGE_CURVE('',#1797,#1806,#1814,.T.);
#1814 = LINE('',#1815,#1816);
#1815 = CARTESIAN_POINT('',(0.32,-0.32,8.38));
#1816 = VECTOR('',#1817,1.);
#1817 = DIRECTION('',(0.,1.,0.));
#1818 = PLANE('',#1819);
#1819 = AXIS2_PLACEMENT_3D('',#1820,#1821,#1822);
#1820 = CARTESIAN_POINT('',(0.32,-0.32,-3.));
#1821 = DIRECTION('',(1.,0.,0.));
#1822 = DIRECTION('',(0.,0.,1.));
#1823 = ADVANCED_FACE('',(#1824),#1842,.T.);
#1824 = FACE_BOUND('',#1825,.T.);
#1825 = EDGE_LOOP('',(#1826,#1827,#1828,#1836));
#1826 = ORIENTED_EDGE('',*,*,#1805,.F.);
#1827 = ORIENTED_EDGE('',*,*,#786,.T.);
#1828 = ORIENTED_EDGE('',*,*,#1829,.T.);
#1829 = EDGE_CURVE('',#779,#1830,#1832,.T.);
#1830 = VERTEX_POINT('',#1831);
#1831 = CARTESIAN_POINT('',(-0.32,0.32,8.38));
#1832 = LINE('',#1833,#1834);
#1833 = CARTESIAN_POINT('',(-0.32,0.32,-3.));
#1834 = VECTOR('',#1835,1.);
#1835 = DIRECTION('',(0.,0.,1.));
#1836 = ORIENTED_EDGE('',*,*,#1837,.T.);
#1837 = EDGE_CURVE('',#1830,#1806,#1838,.T.);
#1838 = LINE('',#1839,#1840);
#1839 = CARTESIAN_POINT('',(-0.32,0.32,8.38));
#1840 = VECTOR('',#1841,1.);
#1841 = DIRECTION('',(1.,0.,0.));
#1842 = PLANE('',#1843);
#1843 = AXIS2_PLACEMENT_3D('',#1844,#1845,#1846);
#1844 = CARTESIAN_POINT('',(-0.32,0.32,-3.));
#1845 = DIRECTION('',(0.,1.,0.));
#1846 = DIRECTION('',(0.,-0.,1.));
#1847 = ADVANCED_FACE('',(#1848),#1866,.F.);
#1848 = FACE_BOUND('',#1849,.F.);
#1849 = EDGE_LOOP('',(#1850,#1858,#1859,#1860));
#1850 = ORIENTED_EDGE('',*,*,#1851,.F.);
#1851 = EDGE_CURVE('',#771,#1852,#1854,.T.);
#1852 = VERTEX_POINT('',#1853);
#1853 = CARTESIAN_POINT('',(-0.32,-0.32,8.38));
#1854 = LINE('',#1855,#1856);
#1855 = CARTESIAN_POINT('',(-0.32,-0.32,-3.));
#1856 = VECTOR('',#1857,1.);
#1857 = DIRECTION('',(0.,0.,1.));
#1858 = ORIENTED_EDGE('',*,*,#778,.T.);
#1859 = ORIENTED_EDGE('',*,*,#1829,.T.);
#1860 = ORIENTED_EDGE('',*,*,#1861,.F.);
#1861 = EDGE_CURVE('',#1852,#1830,#1862,.T.);
#1862 = LINE('',#1863,#1864);
#1863 = CARTESIAN_POINT('',(-0.32,-0.32,8.38));
#1864 = VECTOR('',#1865,1.);
#1865 = DIRECTION('',(0.,1.,0.));
#1866 = PLANE('',#1867);
#1867 = AXIS2_PLACEMENT_3D('',#1868,#1869,#1870);
#1868 = CARTESIAN_POINT('',(-0.32,-0.32,-3.));
#1869 = DIRECTION('',(1.,0.,0.));
#1870 = DIRECTION('',(0.,0.,1.));
#1871 = ADVANCED_FACE('',(#1872),#1883,.F.);
#1872 = FACE_BOUND('',#1873,.F.);
#1873 = EDGE_LOOP('',(#1874,#1875,#1876,#1877));
#1874 = ORIENTED_EDGE('',*,*,#1796,.F.);
#1875 = ORIENTED_EDGE('',*,*,#770,.T.);
#1876 = ORIENTED_EDGE('',*,*,#1851,.T.);
#1877 = ORIENTED_EDGE('',*,*,#1878,.T.);
#1878 = EDGE_CURVE('',#1852,#1797,#1879,.T.);
#1879 = LINE('',#1880,#1881);
#1880 = CARTESIAN_POINT('',(-0.32,-0.32,8.38));
#1881 = VECTOR('',#1882,1.);
#1882 = DIRECTION('',(1.,0.,0.));
#1883 = PLANE('',#1884);
#1884 = AXIS2_PLACEMENT_3D('',#1885,#1886,#1887);
#1885 = CARTESIAN_POINT('',(-0.32,-0.32,-3.));
#1886 = DIRECTION('',(0.,1.,0.));
#1887 = DIRECTION('',(0.,-0.,1.));
#1888 = ADVANCED_FACE('',(#1889),#1914,.T.);
#1889 = FACE_BOUND('',#1890,.T.);
#1890 = EDGE_LOOP('',(#1891,#1899,#1900,#1908));
#1891 = ORIENTED_EDGE('',*,*,#1892,.F.);
#1892 = EDGE_CURVE('',#795,#1893,#1895,.T.);
#1893 = VERTEX_POINT('',#1894);
#1894 = CARTESIAN_POINT('',(0.32,-2.22,8.38));
#1895 = LINE('',#1896,#1897);
#1896 = CARTESIAN_POINT('',(0.32,-2.22,-3.));
#1897 = VECTOR('',#1898,1.);
#1898 = DIRECTION('',(0.,0.,1.));
#1899 = ORIENTED_EDGE('',*,*,#794,.T.);
#1900 = ORIENTED_EDGE('',*,*,#1901,.T.);
#1901 = EDGE_CURVE('',#797,#1902,#1904,.T.);
#1902 = VERTEX_POINT('',#1903);
#1903 = CARTESIAN_POINT('',(-0.32,-2.22,8.38));
#1904 = LINE('',#1905,#1906);
#1905 = CARTESIAN_POINT('',(-0.32,-2.22,-3.));
#1906 = VECTOR('',#1907,1.);
#1907 = DIRECTION('',(0.,0.,1.));
#1908 = ORIENTED_EDGE('',*,*,#1909,.T.);
#1909 = EDGE_CURVE('',#1902,#1893,#1910,.T.);
#1910 = LINE('',#1911,#1912);
#1911 = CARTESIAN_POINT('',(-0.32,-2.22,8.38));
#1912 = VECTOR('',#1913,1.);
#1913 = DIRECTION('',(1.,0.,0.));
#1914 = PLANE('',#1915);
#1915 = AXIS2_PLACEMENT_3D('',#1916,#1917,#1918);
#1916 = CARTESIAN_POINT('',(-0.32,-2.22,-3.));
#1917 = DIRECTION('',(0.,1.,0.));
#1918 = DIRECTION('',(0.,-0.,1.));
#1919 = ADVANCED_FACE('',(#1920),#1938,.F.);
#1920 = FACE_BOUND('',#1921,.F.);
#1921 = EDGE_LOOP('',(#1922,#1930,#1931,#1932));
#1922 = ORIENTED_EDGE('',*,*,#1923,.F.);
#1923 = EDGE_CURVE('',#813,#1924,#1926,.T.);
#1924 = VERTEX_POINT('',#1925);
#1925 = CARTESIAN_POINT('',(-0.32,-2.86,8.38));
#1926 = LINE('',#1927,#1928);
#1927 = CARTESIAN_POINT('',(-0.32,-2.86,-3.));
#1928 = VECTOR('',#1929,1.);
#1929 = DIRECTION('',(0.,0.,1.));
#1930 = ORIENTED_EDGE('',*,*,#820,.T.);
#1931 = ORIENTED_EDGE('',*,*,#1901,.T.);
#1932 = ORIENTED_EDGE('',*,*,#1933,.F.);
#1933 = EDGE_CURVE('',#1924,#1902,#1934,.T.);
#1934 = LINE('',#1935,#1936);
#1935 = CARTESIAN_POINT('',(-0.32,-2.86,8.38));
#1936 = VECTOR('',#1937,1.);
#1937 = DIRECTION('',(0.,1.,0.));
#1938 = PLANE('',#1939);
#1939 = AXIS2_PLACEMENT_3D('',#1940,#1941,#1942);
#1940 = CARTESIAN_POINT('',(-0.32,-2.86,-3.));
#1941 = DIRECTION('',(1.,0.,0.));
#1942 = DIRECTION('',(0.,0.,1.));
#1943 = ADVANCED_FACE('',(#1944),#1962,.F.);
#1944 = FACE_BOUND('',#1945,.F.);
#1945 = EDGE_LOOP('',(#1946,#1954,#1955,#1956));
#1946 = ORIENTED_EDGE('',*,*,#1947,.F.);
#1947 = EDGE_CURVE('',#805,#1948,#1950,.T.);
#1948 = VERTEX_POINT('',#1949);
#1949 = CARTESIAN_POINT('',(0.32,-2.86,8.38));
#1950 = LINE('',#1951,#1952);
#1951 = CARTESIAN_POINT('',(0.32,-2.86,-3.));
#1952 = VECTOR('',#1953,1.);
#1953 = DIRECTION('',(0.,0.,1.));
#1954 = ORIENTED_EDGE('',*,*,#812,.T.);
#1955 = ORIENTED_EDGE('',*,*,#1923,.T.);
#1956 = ORIENTED_EDGE('',*,*,#1957,.T.);
#1957 = EDGE_CURVE('',#1924,#1948,#1958,.T.);
#1958 = LINE('',#1959,#1960);
#1959 = CARTESIAN_POINT('',(-0.32,-2.86,8.38));
#1960 = VECTOR('',#1961,1.);
#1961 = DIRECTION('',(1.,0.,0.));
#1962 = PLANE('',#1963);
#1963 = AXIS2_PLACEMENT_3D('',#1964,#1965,#1966);
#1964 = CARTESIAN_POINT('',(-0.32,-2.86,-3.));
#1965 = DIRECTION('',(0.,1.,0.));
#1966 = DIRECTION('',(0.,-0.,1.));
#1967 = ADVANCED_FACE('',(#1968),#1979,.T.);
#1968 = FACE_BOUND('',#1969,.T.);
#1969 = EDGE_LOOP('',(#1970,#1971,#1972,#1973));
#1970 = ORIENTED_EDGE('',*,*,#1947,.F.);
#1971 = ORIENTED_EDGE('',*,*,#804,.T.);
#1972 = ORIENTED_EDGE('',*,*,#1892,.T.);
#1973 = ORIENTED_EDGE('',*,*,#1974,.F.);
#1974 = EDGE_CURVE('',#1948,#1893,#1975,.T.);
#1975 = LINE('',#1976,#1977);
#1976 = CARTESIAN_POINT('',(0.32,-2.86,8.38));
#1977 = VECTOR('',#1978,1.);
#1978 = DIRECTION('',(0.,1.,0.));
#1979 = PLANE('',#1980);
#1980 = AXIS2_PLACEMENT_3D('',#1981,#1982,#1983);
#1981 = CARTESIAN_POINT('',(0.32,-2.86,-3.));
#1982 = DIRECTION('',(1.,0.,0.));
#1983 = DIRECTION('',(0.,0.,1.));
#1984 = ADVANCED_FACE('',(#1985),#2010,.F.);
#1985 = FACE_BOUND('',#1986,.T.);
#1986 = EDGE_LOOP('',(#1987,#1995,#1996,#2004));
#1987 = ORIENTED_EDGE('',*,*,#1988,.F.);
#1988 = EDGE_CURVE('',#1229,#1989,#1991,.T.);
#1989 = VERTEX_POINT('',#1990);
#1990 = CARTESIAN_POINT('',(-0.16,-4.92,-3.));
#1991 = LINE('',#1992,#1993);
#1992 = CARTESIAN_POINT('',(-0.16,-4.92,-3.));
#1993 = VECTOR('',#1994,1.);
#1994 = DIRECTION('',(0.57735026919,-0.57735026919,-0.57735026919));
#1995 = ORIENTED_EDGE('',*,*,#1228,.T.);
#1996 = ORIENTED_EDGE('',*,*,#1997,.T.);
#1997 = EDGE_CURVE('',#1221,#1998,#2000,.T.);
#1998 = VERTEX_POINT('',#1999);
#1999 = CARTESIAN_POINT('',(0.16,-4.92,-3.));
#2000 = LINE('',#2001,#2002);
#2001 = CARTESIAN_POINT('',(5.333333333333E-02,-5.026666666667,
    -3.106666666667));
#2002 = VECTOR('',#2003,1.);
#2003 = DIRECTION('',(-0.57735026919,-0.57735026919,-0.57735026919));
#2004 = ORIENTED_EDGE('',*,*,#2005,.F.);
#2005 = EDGE_CURVE('',#1989,#1998,#2006,.T.);
#2006 = LINE('',#2007,#2008);
#2007 = CARTESIAN_POINT('',(-0.32,-4.92,-3.));
#2008 = VECTOR('',#2009,1.);
#2009 = DIRECTION('',(1.,0.,0.));
#2010 = PLANE('',#2011);
#2011 = AXIS2_PLACEMENT_3D('',#2012,#2013,#2014);
#2012 = CARTESIAN_POINT('',(-0.32,-4.84,-2.92));
#2013 = DIRECTION('',(-1.735167508357E-18,-0.707106781187,0.707106781187
    ));
#2014 = DIRECTION('',(-1.,1.226948711654E-18,-1.226948711654E-18));
#2015 = ADVANCED_FACE('',(#2016),#2034,.T.);
#2016 = FACE_BOUND('',#2017,.T.);
#2017 = EDGE_LOOP('',(#2018,#2026,#2027,#2028));
#2018 = ORIENTED_EDGE('',*,*,#2019,.F.);
#2019 = EDGE_CURVE('',#1252,#2020,#2022,.T.);
#2020 = VERTEX_POINT('',#2021);
#2021 = CARTESIAN_POINT('',(-0.16,-5.24,-3.));
#2022 = LINE('',#2023,#2024);
#2023 = CARTESIAN_POINT('',(-0.266666666667,-5.346666666667,
    -2.893333333333));
#2024 = VECTOR('',#2025,1.);
#2025 = DIRECTION('',(0.57735026919,0.57735026919,-0.57735026919));
#2026 = ORIENTED_EDGE('',*,*,#1259,.T.);
#2027 = ORIENTED_EDGE('',*,*,#1988,.T.);
#2028 = ORIENTED_EDGE('',*,*,#2029,.F.);
#2029 = EDGE_CURVE('',#2020,#1989,#2030,.T.);
#2030 = LINE('',#2031,#2032);
#2031 = CARTESIAN_POINT('',(-0.16,-5.4,-3.));
#2032 = VECTOR('',#2033,1.);
#2033 = DIRECTION('',(0.,1.,0.));
#2034 = PLANE('',#2035);
#2035 = AXIS2_PLACEMENT_3D('',#2036,#2037,#2038);
#2036 = CARTESIAN_POINT('',(-0.24,-5.4,-2.92));
#2037 = DIRECTION('',(-0.707106781187,-1.735167508357E-18,
    -0.707106781187));
#2038 = DIRECTION('',(-1.226948711654E-18,1.,-1.226948711654E-18));
#2039 = ADVANCED_FACE('',(#2040),#2058,.T.);
#2040 = FACE_BOUND('',#2041,.F.);
#2041 = EDGE_LOOP('',(#2042,#2043,#2044,#2052));
#2042 = ORIENTED_EDGE('',*,*,#2019,.F.);
#2043 = ORIENTED_EDGE('',*,*,#1283,.T.);
#2044 = ORIENTED_EDGE('',*,*,#2045,.T.);
#2045 = EDGE_CURVE('',#1276,#2046,#2048,.T.);
#2046 = VERTEX_POINT('',#2047);
#2047 = CARTESIAN_POINT('',(0.16,-5.24,-3.));
#2048 = LINE('',#2049,#2050);
#2049 = CARTESIAN_POINT('',(0.16,-5.24,-3.));
#2050 = VECTOR('',#2051,1.);
#2051 = DIRECTION('',(-0.57735026919,0.57735026919,-0.57735026919));
#2052 = ORIENTED_EDGE('',*,*,#2053,.F.);
#2053 = EDGE_CURVE('',#2020,#2046,#2054,.T.);
#2054 = LINE('',#2055,#2056);
#2055 = CARTESIAN_POINT('',(-0.32,-5.24,-3.));
#2056 = VECTOR('',#2057,1.);
#2057 = DIRECTION('',(1.,0.,0.));
#2058 = PLANE('',#2059);
#2059 = AXIS2_PLACEMENT_3D('',#2060,#2061,#2062);
#2060 = CARTESIAN_POINT('',(-0.32,-5.32,-2.92));
#2061 = DIRECTION('',(1.735167508357E-18,-0.707106781187,-0.707106781187
    ));
#2062 = DIRECTION('',(-1.,-1.226948711654E-18,-1.226948711654E-18));
#2063 = ADVANCED_FACE('',(#2064),#2075,.F.);
#2064 = FACE_BOUND('',#2065,.F.);
#2065 = EDGE_LOOP('',(#2066,#2067,#2068,#2069));
#2066 = ORIENTED_EDGE('',*,*,#2045,.F.);
#2067 = ORIENTED_EDGE('',*,*,#1300,.T.);
#2068 = ORIENTED_EDGE('',*,*,#1997,.T.);
#2069 = ORIENTED_EDGE('',*,*,#2070,.F.);
#2070 = EDGE_CURVE('',#2046,#1998,#2071,.T.);
#2071 = LINE('',#2072,#2073);
#2072 = CARTESIAN_POINT('',(0.16,-5.4,-3.));
#2073 = VECTOR('',#2074,1.);
#2074 = DIRECTION('',(0.,1.,0.));
#2075 = PLANE('',#2076);
#2076 = AXIS2_PLACEMENT_3D('',#2077,#2078,#2079);
#2077 = CARTESIAN_POINT('',(0.24,-5.4,-2.92));
#2078 = DIRECTION('',(-0.707106781187,1.735167508357E-18,0.707106781187)
  );
#2079 = DIRECTION('',(1.226948711654E-18,1.,-1.226948711654E-18));
#2080 = ADVANCED_FACE('',(#2081),#2106,.F.);
#2081 = FACE_BOUND('',#2082,.F.);
#2082 = EDGE_LOOP('',(#2083,#2091,#2092,#2100));
#2083 = ORIENTED_EDGE('',*,*,#2084,.F.);
#2084 = EDGE_CURVE('',#1317,#2085,#2087,.T.);
#2085 = VERTEX_POINT('',#2086);
#2086 = CARTESIAN_POINT('',(0.16,-7.78,-3.));
#2087 = LINE('',#2088,#2089);
#2088 = CARTESIAN_POINT('',(0.16,-7.78,-3.));
#2089 = VECTOR('',#2090,1.);
#2090 = DIRECTION('',(-0.57735026919,0.57735026919,-0.57735026919));
#2091 = ORIENTED_EDGE('',*,*,#1324,.T.);
#2092 = ORIENTED_EDGE('',*,*,#2093,.T.);
#2093 = EDGE_CURVE('',#1325,#2094,#2096,.T.);
#2094 = VERTEX_POINT('',#2095);
#2095 = CARTESIAN_POINT('',(0.16,-7.46,-3.));
#2096 = LINE('',#2097,#2098);
#2097 = CARTESIAN_POINT('',(5.333333333333E-02,-7.566666666667,
    -3.106666666667));
#2098 = VECTOR('',#2099,1.);
#2099 = DIRECTION('',(-0.57735026919,-0.57735026919,-0.57735026919));
#2100 = ORIENTED_EDGE('',*,*,#2101,.F.);
#2101 = EDGE_CURVE('',#2085,#2094,#2102,.T.);
#2102 = LINE('',#2103,#2104);
#2103 = CARTESIAN_POINT('',(0.16,-7.94,-3.));
#2104 = VECTOR('',#2105,1.);
#2105 = DIRECTION('',(0.,1.,0.));
#2106 = PLANE('',#2107);
#2107 = AXIS2_PLACEMENT_3D('',#2108,#2109,#2110);
#2108 = CARTESIAN_POINT('',(0.24,-7.94,-2.92));
#2109 = DIRECTION('',(-0.707106781187,1.735167508357E-18,0.707106781187)
  );
#2110 = DIRECTION('',(1.226948711654E-18,1.,-1.226948711654E-18));
#2111 = ADVANCED_FACE('',(#2112),#2130,.F.);
#2112 = FACE_BOUND('',#2113,.T.);
#2113 = EDGE_LOOP('',(#2114,#2122,#2123,#2124));
#2114 = ORIENTED_EDGE('',*,*,#2115,.F.);
#2115 = EDGE_CURVE('',#1349,#2116,#2118,.T.);
#2116 = VERTEX_POINT('',#2117);
#2117 = CARTESIAN_POINT('',(-0.16,-7.46,-3.));
#2118 = LINE('',#2119,#2120);
#2119 = CARTESIAN_POINT('',(-0.16,-7.46,-3.));
#2120 = VECTOR('',#2121,1.);
#2121 = DIRECTION('',(0.57735026919,-0.57735026919,-0.57735026919));
#2122 = ORIENTED_EDGE('',*,*,#1348,.T.);
#2123 = ORIENTED_EDGE('',*,*,#2093,.T.);
#2124 = ORIENTED_EDGE('',*,*,#2125,.F.);
#2125 = EDGE_CURVE('',#2116,#2094,#2126,.T.);
#2126 = LINE('',#2127,#2128);
#2127 = CARTESIAN_POINT('',(-0.32,-7.46,-3.));
#2128 = VECTOR('',#2129,1.);
#2129 = DIRECTION('',(1.,0.,0.));
#2130 = PLANE('',#2131);
#2131 = AXIS2_PLACEMENT_3D('',#2132,#2133,#2134);
#2132 = CARTESIAN_POINT('',(-0.32,-7.38,-2.92));
#2133 = DIRECTION('',(-1.735167508357E-18,-0.707106781187,0.707106781187
    ));
#2134 = DIRECTION('',(-1.,1.226948711654E-18,-1.226948711654E-18));
#2135 = ADVANCED_FACE('',(#2136),#2154,.T.);
#2136 = FACE_BOUND('',#2137,.T.);
#2137 = EDGE_LOOP('',(#2138,#2146,#2147,#2148));
#2138 = ORIENTED_EDGE('',*,*,#2139,.F.);
#2139 = EDGE_CURVE('',#1372,#2140,#2142,.T.);
#2140 = VERTEX_POINT('',#2141);
#2141 = CARTESIAN_POINT('',(-0.16,-7.78,-3.));
#2142 = LINE('',#2143,#2144);
#2143 = CARTESIAN_POINT('',(-0.266666666667,-7.886666666667,
    -2.893333333333));
#2144 = VECTOR('',#2145,1.);
#2145 = DIRECTION('',(0.57735026919,0.57735026919,-0.57735026919));
#2146 = ORIENTED_EDGE('',*,*,#1379,.T.);
#2147 = ORIENTED_EDGE('',*,*,#2115,.T.);
#2148 = ORIENTED_EDGE('',*,*,#2149,.F.);
#2149 = EDGE_CURVE('',#2140,#2116,#2150,.T.);
#2150 = LINE('',#2151,#2152);
#2151 = CARTESIAN_POINT('',(-0.16,-7.94,-3.));
#2152 = VECTOR('',#2153,1.);
#2153 = DIRECTION('',(0.,1.,0.));
#2154 = PLANE('',#2155);
#2155 = AXIS2_PLACEMENT_3D('',#2156,#2157,#2158);
#2156 = CARTESIAN_POINT('',(-0.24,-7.94,-2.92));
#2157 = DIRECTION('',(-0.707106781187,-1.735167508357E-18,
    -0.707106781187));
#2158 = DIRECTION('',(-1.226948711654E-18,1.,-1.226948711654E-18));
#2159 = ADVANCED_FACE('',(#2160),#2171,.T.);
#2160 = FACE_BOUND('',#2161,.F.);
#2161 = EDGE_LOOP('',(#2162,#2163,#2164,#2165));
#2162 = ORIENTED_EDGE('',*,*,#2139,.F.);
#2163 = ORIENTED_EDGE('',*,*,#1396,.T.);
#2164 = ORIENTED_EDGE('',*,*,#2084,.T.);
#2165 = ORIENTED_EDGE('',*,*,#2166,.F.);
#2166 = EDGE_CURVE('',#2140,#2085,#2167,.T.);
#2167 = LINE('',#2168,#2169);
#2168 = CARTESIAN_POINT('',(-0.32,-7.78,-3.));
#2169 = VECTOR('',#2170,1.);
#2170 = DIRECTION('',(1.,0.,0.));
#2171 = PLANE('',#2172);
#2172 = AXIS2_PLACEMENT_3D('',#2173,#2174,#2175);
#2173 = CARTESIAN_POINT('',(-0.32,-7.86,-2.92));
#2174 = DIRECTION('',(1.735167508357E-18,-0.707106781187,-0.707106781187
    ));
#2175 = DIRECTION('',(-1.,-1.226948711654E-18,-1.226948711654E-18));
#2176 = ADVANCED_FACE('',(#2177),#2202,.F.);
#2177 = FACE_BOUND('',#2178,.F.);
#2178 = EDGE_LOOP('',(#2179,#2187,#2188,#2196));
#2179 = ORIENTED_EDGE('',*,*,#2180,.F.);
#2180 = EDGE_CURVE('',#1413,#2181,#2183,.T.);
#2181 = VERTEX_POINT('',#2182);
#2182 = CARTESIAN_POINT('',(0.16,-0.16,-3.));
#2183 = LINE('',#2184,#2185);
#2184 = CARTESIAN_POINT('',(0.16,-0.16,-3.));
#2185 = VECTOR('',#2186,1.);
#2186 = DIRECTION('',(-0.57735026919,0.57735026919,-0.57735026919));
#2187 = ORIENTED_EDGE('',*,*,#1420,.T.);
#2188 = ORIENTED_EDGE('',*,*,#2189,.T.);
#2189 = EDGE_CURVE('',#1421,#2190,#2192,.T.);
#2190 = VERTEX_POINT('',#2191);
#2191 = CARTESIAN_POINT('',(0.16,0.16,-3.));
#2192 = LINE('',#2193,#2194);
#2193 = CARTESIAN_POINT('',(5.333333333333E-02,5.333333333333E-02,
    -3.106666666667));
#2194 = VECTOR('',#2195,1.);
#2195 = DIRECTION('',(-0.57735026919,-0.57735026919,-0.57735026919));
#2196 = ORIENTED_EDGE('',*,*,#2197,.F.);
#2197 = EDGE_CURVE('',#2181,#2190,#2198,.T.);
#2198 = LINE('',#2199,#2200);
#2199 = CARTESIAN_POINT('',(0.16,-0.32,-3.));
#2200 = VECTOR('',#2201,1.);
#2201 = DIRECTION('',(0.,1.,0.));
#2202 = PLANE('',#2203);
#2203 = AXIS2_PLACEMENT_3D('',#2204,#2205,#2206);
#2204 = CARTESIAN_POINT('',(0.24,-0.32,-2.92));
#2205 = DIRECTION('',(-0.707106781187,1.735167508357E-18,0.707106781187)
  );
#2206 = DIRECTION('',(1.226948711654E-18,1.,-1.226948711654E-18));
#2207 = ADVANCED_FACE('',(#2208),#2226,.F.);
#2208 = FACE_BOUND('',#2209,.T.);
#2209 = EDGE_LOOP('',(#2210,#2218,#2219,#2220));
#2210 = ORIENTED_EDGE('',*,*,#2211,.F.);
#2211 = EDGE_CURVE('',#1445,#2212,#2214,.T.);
#2212 = VERTEX_POINT('',#2213);
#2213 = CARTESIAN_POINT('',(-0.16,0.16,-3.));
#2214 = LINE('',#2215,#2216);
#2215 = CARTESIAN_POINT('',(-0.16,0.16,-3.));
#2216 = VECTOR('',#2217,1.);
#2217 = DIRECTION('',(0.57735026919,-0.57735026919,-0.57735026919));
#2218 = ORIENTED_EDGE('',*,*,#1444,.T.);
#2219 = ORIENTED_EDGE('',*,*,#2189,.T.);
#2220 = ORIENTED_EDGE('',*,*,#2221,.F.);
#2221 = EDGE_CURVE('',#2212,#2190,#2222,.T.);
#2222 = LINE('',#2223,#2224);
#2223 = CARTESIAN_POINT('',(-0.32,0.16,-3.));
#2224 = VECTOR('',#2225,1.);
#2225 = DIRECTION('',(1.,0.,0.));
#2226 = PLANE('',#2227);
#2227 = AXIS2_PLACEMENT_3D('',#2228,#2229,#2230);
#2228 = CARTESIAN_POINT('',(-0.32,0.24,-2.92));
#2229 = DIRECTION('',(-1.735167508357E-18,-0.707106781187,0.707106781187
    ));
#2230 = DIRECTION('',(-1.,1.226948711654E-18,-1.226948711654E-18));
#2231 = ADVANCED_FACE('',(#2232),#2250,.T.);
#2232 = FACE_BOUND('',#2233,.T.);
#2233 = EDGE_LOOP('',(#2234,#2242,#2243,#2244));
#2234 = ORIENTED_EDGE('',*,*,#2235,.F.);
#2235 = EDGE_CURVE('',#1468,#2236,#2238,.T.);
#2236 = VERTEX_POINT('',#2237);
#2237 = CARTESIAN_POINT('',(-0.16,-0.16,-3.));
#2238 = LINE('',#2239,#2240);
#2239 = CARTESIAN_POINT('',(-0.266666666667,-0.266666666667,
    -2.893333333333));
#2240 = VECTOR('',#2241,1.);
#2241 = DIRECTION('',(0.57735026919,0.57735026919,-0.57735026919));
#2242 = ORIENTED_EDGE('',*,*,#1475,.T.);
#2243 = ORIENTED_EDGE('',*,*,#2211,.T.);
#2244 = ORIENTED_EDGE('',*,*,#2245,.F.);
#2245 = EDGE_CURVE('',#2236,#2212,#2246,.T.);
#2246 = LINE('',#2247,#2248);
#2247 = CARTESIAN_POINT('',(-0.16,-0.32,-3.));
#2248 = VECTOR('',#2249,1.);
#2249 = DIRECTION('',(0.,1.,0.));
#2250 = PLANE('',#2251);
#2251 = AXIS2_PLACEMENT_3D('',#2252,#2253,#2254);
#2252 = CARTESIAN_POINT('',(-0.24,-0.32,-2.92));
#2253 = DIRECTION('',(-0.707106781187,-1.735167508357E-18,
    -0.707106781187));
#2254 = DIRECTION('',(-1.226948711654E-18,1.,-1.226948711654E-18));
#2255 = ADVANCED_FACE('',(#2256),#2267,.T.);
#2256 = FACE_BOUND('',#2257,.F.);
#2257 = EDGE_LOOP('',(#2258,#2259,#2260,#2261));
#2258 = ORIENTED_EDGE('',*,*,#2235,.F.);
#2259 = ORIENTED_EDGE('',*,*,#1492,.T.);
#2260 = ORIENTED_EDGE('',*,*,#2180,.T.);
#2261 = ORIENTED_EDGE('',*,*,#2262,.F.);
#2262 = EDGE_CURVE('',#2236,#2181,#2263,.T.);
#2263 = LINE('',#2264,#2265);
#2264 = CARTESIAN_POINT('',(-0.32,-0.16,-3.));
#2265 = VECTOR('',#2266,1.);
#2266 = DIRECTION('',(1.,0.,0.));
#2267 = PLANE('',#2268);
#2268 = AXIS2_PLACEMENT_3D('',#2269,#2270,#2271);
#2269 = CARTESIAN_POINT('',(-0.32,-0.24,-2.92));
#2270 = DIRECTION('',(1.735167508357E-18,-0.707106781187,-0.707106781187
    ));
#2271 = DIRECTION('',(-1.,-1.226948711654E-18,-1.226948711654E-18));
#2272 = ADVANCED_FACE('',(#2273),#2298,.F.);
#2273 = FACE_BOUND('',#2274,.T.);
#2274 = EDGE_LOOP('',(#2275,#2283,#2284,#2292));
#2275 = ORIENTED_EDGE('',*,*,#2276,.F.);
#2276 = EDGE_CURVE('',#1517,#2277,#2279,.T.);
#2277 = VERTEX_POINT('',#2278);
#2278 = CARTESIAN_POINT('',(-0.16,-2.38,-3.));
#2279 = LINE('',#2280,#2281);
#2280 = CARTESIAN_POINT('',(-0.16,-2.38,-3.));
#2281 = VECTOR('',#2282,1.);
#2282 = DIRECTION('',(0.57735026919,-0.57735026919,-0.57735026919));
#2283 = ORIENTED_EDGE('',*,*,#1516,.T.);
#2284 = ORIENTED_EDGE('',*,*,#2285,.T.);
#2285 = EDGE_CURVE('',#1509,#2286,#2288,.T.);
#2286 = VERTEX_POINT('',#2287);
#2287 = CARTESIAN_POINT('',(0.16,-2.38,-3.));
#2288 = LINE('',#2289,#2290);
#2289 = CARTESIAN_POINT('',(5.333333333333E-02,-2.486666666667,
    -3.106666666667));
#2290 = VECTOR('',#2291,1.);
#2291 = DIRECTION('',(-0.57735026919,-0.57735026919,-0.57735026919));
#2292 = ORIENTED_EDGE('',*,*,#2293,.F.);
#2293 = EDGE_CURVE('',#2277,#2286,#2294,.T.);
#2294 = LINE('',#2295,#2296);
#2295 = CARTESIAN_POINT('',(-0.32,-2.38,-3.));
#2296 = VECTOR('',#2297,1.);
#2297 = DIRECTION('',(1.,0.,0.));
#2298 = PLANE('',#2299);
#2299 = AXIS2_PLACEMENT_3D('',#2300,#2301,#2302);
#2300 = CARTESIAN_POINT('',(-0.32,-2.3,-2.92));
#2301 = DIRECTION('',(-1.735167508357E-18,-0.707106781187,0.707106781187
    ));
#2302 = DIRECTION('',(-1.,1.226948711654E-18,-1.226948711654E-18));
#2303 = ADVANCED_FACE('',(#2304),#2322,.T.);
#2304 = FACE_BOUND('',#2305,.T.);
#2305 = EDGE_LOOP('',(#2306,#2314,#2315,#2316));
#2306 = ORIENTED_EDGE('',*,*,#2307,.F.);
#2307 = EDGE_CURVE('',#1540,#2308,#2310,.T.);
#2308 = VERTEX_POINT('',#2309);
#2309 = CARTESIAN_POINT('',(-0.16,-2.7,-3.));
#2310 = LINE('',#2311,#2312);
#2311 = CARTESIAN_POINT('',(-0.266666666667,-2.806666666667,
    -2.893333333333));
#2312 = VECTOR('',#2313,1.);
#2313 = DIRECTION('',(0.57735026919,0.57735026919,-0.57735026919));
#2314 = ORIENTED_EDGE('',*,*,#1547,.T.);
#2315 = ORIENTED_EDGE('',*,*,#2276,.T.);
#2316 = ORIENTED_EDGE('',*,*,#2317,.F.);
#2317 = EDGE_CURVE('',#2308,#2277,#2318,.T.);
#2318 = LINE('',#2319,#2320);
#2319 = CARTESIAN_POINT('',(-0.16,-2.86,-3.));
#2320 = VECTOR('',#2321,1.);
#2321 = DIRECTION('',(0.,1.,0.));
#2322 = PLANE('',#2323);
#2323 = AXIS2_PLACEMENT_3D('',#2324,#2325,#2326);
#2324 = CARTESIAN_POINT('',(-0.24,-2.86,-2.92));
#2325 = DIRECTION('',(-0.707106781187,-1.735167508357E-18,
    -0.707106781187));
#2326 = DIRECTION('',(-1.226948711654E-18,1.,-1.226948711654E-18));
#2327 = ADVANCED_FACE('',(#2328),#2346,.T.);
#2328 = FACE_BOUND('',#2329,.F.);
#2329 = EDGE_LOOP('',(#2330,#2331,#2332,#2340));
#2330 = ORIENTED_EDGE('',*,*,#2307,.F.);
#2331 = ORIENTED_EDGE('',*,*,#1571,.T.);
#2332 = ORIENTED_EDGE('',*,*,#2333,.T.);
#2333 = EDGE_CURVE('',#1564,#2334,#2336,.T.);
#2334 = VERTEX_POINT('',#2335);
#2335 = CARTESIAN_POINT('',(0.16,-2.7,-3.));
#2336 = LINE('',#2337,#2338);
#2337 = CARTESIAN_POINT('',(0.16,-2.7,-3.));
#2338 = VECTOR('',#2339,1.);
#2339 = DIRECTION('',(-0.57735026919,0.57735026919,-0.57735026919));
#2340 = ORIENTED_EDGE('',*,*,#2341,.F.);
#2341 = EDGE_CURVE('',#2308,#2334,#2342,.T.);
#2342 = LINE('',#2343,#2344);
#2343 = CARTESIAN_POINT('',(-0.32,-2.7,-3.));
#2344 = VECTOR('',#2345,1.);
#2345 = DIRECTION('',(1.,0.,0.));
#2346 = PLANE('',#2347);
#2347 = AXIS2_PLACEMENT_3D('',#2348,#2349,#2350);
#2348 = CARTESIAN_POINT('',(-0.32,-2.78,-2.92));
#2349 = DIRECTION('',(1.735167508357E-18,-0.707106781187,-0.707106781187
    ));
#2350 = DIRECTION('',(-1.,-1.226948711654E-18,-1.226948711654E-18));
#2351 = ADVANCED_FACE('',(#2352),#2363,.F.);
#2352 = FACE_BOUND('',#2353,.F.);
#2353 = EDGE_LOOP('',(#2354,#2355,#2356,#2357));
#2354 = ORIENTED_EDGE('',*,*,#2333,.F.);
#2355 = ORIENTED_EDGE('',*,*,#1588,.T.);
#2356 = ORIENTED_EDGE('',*,*,#2285,.T.);
#2357 = ORIENTED_EDGE('',*,*,#2358,.F.);
#2358 = EDGE_CURVE('',#2334,#2286,#2359,.T.);
#2359 = LINE('',#2360,#2361);
#2360 = CARTESIAN_POINT('',(0.16,-2.86,-3.));
#2361 = VECTOR('',#2362,1.);
#2362 = DIRECTION('',(0.,1.,0.));
#2363 = PLANE('',#2364);
#2364 = AXIS2_PLACEMENT_3D('',#2365,#2366,#2367);
#2365 = CARTESIAN_POINT('',(0.24,-2.86,-2.92));
#2366 = DIRECTION('',(-0.707106781187,1.735167508357E-18,0.707106781187)
  );
#2367 = DIRECTION('',(1.226948711654E-18,1.,-1.226948711654E-18));
#2368 = ADVANCED_FACE('',(#2369),#2394,.T.);
#2369 = FACE_BOUND('',#2370,.F.);
#2370 = EDGE_LOOP('',(#2371,#2379,#2380,#2388));
#2371 = ORIENTED_EDGE('',*,*,#2372,.F.);
#2372 = EDGE_CURVE('',#1614,#2373,#2375,.T.);
#2373 = VERTEX_POINT('',#2374);
#2374 = CARTESIAN_POINT('',(-0.16,-4.92,8.54));
#2375 = LINE('',#2376,#2377);
#2376 = CARTESIAN_POINT('',(-0.16,-4.92,8.54));
#2377 = VECTOR('',#2378,1.);
#2378 = DIRECTION('',(0.57735026919,-0.57735026919,0.57735026919));
#2379 = ORIENTED_EDGE('',*,*,#1621,.T.);
#2380 = ORIENTED_EDGE('',*,*,#2381,.T.);
#2381 = EDGE_CURVE('',#1605,#2382,#2384,.T.);
#2382 = VERTEX_POINT('',#2383);
#2383 = CARTESIAN_POINT('',(0.16,-4.92,8.54));
#2384 = LINE('',#2385,#2386);
#2385 = CARTESIAN_POINT('',(5.333333333333E-02,-5.026666666667,
    8.646666666667));
#2386 = VECTOR('',#2387,1.);
#2387 = DIRECTION('',(-0.57735026919,-0.57735026919,0.57735026919));
#2388 = ORIENTED_EDGE('',*,*,#2389,.F.);
#2389 = EDGE_CURVE('',#2373,#2382,#2390,.T.);
#2390 = LINE('',#2391,#2392);
#2391 = CARTESIAN_POINT('',(-0.32,-4.92,8.54));
#2392 = VECTOR('',#2393,1.);
#2393 = DIRECTION('',(1.,0.,0.));
#2394 = PLANE('',#2395);
#2395 = AXIS2_PLACEMENT_3D('',#2396,#2397,#2398);
#2396 = CARTESIAN_POINT('',(-0.32,-4.84,8.46));
#2397 = DIRECTION('',(1.735167508357E-18,0.707106781187,0.707106781187)
  );
#2398 = DIRECTION('',(-1.,1.226948711654E-18,1.226948711654E-18));
#2399 = ADVANCED_FACE('',(#2400),#2418,.F.);
#2400 = FACE_BOUND('',#2401,.F.);
#2401 = EDGE_LOOP('',(#2402,#2410,#2411,#2412));
#2402 = ORIENTED_EDGE('',*,*,#2403,.F.);
#2403 = EDGE_CURVE('',#1636,#2404,#2406,.T.);
#2404 = VERTEX_POINT('',#2405);
#2405 = CARTESIAN_POINT('',(-0.16,-5.24,8.54));
#2406 = LINE('',#2407,#2408);
#2407 = CARTESIAN_POINT('',(-0.266666666667,-5.346666666667,
    8.433333333333));
#2408 = VECTOR('',#2409,1.);
#2409 = DIRECTION('',(0.57735026919,0.57735026919,0.57735026919));
#2410 = ORIENTED_EDGE('',*,*,#1645,.T.);
#2411 = ORIENTED_EDGE('',*,*,#2372,.T.);
#2412 = ORIENTED_EDGE('',*,*,#2413,.F.);
#2413 = EDGE_CURVE('',#2404,#2373,#2414,.T.);
#2414 = LINE('',#2415,#2416);
#2415 = CARTESIAN_POINT('',(-0.16,-5.4,8.54));
#2416 = VECTOR('',#2417,1.);
#2417 = DIRECTION('',(0.,1.,0.));
#2418 = PLANE('',#2419);
#2419 = AXIS2_PLACEMENT_3D('',#2420,#2421,#2422);
#2420 = CARTESIAN_POINT('',(-0.24,-5.4,8.46));
#2421 = DIRECTION('',(0.707106781187,1.735167508357E-18,-0.707106781187)
  );
#2422 = DIRECTION('',(-1.226948711654E-18,1.,1.226948711654E-18));
#2423 = ADVANCED_FACE('',(#2424),#2442,.F.);
#2424 = FACE_BOUND('',#2425,.T.);
#2425 = EDGE_LOOP('',(#2426,#2427,#2428,#2436));
#2426 = ORIENTED_EDGE('',*,*,#2403,.F.);
#2427 = ORIENTED_EDGE('',*,*,#1669,.T.);
#2428 = ORIENTED_EDGE('',*,*,#2429,.T.);
#2429 = EDGE_CURVE('',#1660,#2430,#2432,.T.);
#2430 = VERTEX_POINT('',#2431);
#2431 = CARTESIAN_POINT('',(0.16,-5.24,8.54));
#2432 = LINE('',#2433,#2434);
#2433 = CARTESIAN_POINT('',(0.16,-5.24,8.54));
#2434 = VECTOR('',#2435,1.);
#2435 = DIRECTION('',(-0.57735026919,0.57735026919,0.57735026919));
#2436 = ORIENTED_EDGE('',*,*,#2437,.F.);
#2437 = EDGE_CURVE('',#2404,#2430,#2438,.T.);
#2438 = LINE('',#2439,#2440);
#2439 = CARTESIAN_POINT('',(-0.32,-5.24,8.54));
#2440 = VECTOR('',#2441,1.);
#2441 = DIRECTION('',(1.,0.,0.));
#2442 = PLANE('',#2443);
#2443 = AXIS2_PLACEMENT_3D('',#2444,#2445,#2446);
#2444 = CARTESIAN_POINT('',(-0.32,-5.32,8.46));
#2445 = DIRECTION('',(-1.735167508357E-18,0.707106781187,-0.707106781187
    ));
#2446 = DIRECTION('',(-1.,-1.226948711654E-18,1.226948711654E-18));
#2447 = ADVANCED_FACE('',(#2448),#2459,.T.);
#2448 = FACE_BOUND('',#2449,.T.);
#2449 = EDGE_LOOP('',(#2450,#2451,#2452,#2453));
#2450 = ORIENTED_EDGE('',*,*,#2429,.F.);
#2451 = ORIENTED_EDGE('',*,*,#1686,.T.);
#2452 = ORIENTED_EDGE('',*,*,#2381,.T.);
#2453 = ORIENTED_EDGE('',*,*,#2454,.F.);
#2454 = EDGE_CURVE('',#2430,#2382,#2455,.T.);
#2455 = LINE('',#2456,#2457);
#2456 = CARTESIAN_POINT('',(0.16,-5.4,8.54));
#2457 = VECTOR('',#2458,1.);
#2458 = DIRECTION('',(0.,1.,0.));
#2459 = PLANE('',#2460);
#2460 = AXIS2_PLACEMENT_3D('',#2461,#2462,#2463);
#2461 = CARTESIAN_POINT('',(0.24,-5.4,8.46));
#2462 = DIRECTION('',(0.707106781187,-1.735167508357E-18,0.707106781187)
  );
#2463 = DIRECTION('',(1.226948711654E-18,1.,1.226948711654E-18));
#2464 = ADVANCED_FACE('',(#2465),#2490,.T.);
#2465 = FACE_BOUND('',#2466,.T.);
#2466 = EDGE_LOOP('',(#2467,#2475,#2476,#2484));
#2467 = ORIENTED_EDGE('',*,*,#2468,.F.);
#2468 = EDGE_CURVE('',#1701,#2469,#2471,.T.);
#2469 = VERTEX_POINT('',#2470);
#2470 = CARTESIAN_POINT('',(0.16,-7.78,8.54));
#2471 = LINE('',#2472,#2473);
#2472 = CARTESIAN_POINT('',(0.16,-7.78,8.54));
#2473 = VECTOR('',#2474,1.);
#2474 = DIRECTION('',(-0.57735026919,0.57735026919,0.57735026919));
#2475 = ORIENTED_EDGE('',*,*,#1717,.T.);
#2476 = ORIENTED_EDGE('',*,*,#2477,.T.);
#2477 = EDGE_CURVE('',#1710,#2478,#2480,.T.);
#2478 = VERTEX_POINT('',#2479);
#2479 = CARTESIAN_POINT('',(0.16,-7.46,8.54));
#2480 = LINE('',#2481,#2482);
#2481 = CARTESIAN_POINT('',(5.333333333333E-02,-7.566666666667,
    8.646666666667));
#2482 = VECTOR('',#2483,1.);
#2483 = DIRECTION('',(-0.57735026919,-0.57735026919,0.57735026919));
#2484 = ORIENTED_EDGE('',*,*,#2485,.F.);
#2485 = EDGE_CURVE('',#2469,#2478,#2486,.T.);
#2486 = LINE('',#2487,#2488);
#2487 = CARTESIAN_POINT('',(0.16,-7.94,8.54));
#2488 = VECTOR('',#2489,1.);
#2489 = DIRECTION('',(0.,1.,0.));
#2490 = PLANE('',#2491);
#2491 = AXIS2_PLACEMENT_3D('',#2492,#2493,#2494);
#2492 = CARTESIAN_POINT('',(0.24,-7.94,8.46));
#2493 = DIRECTION('',(0.707106781187,-1.735167508357E-18,0.707106781187)
  );
#2494 = DIRECTION('',(1.226948711654E-18,1.,1.226948711654E-18));
#2495 = ADVANCED_FACE('',(#2496),#2514,.T.);
#2496 = FACE_BOUND('',#2497,.F.);
#2497 = EDGE_LOOP('',(#2498,#2506,#2507,#2508));
#2498 = ORIENTED_EDGE('',*,*,#2499,.F.);
#2499 = EDGE_CURVE('',#1734,#2500,#2502,.T.);
#2500 = VERTEX_POINT('',#2501);
#2501 = CARTESIAN_POINT('',(-0.16,-7.46,8.54));
#2502 = LINE('',#2503,#2504);
#2503 = CARTESIAN_POINT('',(-0.16,-7.46,8.54));
#2504 = VECTOR('',#2505,1.);
#2505 = DIRECTION('',(0.57735026919,-0.57735026919,0.57735026919));
#2506 = ORIENTED_EDGE('',*,*,#1741,.T.);
#2507 = ORIENTED_EDGE('',*,*,#2477,.T.);
#2508 = ORIENTED_EDGE('',*,*,#2509,.F.);
#2509 = EDGE_CURVE('',#2500,#2478,#2510,.T.);
#2510 = LINE('',#2511,#2512);
#2511 = CARTESIAN_POINT('',(-0.32,-7.46,8.54));
#2512 = VECTOR('',#2513,1.);
#2513 = DIRECTION('',(1.,0.,0.));
#2514 = PLANE('',#2515);
#2515 = AXIS2_PLACEMENT_3D('',#2516,#2517,#2518);
#2516 = CARTESIAN_POINT('',(-0.32,-7.38,8.46));
#2517 = DIRECTION('',(1.735167508357E-18,0.707106781187,0.707106781187)
  );
#2518 = DIRECTION('',(-1.,1.226948711654E-18,1.226948711654E-18));
#2519 = ADVANCED_FACE('',(#2520),#2538,.F.);
#2520 = FACE_BOUND('',#2521,.F.);
#2521 = EDGE_LOOP('',(#2522,#2530,#2531,#2532));
#2522 = ORIENTED_EDGE('',*,*,#2523,.F.);
#2523 = EDGE_CURVE('',#1756,#2524,#2526,.T.);
#2524 = VERTEX_POINT('',#2525);
#2525 = CARTESIAN_POINT('',(-0.16,-7.78,8.54));
#2526 = LINE('',#2527,#2528);
#2527 = CARTESIAN_POINT('',(-0.266666666667,-7.886666666667,
    8.433333333333));
#2528 = VECTOR('',#2529,1.);
#2529 = DIRECTION('',(0.57735026919,0.57735026919,0.57735026919));
#2530 = ORIENTED_EDGE('',*,*,#1765,.T.);
#2531 = ORIENTED_EDGE('',*,*,#2499,.T.);
#2532 = ORIENTED_EDGE('',*,*,#2533,.F.);
#2533 = EDGE_CURVE('',#2524,#2500,#2534,.T.);
#2534 = LINE('',#2535,#2536);
#2535 = CARTESIAN_POINT('',(-0.16,-7.94,8.54));
#2536 = VECTOR('',#2537,1.);
#2537 = DIRECTION('',(0.,1.,0.));
#2538 = PLANE('',#2539);
#2539 = AXIS2_PLACEMENT_3D('',#2540,#2541,#2542);
#2540 = CARTESIAN_POINT('',(-0.24,-7.94,8.46));
#2541 = DIRECTION('',(0.707106781187,1.735167508357E-18,-0.707106781187)
  );
#2542 = DIRECTION('',(-1.226948711654E-18,1.,1.226948711654E-18));
#2543 = ADVANCED_FACE('',(#2544),#2555,.F.);
#2544 = FACE_BOUND('',#2545,.T.);
#2545 = EDGE_LOOP('',(#2546,#2547,#2548,#2549));
#2546 = ORIENTED_EDGE('',*,*,#2523,.F.);
#2547 = ORIENTED_EDGE('',*,*,#1782,.T.);
#2548 = ORIENTED_EDGE('',*,*,#2468,.T.);
#2549 = ORIENTED_EDGE('',*,*,#2550,.F.);
#2550 = EDGE_CURVE('',#2524,#2469,#2551,.T.);
#2551 = LINE('',#2552,#2553);
#2552 = CARTESIAN_POINT('',(-0.32,-7.78,8.54));
#2553 = VECTOR('',#2554,1.);
#2554 = DIRECTION('',(1.,0.,0.));
#2555 = PLANE('',#2556);
#2556 = AXIS2_PLACEMENT_3D('',#2557,#2558,#2559);
#2557 = CARTESIAN_POINT('',(-0.32,-7.86,8.46));
#2558 = DIRECTION('',(-1.735167508357E-18,0.707106781187,-0.707106781187
    ));
#2559 = DIRECTION('',(-1.,-1.226948711654E-18,1.226948711654E-18));
#2560 = ADVANCED_FACE('',(#2561),#2586,.T.);
#2561 = FACE_BOUND('',#2562,.T.);
#2562 = EDGE_LOOP('',(#2563,#2571,#2572,#2580));
#2563 = ORIENTED_EDGE('',*,*,#2564,.F.);
#2564 = EDGE_CURVE('',#1797,#2565,#2567,.T.);
#2565 = VERTEX_POINT('',#2566);
#2566 = CARTESIAN_POINT('',(0.16,-0.16,8.54));
#2567 = LINE('',#2568,#2569);
#2568 = CARTESIAN_POINT('',(0.16,-0.16,8.54));
#2569 = VECTOR('',#2570,1.);
#2570 = DIRECTION('',(-0.57735026919,0.57735026919,0.57735026919));
#2571 = ORIENTED_EDGE('',*,*,#1813,.T.);
#2572 = ORIENTED_EDGE('',*,*,#2573,.T.);
#2573 = EDGE_CURVE('',#1806,#2574,#2576,.T.);
#2574 = VERTEX_POINT('',#2575);
#2575 = CARTESIAN_POINT('',(0.16,0.16,8.54));
#2576 = LINE('',#2577,#2578);
#2577 = CARTESIAN_POINT('',(5.333333333333E-02,5.333333333333E-02,
    8.646666666667));
#2578 = VECTOR('',#2579,1.);
#2579 = DIRECTION('',(-0.57735026919,-0.57735026919,0.57735026919));
#2580 = ORIENTED_EDGE('',*,*,#2581,.F.);
#2581 = EDGE_CURVE('',#2565,#2574,#2582,.T.);
#2582 = LINE('',#2583,#2584);
#2583 = CARTESIAN_POINT('',(0.16,-0.32,8.54));
#2584 = VECTOR('',#2585,1.);
#2585 = DIRECTION('',(0.,1.,0.));
#2586 = PLANE('',#2587);
#2587 = AXIS2_PLACEMENT_3D('',#2588,#2589,#2590);
#2588 = CARTESIAN_POINT('',(0.24,-0.32,8.46));
#2589 = DIRECTION('',(0.707106781187,-1.735167508357E-18,0.707106781187)
  );
#2590 = DIRECTION('',(1.226948711654E-18,1.,1.226948711654E-18));
#2591 = ADVANCED_FACE('',(#2592),#2610,.T.);
#2592 = FACE_BOUND('',#2593,.F.);
#2593 = EDGE_LOOP('',(#2594,#2602,#2603,#2604));
#2594 = ORIENTED_EDGE('',*,*,#2595,.F.);
#2595 = EDGE_CURVE('',#1830,#2596,#2598,.T.);
#2596 = VERTEX_POINT('',#2597);
#2597 = CARTESIAN_POINT('',(-0.16,0.16,8.54));
#2598 = LINE('',#2599,#2600);
#2599 = CARTESIAN_POINT('',(-0.16,0.16,8.54));
#2600 = VECTOR('',#2601,1.);
#2601 = DIRECTION('',(0.57735026919,-0.57735026919,0.57735026919));
#2602 = ORIENTED_EDGE('',*,*,#1837,.T.);
#2603 = ORIENTED_EDGE('',*,*,#2573,.T.);
#2604 = ORIENTED_EDGE('',*,*,#2605,.F.);
#2605 = EDGE_CURVE('',#2596,#2574,#2606,.T.);
#2606 = LINE('',#2607,#2608);
#2607 = CARTESIAN_POINT('',(-0.32,0.16,8.54));
#2608 = VECTOR('',#2609,1.);
#2609 = DIRECTION('',(1.,0.,0.));
#2610 = PLANE('',#2611);
#2611 = AXIS2_PLACEMENT_3D('',#2612,#2613,#2614);
#2612 = CARTESIAN_POINT('',(-0.32,0.24,8.46));
#2613 = DIRECTION('',(1.735167508357E-18,0.707106781187,0.707106781187)
  );
#2614 = DIRECTION('',(-1.,1.226948711654E-18,1.226948711654E-18));
#2615 = ADVANCED_FACE('',(#2616),#2634,.F.);
#2616 = FACE_BOUND('',#2617,.F.);
#2617 = EDGE_LOOP('',(#2618,#2626,#2627,#2628));
#2618 = ORIENTED_EDGE('',*,*,#2619,.F.);
#2619 = EDGE_CURVE('',#1852,#2620,#2622,.T.);
#2620 = VERTEX_POINT('',#2621);
#2621 = CARTESIAN_POINT('',(-0.16,-0.16,8.54));
#2622 = LINE('',#2623,#2624);
#2623 = CARTESIAN_POINT('',(-0.266666666667,-0.266666666667,
    8.433333333333));
#2624 = VECTOR('',#2625,1.);
#2625 = DIRECTION('',(0.57735026919,0.57735026919,0.57735026919));
#2626 = ORIENTED_EDGE('',*,*,#1861,.T.);
#2627 = ORIENTED_EDGE('',*,*,#2595,.T.);
#2628 = ORIENTED_EDGE('',*,*,#2629,.F.);
#2629 = EDGE_CURVE('',#2620,#2596,#2630,.T.);
#2630 = LINE('',#2631,#2632);
#2631 = CARTESIAN_POINT('',(-0.16,-0.32,8.54));
#2632 = VECTOR('',#2633,1.);
#2633 = DIRECTION('',(0.,1.,0.));
#2634 = PLANE('',#2635);
#2635 = AXIS2_PLACEMENT_3D('',#2636,#2637,#2638);
#2636 = CARTESIAN_POINT('',(-0.24,-0.32,8.46));
#2637 = DIRECTION('',(0.707106781187,1.735167508357E-18,-0.707106781187)
  );
#2638 = DIRECTION('',(-1.226948711654E-18,1.,1.226948711654E-18));
#2639 = ADVANCED_FACE('',(#2640),#2651,.F.);
#2640 = FACE_BOUND('',#2641,.T.);
#2641 = EDGE_LOOP('',(#2642,#2643,#2644,#2645));
#2642 = ORIENTED_EDGE('',*,*,#2619,.F.);
#2643 = ORIENTED_EDGE('',*,*,#1878,.T.);
#2644 = ORIENTED_EDGE('',*,*,#2564,.T.);
#2645 = ORIENTED_EDGE('',*,*,#2646,.F.);
#2646 = EDGE_CURVE('',#2620,#2565,#2647,.T.);
#2647 = LINE('',#2648,#2649);
#2648 = CARTESIAN_POINT('',(-0.32,-0.16,8.54));
#2649 = VECTOR('',#2650,1.);
#2650 = DIRECTION('',(1.,0.,0.));
#2651 = PLANE('',#2652);
#2652 = AXIS2_PLACEMENT_3D('',#2653,#2654,#2655);
#2653 = CARTESIAN_POINT('',(-0.32,-0.24,8.46));
#2654 = DIRECTION('',(-1.735167508357E-18,0.707106781187,-0.707106781187
    ));
#2655 = DIRECTION('',(-1.,-1.226948711654E-18,1.226948711654E-18));
#2656 = ADVANCED_FACE('',(#2657),#2682,.T.);
#2657 = FACE_BOUND('',#2658,.F.);
#2658 = EDGE_LOOP('',(#2659,#2667,#2668,#2676));
#2659 = ORIENTED_EDGE('',*,*,#2660,.F.);
#2660 = EDGE_CURVE('',#1902,#2661,#2663,.T.);
#2661 = VERTEX_POINT('',#2662);
#2662 = CARTESIAN_POINT('',(-0.16,-2.38,8.54));
#2663 = LINE('',#2664,#2665);
#2664 = CARTESIAN_POINT('',(-0.16,-2.38,8.54));
#2665 = VECTOR('',#2666,1.);
#2666 = DIRECTION('',(0.57735026919,-0.57735026919,0.57735026919));
#2667 = ORIENTED_EDGE('',*,*,#1909,.T.);
#2668 = ORIENTED_EDGE('',*,*,#2669,.T.);
#2669 = EDGE_CURVE('',#1893,#2670,#2672,.T.);
#2670 = VERTEX_POINT('',#2671);
#2671 = CARTESIAN_POINT('',(0.16,-2.38,8.54));
#2672 = LINE('',#2673,#2674);
#2673 = CARTESIAN_POINT('',(5.333333333333E-02,-2.486666666667,
    8.646666666667));
#2674 = VECTOR('',#2675,1.);
#2675 = DIRECTION('',(-0.57735026919,-0.57735026919,0.57735026919));
#2676 = ORIENTED_EDGE('',*,*,#2677,.F.);
#2677 = EDGE_CURVE('',#2661,#2670,#2678,.T.);
#2678 = LINE('',#2679,#2680);
#2679 = CARTESIAN_POINT('',(-0.32,-2.38,8.54));
#2680 = VECTOR('',#2681,1.);
#2681 = DIRECTION('',(1.,0.,0.));
#2682 = PLANE('',#2683);
#2683 = AXIS2_PLACEMENT_3D('',#2684,#2685,#2686);
#2684 = CARTESIAN_POINT('',(-0.32,-2.3,8.46));
#2685 = DIRECTION('',(1.735167508357E-18,0.707106781187,0.707106781187)
  );
#2686 = DIRECTION('',(-1.,1.226948711654E-18,1.226948711654E-18));
#2687 = ADVANCED_FACE('',(#2688),#2706,.F.);
#2688 = FACE_BOUND('',#2689,.F.);
#2689 = EDGE_LOOP('',(#2690,#2698,#2699,#2700));
#2690 = ORIENTED_EDGE('',*,*,#2691,.F.);
#2691 = EDGE_CURVE('',#1924,#2692,#2694,.T.);
#2692 = VERTEX_POINT('',#2693);
#2693 = CARTESIAN_POINT('',(-0.16,-2.7,8.54));
#2694 = LINE('',#2695,#2696);
#2695 = CARTESIAN_POINT('',(-0.266666666667,-2.806666666667,
    8.433333333333));
#2696 = VECTOR('',#2697,1.);
#2697 = DIRECTION('',(0.57735026919,0.57735026919,0.57735026919));
#2698 = ORIENTED_EDGE('',*,*,#1933,.T.);
#2699 = ORIENTED_EDGE('',*,*,#2660,.T.);
#2700 = ORIENTED_EDGE('',*,*,#2701,.F.);
#2701 = EDGE_CURVE('',#2692,#2661,#2702,.T.);
#2702 = LINE('',#2703,#2704);
#2703 = CARTESIAN_POINT('',(-0.16,-2.86,8.54));
#2704 = VECTOR('',#2705,1.);
#2705 = DIRECTION('',(0.,1.,0.));
#2706 = PLANE('',#2707);
#2707 = AXIS2_PLACEMENT_3D('',#2708,#2709,#2710);
#2708 = CARTESIAN_POINT('',(-0.24,-2.86,8.46));
#2709 = DIRECTION('',(0.707106781187,1.735167508357E-18,-0.707106781187)
  );
#2710 = DIRECTION('',(-1.226948711654E-18,1.,1.226948711654E-18));
#2711 = ADVANCED_FACE('',(#2712),#2730,.F.);
#2712 = FACE_BOUND('',#2713,.T.);
#2713 = EDGE_LOOP('',(#2714,#2715,#2716,#2724));
#2714 = ORIENTED_EDGE('',*,*,#2691,.F.);
#2715 = ORIENTED_EDGE('',*,*,#1957,.T.);
#2716 = ORIENTED_EDGE('',*,*,#2717,.T.);
#2717 = EDGE_CURVE('',#1948,#2718,#2720,.T.);
#2718 = VERTEX_POINT('',#2719);
#2719 = CARTESIAN_POINT('',(0.16,-2.7,8.54));
#2720 = LINE('',#2721,#2722);
#2721 = CARTESIAN_POINT('',(0.16,-2.7,8.54));
#2722 = VECTOR('',#2723,1.);
#2723 = DIRECTION('',(-0.57735026919,0.57735026919,0.57735026919));
#2724 = ORIENTED_EDGE('',*,*,#2725,.F.);
#2725 = EDGE_CURVE('',#2692,#2718,#2726,.T.);
#2726 = LINE('',#2727,#2728);
#2727 = CARTESIAN_POINT('',(-0.32,-2.7,8.54));
#2728 = VECTOR('',#2729,1.);
#2729 = DIRECTION('',(1.,0.,0.));
#2730 = PLANE('',#2731);
#2731 = AXIS2_PLACEMENT_3D('',#2732,#2733,#2734);
#2732 = CARTESIAN_POINT('',(-0.32,-2.78,8.46));
#2733 = DIRECTION('',(-1.735167508357E-18,0.707106781187,-0.707106781187
    ));
#2734 = DIRECTION('',(-1.,-1.226948711654E-18,1.226948711654E-18));
#2735 = ADVANCED_FACE('',(#2736),#2747,.T.);
#2736 = FACE_BOUND('',#2737,.T.);
#2737 = EDGE_LOOP('',(#2738,#2739,#2740,#2741));
#2738 = ORIENTED_EDGE('',*,*,#2717,.F.);
#2739 = ORIENTED_EDGE('',*,*,#1974,.T.);
#2740 = ORIENTED_EDGE('',*,*,#2669,.T.);
#2741 = ORIENTED_EDGE('',*,*,#2742,.F.);
#2742 = EDGE_CURVE('',#2718,#2670,#2743,.T.);
#2743 = LINE('',#2744,#2745);
#2744 = CARTESIAN_POINT('',(0.16,-2.86,8.54));
#2745 = VECTOR('',#2746,1.);
#2746 = DIRECTION('',(0.,1.,0.));
#2747 = PLANE('',#2748);
#2748 = AXIS2_PLACEMENT_3D('',#2749,#2750,#2751);
#2749 = CARTESIAN_POINT('',(0.24,-2.86,8.46));
#2750 = DIRECTION('',(0.707106781187,-1.735167508357E-18,0.707106781187)
  );
#2751 = DIRECTION('',(1.226948711654E-18,1.,1.226948711654E-18));
#2752 = ADVANCED_FACE('',(#2753),#2759,.F.);
#2753 = FACE_BOUND('',#2754,.F.);
#2754 = EDGE_LOOP('',(#2755,#2756,#2757,#2758));
#2755 = ORIENTED_EDGE('',*,*,#2070,.T.);
#2756 = ORIENTED_EDGE('',*,*,#2005,.F.);
#2757 = ORIENTED_EDGE('',*,*,#2029,.F.);
#2758 = ORIENTED_EDGE('',*,*,#2053,.T.);
#2759 = PLANE('',#2760);
#2760 = AXIS2_PLACEMENT_3D('',#2761,#2762,#2763);
#2761 = CARTESIAN_POINT('',(-0.32,-5.4,-3.));
#2762 = DIRECTION('',(0.,0.,1.));
#2763 = DIRECTION('',(1.,0.,-0.));
#2764 = ADVANCED_FACE('',(#2765),#2771,.F.);
#2765 = FACE_BOUND('',#2766,.F.);
#2766 = EDGE_LOOP('',(#2767,#2768,#2769,#2770));
#2767 = ORIENTED_EDGE('',*,*,#2101,.T.);
#2768 = ORIENTED_EDGE('',*,*,#2125,.F.);
#2769 = ORIENTED_EDGE('',*,*,#2149,.F.);
#2770 = ORIENTED_EDGE('',*,*,#2166,.T.);
#2771 = PLANE('',#2772);
#2772 = AXIS2_PLACEMENT_3D('',#2773,#2774,#2775);
#2773 = CARTESIAN_POINT('',(-0.32,-7.94,-3.));
#2774 = DIRECTION('',(0.,0.,1.));
#2775 = DIRECTION('',(1.,0.,-0.));
#2776 = ADVANCED_FACE('',(#2777),#2783,.F.);
#2777 = FACE_BOUND('',#2778,.F.);
#2778 = EDGE_LOOP('',(#2779,#2780,#2781,#2782));
#2779 = ORIENTED_EDGE('',*,*,#2197,.T.);
#2780 = ORIENTED_EDGE('',*,*,#2221,.F.);
#2781 = ORIENTED_EDGE('',*,*,#2245,.F.);
#2782 = ORIENTED_EDGE('',*,*,#2262,.T.);
#2783 = PLANE('',#2784);
#2784 = AXIS2_PLACEMENT_3D('',#2785,#2786,#2787);
#2785 = CARTESIAN_POINT('',(-0.32,-0.32,-3.));
#2786 = DIRECTION('',(0.,0.,1.));
#2787 = DIRECTION('',(1.,0.,-0.));
#2788 = ADVANCED_FACE('',(#2789),#2795,.F.);
#2789 = FACE_BOUND('',#2790,.F.);
#2790 = EDGE_LOOP('',(#2791,#2792,#2793,#2794));
#2791 = ORIENTED_EDGE('',*,*,#2358,.T.);
#2792 = ORIENTED_EDGE('',*,*,#2293,.F.);
#2793 = ORIENTED_EDGE('',*,*,#2317,.F.);
#2794 = ORIENTED_EDGE('',*,*,#2341,.T.);
#2795 = PLANE('',#2796);
#2796 = AXIS2_PLACEMENT_3D('',#2797,#2798,#2799);
#2797 = CARTESIAN_POINT('',(-0.32,-2.86,-3.));
#2798 = DIRECTION('',(0.,0.,1.));
#2799 = DIRECTION('',(1.,0.,-0.));
#2800 = ADVANCED_FACE('',(#2801),#2807,.T.);
#2801 = FACE_BOUND('',#2802,.T.);
#2802 = EDGE_LOOP('',(#2803,#2804,#2805,#2806));
#2803 = ORIENTED_EDGE('',*,*,#2454,.T.);
#2804 = ORIENTED_EDGE('',*,*,#2389,.F.);
#2805 = ORIENTED_EDGE('',*,*,#2413,.F.);
#2806 = ORIENTED_EDGE('',*,*,#2437,.T.);
#2807 = PLANE('',#2808);
#2808 = AXIS2_PLACEMENT_3D('',#2809,#2810,#2811);
#2809 = CARTESIAN_POINT('',(-0.32,-5.4,8.54));
#2810 = DIRECTION('',(0.,0.,1.));
#2811 = DIRECTION('',(1.,0.,-0.));
#2812 = ADVANCED_FACE('',(#2813),#2819,.T.);
#2813 = FACE_BOUND('',#2814,.T.);
#2814 = EDGE_LOOP('',(#2815,#2816,#2817,#2818));
#2815 = ORIENTED_EDGE('',*,*,#2485,.T.);
#2816 = ORIENTED_EDGE('',*,*,#2509,.F.);
#2817 = ORIENTED_EDGE('',*,*,#2533,.F.);
#2818 = ORIENTED_EDGE('',*,*,#2550,.T.);
#2819 = PLANE('',#2820);
#2820 = AXIS2_PLACEMENT_3D('',#2821,#2822,#2823);
#2821 = CARTESIAN_POINT('',(-0.32,-7.94,8.54));
#2822 = DIRECTION('',(0.,0.,1.));
#2823 = DIRECTION('',(1.,0.,-0.));
#2824 = ADVANCED_FACE('',(#2825),#2831,.T.);
#2825 = FACE_BOUND('',#2826,.T.);
#2826 = EDGE_LOOP('',(#2827,#2828,#2829,#2830));
#2827 = ORIENTED_EDGE('',*,*,#2581,.T.);
#2828 = ORIENTED_EDGE('',*,*,#2605,.F.);
#2829 = ORIENTED_EDGE('',*,*,#2629,.F.);
#2830 = ORIENTED_EDGE('',*,*,#2646,.T.);
#2831 = PLANE('',#2832);
#2832 = AXIS2_PLACEMENT_3D('',#2833,#2834,#2835);
#2833 = CARTESIAN_POINT('',(-0.32,-0.32,8.54));
#2834 = DIRECTION('',(0.,0.,1.));
#2835 = DIRECTION('',(1.,0.,-0.));
#2836 = ADVANCED_FACE('',(#2837),#2843,.T.);
#2837 = FACE_BOUND('',#2838,.T.);
#2838 = EDGE_LOOP('',(#2839,#2840,#2841,#2842));
#2839 = ORIENTED_EDGE('',*,*,#2742,.T.);
#2840 = ORIENTED_EDGE('',*,*,#2677,.F.);
#2841 = ORIENTED_EDGE('',*,*,#2701,.F.);
#2842 = ORIENTED_EDGE('',*,*,#2725,.T.);
#2843 = PLANE('',#2844);
#2844 = AXIS2_PLACEMENT_3D('',#2845,#2846,#2847);
#2845 = CARTESIAN_POINT('',(-0.32,-2.86,8.54));
#2846 = DIRECTION('',(0.,0.,1.));
#2847 = DIRECTION('',(1.,0.,-0.));
#2848 = ( GEOMETRIC_REPRESENTATION_CONTEXT(3) 
GLOBAL_UNCERTAINTY_ASSIGNED_CONTEXT((#2852)) 
GLOBAL_UNIT_ASSIGNED_CONTEXT((#2849,#2850,#2851)) REPRESENTATION_CONTEXT
('Context #1','3D Context with UNIT and UNCERTAINTY') );
#2849 = ( LENGTH_UNIT() NAMED_UNIT(*) SI_UNIT(.MILLI.,.METRE.) );
#2850 = ( NAMED_UNIT(*) PLANE_ANGLE_UNIT() SI_UNIT($,.RADIAN.) );
#2851 = ( NAMED_UNIT(*) SI_UNIT($,.STERADIAN.) SOLID_ANGLE_UNIT() );
#2852 = UNCERTAINTY_MEASURE_WITH_UNIT(LENGTH_MEASURE(1.E-07),#2849,
  'distance_accuracy_value','confusion accuracy');
#2853 = CONTEXT_DEPENDENT_SHAPE_REPRESENTATION(#2854,#2856);
#2854 = ( REPRESENTATION_RELATIONSHIP('','',#67,#44) 
REPRESENTATION_RELATIONSHIP_WITH_TRANSFORMATION(#2855) 
SHAPE_REPRESENTATION_RELATIONSHIP() );
#2855 = ITEM_DEFINED_TRANSFORMATION('','',#11,#45);
#2856 = PRODUCT_DEFINITION_SHAPE('Placement','Placement of an item',
  #2857);
#2857 = NEXT_ASSEMBLY_USAGE_OCCURRENCE('1','=>[0:1:1:3]','',#39,#62,$);
#2858 = PRODUCT_RELATED_PRODUCT_CATEGORY('part',$,(#64));
#2859 = SHAPE_DEFINITION_REPRESENTATION(#2860,#2866);
#2860 = PRODUCT_DEFINITION_SHAPE('','',#2861);
#2861 = PRODUCT_DEFINITION('design','',#2862,#2865);
#2862 = PRODUCT_DEFINITION_FORMATION('','',#2863);
#2863 = PRODUCT('LED_WS2812B_PLCC4_5.0x5.0mm_P3.2mm',
  'LED_WS2812B_PLCC4_5.0x5.0mm_P3.2mm','',(#2864));
#2864 = PRODUCT_CONTEXT('',#2,'mechanical');
#2865 = PRODUCT_DEFINITION_CONTEXT('part definition',#2,'design');
#2866 = SHAPE_REPRESENTATION('',(#11,#2867),#2871);
#2867 = AXIS2_PLACEMENT_3D('',#2868,#2869,#2870);
#2868 = CARTESIAN_POINT('',(0.,0.,0.));
#2869 = DIRECTION('',(0.,0.,1.));
#2870 = DIRECTION('',(1.,0.,-0.));
#2871 = ( GEOMETRIC_REPRESENTATION_CONTEXT(3) 
GLOBAL_UNCERTAINTY_ASSIGNED_CONTEXT((#2875)) 
GLOBAL_UNIT_ASSIGNED_CONTEXT((#2872,#2873,#2874)) REPRESENTATION_CONTEXT
('Context #1','3D Context with UNIT and UNCERTAINTY') );
#2872 = ( LENGTH_UNIT() NAMED_UNIT(*) SI_UNIT(.MILLI.,.METRE.) );
#2873 = ( NAMED_UNIT(*) PLANE_ANGLE_UNIT() SI_UNIT($,.RADIAN.) );
#2874 = ( NAMED_UNIT(*) SI_UNIT($,.STERADIAN.) SOLID_ANGLE_UNIT() );
#2875 = UNCERTAINTY_MEASURE_WITH_UNIT(LENGTH_MEASURE(1.E-07),#2872,
  'distance_accuracy_value','confusion accuracy');
#2876 = CONTEXT_DEPENDENT_SHAPE_REPRESENTATION(#2877,#2879);
#2877 = ( REPRESENTATION_RELATIONSHIP('','',#2866,#10) 
REPRESENTATION_RELATIONSHIP_WITH_TRANSFORMATION(#2878) 
SHAPE_REPRESENTATION_RELATIONSHIP() );
#2878 = ITEM_DEFINED_TRANSFORMATION('','',#11,#19);
#2879 = PRODUCT_DEFINITION_SHAPE('Placement','Placement of an item',
  #2880);
#2880 = NEXT_ASSEMBLY_USAGE_OCCURRENCE('4','D1','',#5,#2861,$);
#2881 = PRODUCT_RELATED_PRODUCT_CATEGORY('part',$,(#2863));
#2882 = SHAPE_DEFINITION_REPRESENTATION(#2883,#2889);
#2883 = PRODUCT_DEFINITION_SHAPE('','',#2884);
#2884 = PRODUCT_DEFINITION('design','',#2885,#2888);
#2885 = PRODUCT_DEFINITION_FORMATION('','',#2886);
#2886 = PRODUCT('LED_WS2812B_PLCC4_50x50mm_P32mm',
  'LED_WS2812B_PLCC4_50x50mm_P32mm','',(#2887));
#2887 = PRODUCT_CONTEXT('',#2,'mechanical');
#2888 = PRODUCT_DEFINITION_CONTEXT('part definition',#2,'design');
#2889 = ADVANCED_BREP_SHAPE_REPRESENTATION('',(#11,#2890),#5157);
#2890 = MANIFOLD_SOLID_BREP('',#2891);
#2891 = CLOSED_SHELL('',(#2892,#2951,#2976,#3009,#3034,#3059,#3084,#3101
    ,#3126,#3157,#3197,#3328,#3452,#3469,#3478,#3489,#3657,#3688,#3719,
    #3750,#3835,#3859,#3937,#3968,#4053,#4077,#4155,#4186,#4217,#4248,
    #4333,#4357,#4435,#4466,#4551,#4575,#4653,#4670,#4687,#4704,#4721,
    #4738,#4755,#4772,#4794,#4806,#4818,#4835,#4847,#4864,#4886,#4898,
    #4915,#4927,#4939,#4956,#4973,#4990,#5012,#5024,#5041,#5053,#5065,
    #5082,#5104,#5116,#5133,#5145));
#2892 = ADVANCED_FACE('',(#2893,#2904),#2946,.T.);
#2893 = FACE_BOUND('',#2894,.T.);
#2894 = EDGE_LOOP('',(#2895));
#2895 = ORIENTED_EDGE('',*,*,#2896,.T.);
#2896 = EDGE_CURVE('',#2897,#2897,#2899,.T.);
#2897 = VERTEX_POINT('',#2898);
#2898 = CARTESIAN_POINT('',(-1.966666666667,2.408472038323E-16,1.6));
#2899 = CIRCLE('',#2900,1.966666666667);
#2900 = AXIS2_PLACEMENT_3D('',#2901,#2902,#2903);
#2901 = CARTESIAN_POINT('',(0.,0.,1.6));
#2902 = DIRECTION('',(0.,0.,-1.));
#2903 = DIRECTION('',(-1.,1.224646799147E-16,0.));
#2904 = FACE_BOUND('',#2905,.T.);
#2905 = EDGE_LOOP('',(#2906,#2916,#2924,#2932,#2940));
#2906 = ORIENTED_EDGE('',*,*,#2907,.T.);
#2907 = EDGE_CURVE('',#2908,#2910,#2912,.T.);
#2908 = VERTEX_POINT('',#2909);
#2909 = CARTESIAN_POINT('',(1.433400076889,-2.425,1.6));
#2910 = VERTEX_POINT('',#2911);
#2911 = CARTESIAN_POINT('',(2.425,-1.433400076889,1.6));
#2912 = LINE('',#2913,#2914);
#2913 = CARTESIAN_POINT('',(1.411433085478,-2.446966991411,1.6));
#2914 = VECTOR('',#2915,1.);
#2915 = DIRECTION('',(0.707106781187,0.707106781187,0.));
#2916 = ORIENTED_EDGE('',*,*,#2917,.T.);
#2917 = EDGE_CURVE('',#2910,#2918,#2920,.T.);
#2918 = VERTEX_POINT('',#2919);
#2919 = CARTESIAN_POINT('',(2.425,2.425,1.6));
#2920 = LINE('',#2921,#2922);
#2921 = CARTESIAN_POINT('',(2.425,-1.464466094067,1.6));
#2922 = VECTOR('',#2923,1.);
#2923 = DIRECTION('',(1.224646799147E-16,1.,0.));
#2924 = ORIENTED_EDGE('',*,*,#2925,.T.);
#2925 = EDGE_CURVE('',#2918,#2926,#2928,.T.);
#2926 = VERTEX_POINT('',#2927);
#2927 = CARTESIAN_POINT('',(-2.425,2.425,1.6));
#2928 = LINE('',#2929,#2930);
#2929 = CARTESIAN_POINT('',(2.5,2.425,1.6));
#2930 = VECTOR('',#2931,1.);
#2931 = DIRECTION('',(-1.,1.224646799147E-16,0.));
#2932 = ORIENTED_EDGE('',*,*,#2933,.T.);
#2933 = EDGE_CURVE('',#2926,#2934,#2936,.T.);
#2934 = VERTEX_POINT('',#2935);
#2935 = CARTESIAN_POINT('',(-2.425,-2.425,1.6));
#2936 = LINE('',#2937,#2938);
#2937 = CARTESIAN_POINT('',(-2.425,2.5,1.6));
#2938 = VECTOR('',#2939,1.);
#2939 = DIRECTION('',(-1.224646799147E-16,-1.,0.));
#2940 = ORIENTED_EDGE('',*,*,#2941,.T.);
#2941 = EDGE_CURVE('',#2934,#2908,#2942,.T.);
#2942 = LINE('',#2943,#2944);
#2943 = CARTESIAN_POINT('',(-2.5,-2.425,1.6));
#2944 = VECTOR('',#2945,1.);
#2945 = DIRECTION('',(1.,-1.224646799147E-16,0.));
#2946 = PLANE('',#2947);
#2947 = AXIS2_PLACEMENT_3D('',#2948,#2949,#2950);
#2948 = CARTESIAN_POINT('',(0.,0.,1.6));
#2949 = DIRECTION('',(0.,0.,1.));
#2950 = DIRECTION('',(-1.,1.224646799147E-16,0.));
#2951 = ADVANCED_FACE('',(#2952),#2971,.F.);
#2952 = FACE_BOUND('',#2953,.F.);
#2953 = EDGE_LOOP('',(#2954,#2962,#2963,#2964));
#2954 = ORIENTED_EDGE('',*,*,#2955,.F.);
#2955 = EDGE_CURVE('',#2897,#2956,#2958,.T.);
#2956 = VERTEX_POINT('',#2957);
#2957 = CARTESIAN_POINT('',(-1.666666666667,2.041077998579E-16,1.3));
#2958 = LINE('',#2959,#2960);
#2959 = CARTESIAN_POINT('',(-1.666666666667,2.041077998579E-16,1.3));
#2960 = VECTOR('',#2961,1.);
#2961 = DIRECTION('',(0.707106781187,-8.659560562349E-17,-0.707106781187
    ));
#2962 = ORIENTED_EDGE('',*,*,#2896,.T.);
#2963 = ORIENTED_EDGE('',*,*,#2955,.T.);
#2964 = ORIENTED_EDGE('',*,*,#2965,.F.);
#2965 = EDGE_CURVE('',#2956,#2956,#2966,.T.);
#2966 = CIRCLE('',#2967,1.666666666667);
#2967 = AXIS2_PLACEMENT_3D('',#2968,#2969,#2970);
#2968 = CARTESIAN_POINT('',(0.,0.,1.3));
#2969 = DIRECTION('',(0.,0.,-1.));
#2970 = DIRECTION('',(-1.,1.224646799147E-16,0.));
#2971 = CONICAL_SURFACE('',#2972,1.666666666667,0.785398163397);
#2972 = AXIS2_PLACEMENT_3D('',#2973,#2974,#2975);
#2973 = CARTESIAN_POINT('',(0.,0.,1.3));
#2974 = DIRECTION('',(0.,0.,1.));
#2975 = DIRECTION('',(-1.,1.224646799147E-16,0.));
#2976 = ADVANCED_FACE('',(#2977),#3004,.T.);
#2977 = FACE_BOUND('',#2978,.T.);
#2978 = EDGE_LOOP('',(#2979,#2988,#2996,#3003));
#2979 = ORIENTED_EDGE('',*,*,#2980,.T.);
#2980 = EDGE_CURVE('',#2908,#2981,#2983,.T.);
#2981 = VERTEX_POINT('',#2982);
#2982 = CARTESIAN_POINT('',(1.464466094067,-2.5,1.525));
#2983 = ELLIPSE('',#2984,8.117941502193E-02,7.5E-02);
#2984 = AXIS2_PLACEMENT_3D('',#2985,#2986,#2987);
#2985 = CARTESIAN_POINT('',(1.433400076889,-2.425,1.525));
#2986 = DIRECTION('',(0.923879532511,0.382683432365,-0.));
#2987 = DIRECTION('',(-0.382683432365,0.923879532511,0.));
#2988 = ORIENTED_EDGE('',*,*,#2989,.T.);
#2989 = EDGE_CURVE('',#2981,#2990,#2992,.T.);
#2990 = VERTEX_POINT('',#2991);
#2991 = CARTESIAN_POINT('',(2.5,-1.464466094067,1.525));
#2992 = LINE('',#2993,#2994);
#2993 = CARTESIAN_POINT('',(1.464466094067,-2.5,1.525));
#2994 = VECTOR('',#2995,1.);
#2995 = DIRECTION('',(0.707106781187,0.707106781187,0.));
#2996 = ORIENTED_EDGE('',*,*,#2997,.F.);
#2997 = EDGE_CURVE('',#2910,#2990,#2998,.T.);
#2998 = ELLIPSE('',#2999,8.117941502193E-02,7.5E-02);
#2999 = AXIS2_PLACEMENT_3D('',#3000,#3001,#3002);
#3000 = CARTESIAN_POINT('',(2.425,-1.433400076889,1.525));
#3001 = DIRECTION('',(0.382683432365,0.923879532511,0.));
#3002 = DIRECTION('',(0.923879532511,-0.382683432365,0.));
#3003 = ORIENTED_EDGE('',*,*,#2907,.F.);
#3004 = CYLINDRICAL_SURFACE('',#3005,7.5E-02);
#3005 = AXIS2_PLACEMENT_3D('',#3006,#3007,#3008);
#3006 = CARTESIAN_POINT('',(1.411433085478,-2.446966991411,1.525));
#3007 = DIRECTION('',(0.707106781187,0.707106781187,0.));
#3008 = DIRECTION('',(0.,-0.,1.));
#3009 = ADVANCED_FACE('',(#3010),#3029,.T.);
#3010 = FACE_BOUND('',#3011,.T.);
#3011 = EDGE_LOOP('',(#3012,#3021,#3027,#3028));
#3012 = ORIENTED_EDGE('',*,*,#3013,.F.);
#3013 = EDGE_CURVE('',#3014,#2934,#3016,.T.);
#3014 = VERTEX_POINT('',#3015);
#3015 = CARTESIAN_POINT('',(-2.5,-2.5,1.525));
#3016 = ELLIPSE('',#3017,0.106066017178,7.5E-02);
#3017 = AXIS2_PLACEMENT_3D('',#3018,#3019,#3020);
#3018 = CARTESIAN_POINT('',(-2.425,-2.425,1.525));
#3019 = DIRECTION('',(-0.707106781187,0.707106781187,0.));
#3020 = DIRECTION('',(-0.707106781187,-0.707106781187,0.));
#3021 = ORIENTED_EDGE('',*,*,#3022,.T.);
#3022 = EDGE_CURVE('',#3014,#2981,#3023,.T.);
#3023 = LINE('',#3024,#3025);
#3024 = CARTESIAN_POINT('',(-2.5,-2.5,1.525));
#3025 = VECTOR('',#3026,1.);
#3026 = DIRECTION('',(1.,-1.224646799147E-16,0.));
#3027 = ORIENTED_EDGE('',*,*,#2980,.F.);
#3028 = ORIENTED_EDGE('',*,*,#2941,.F.);
#3029 = CYLINDRICAL_SURFACE('',#3030,7.5E-02);
#3030 = AXIS2_PLACEMENT_3D('',#3031,#3032,#3033);
#3031 = CARTESIAN_POINT('',(-2.5,-2.425,1.525));
#3032 = DIRECTION('',(1.,-1.224646799147E-16,0.));
#3033 = DIRECTION('',(0.,0.,1.));
#3034 = ADVANCED_FACE('',(#3035),#3054,.T.);
#3035 = FACE_BOUND('',#3036,.T.);
#3036 = EDGE_LOOP('',(#3037,#3045,#3052,#3053));
#3037 = ORIENTED_EDGE('',*,*,#3038,.T.);
#3038 = EDGE_CURVE('',#2990,#3039,#3041,.T.);
#3039 = VERTEX_POINT('',#3040);
#3040 = CARTESIAN_POINT('',(2.5,2.5,1.525));
#3041 = LINE('',#3042,#3043);
#3042 = CARTESIAN_POINT('',(2.5,-1.464466094067,1.525));
#3043 = VECTOR('',#3044,1.);
#3044 = DIRECTION('',(1.224646799147E-16,1.,0.));
#3045 = ORIENTED_EDGE('',*,*,#3046,.T.);
#3046 = EDGE_CURVE('',#3039,#2918,#3047,.T.);
#3047 = ELLIPSE('',#3048,0.106066017178,7.5E-02);
#3048 = AXIS2_PLACEMENT_3D('',#3049,#3050,#3051);
#3049 = CARTESIAN_POINT('',(2.425,2.425,1.525));
#3050 = DIRECTION('',(0.707106781187,-0.707106781187,-0.));
#3051 = DIRECTION('',(-0.707106781187,-0.707106781187,0.));
#3052 = ORIENTED_EDGE('',*,*,#2917,.F.);
#3053 = ORIENTED_EDGE('',*,*,#2997,.T.);
#3054 = CYLINDRICAL_SURFACE('',#3055,7.5E-02);
#3055 = AXIS2_PLACEMENT_3D('',#3056,#3057,#3058);
#3056 = CARTESIAN_POINT('',(2.425,-1.464466094067,1.525));
#3057 = DIRECTION('',(1.224646799147E-16,1.,0.));
#3058 = DIRECTION('',(1.,-1.224646799147E-16,0.));
#3059 = ADVANCED_FACE('',(#3060),#3079,.T.);
#3060 = FACE_BOUND('',#3061,.T.);
#3061 = EDGE_LOOP('',(#3062,#3070,#3071,#3072));
#3062 = ORIENTED_EDGE('',*,*,#3063,.T.);
#3063 = EDGE_CURVE('',#3064,#3014,#3066,.T.);
#3064 = VERTEX_POINT('',#3065);
#3065 = CARTESIAN_POINT('',(-2.5,2.5,1.525));
#3066 = LINE('',#3067,#3068);
#3067 = CARTESIAN_POINT('',(-2.5,2.5,1.525));
#3068 = VECTOR('',#3069,1.);
#3069 = DIRECTION('',(-1.224646799147E-16,-1.,0.));
#3070 = ORIENTED_EDGE('',*,*,#3013,.T.);
#3071 = ORIENTED_EDGE('',*,*,#2933,.F.);
#3072 = ORIENTED_EDGE('',*,*,#3073,.F.);
#3073 = EDGE_CURVE('',#3064,#2926,#3074,.T.);
#3074 = ELLIPSE('',#3075,0.106066017178,7.5E-02);
#3075 = AXIS2_PLACEMENT_3D('',#3076,#3077,#3078);
#3076 = CARTESIAN_POINT('',(-2.425,2.425,1.525));
#3077 = DIRECTION('',(0.707106781187,0.707106781187,-0.));
#3078 = DIRECTION('',(-0.707106781187,0.707106781187,0.));
#3079 = CYLINDRICAL_SURFACE('',#3080,7.5E-02);
#3080 = AXIS2_PLACEMENT_3D('',#3081,#3082,#3083);
#3081 = CARTESIAN_POINT('',(-2.425,2.5,1.525));
#3082 = DIRECTION('',(-1.224646799147E-16,-1.,0.));
#3083 = DIRECTION('',(-1.,1.224646799147E-16,0.));
#3084 = ADVANCED_FACE('',(#3085),#3096,.T.);
#3085 = FACE_BOUND('',#3086,.T.);
#3086 = EDGE_LOOP('',(#3087,#3093,#3094,#3095));
#3087 = ORIENTED_EDGE('',*,*,#3088,.T.);
#3088 = EDGE_CURVE('',#3039,#3064,#3089,.T.);
#3089 = LINE('',#3090,#3091);
#3090 = CARTESIAN_POINT('',(2.5,2.5,1.525));
#3091 = VECTOR('',#3092,1.);
#3092 = DIRECTION('',(-1.,1.224646799147E-16,0.));
#3093 = ORIENTED_EDGE('',*,*,#3073,.T.);
#3094 = ORIENTED_EDGE('',*,*,#2925,.F.);
#3095 = ORIENTED_EDGE('',*,*,#3046,.F.);
#3096 = CYLINDRICAL_SURFACE('',#3097,7.5E-02);
#3097 = AXIS2_PLACEMENT_3D('',#3098,#3099,#3100);
#3098 = CARTESIAN_POINT('',(2.5,2.425,1.525));
#3099 = DIRECTION('',(-1.,1.224646799147E-16,0.));
#3100 = DIRECTION('',(1.224646799147E-16,1.,0.));
#3101 = ADVANCED_FACE('',(#3102),#3121,.F.);
#3102 = FACE_BOUND('',#3103,.F.);
#3103 = EDGE_LOOP('',(#3104,#3112,#3113,#3114));
#3104 = ORIENTED_EDGE('',*,*,#3105,.T.);
#3105 = EDGE_CURVE('',#3106,#2956,#3108,.T.);
#3106 = VERTEX_POINT('',#3107);
#3107 = CARTESIAN_POINT('',(-1.666666666667,2.041077998579E-16,1.225));
#3108 = LINE('',#3109,#3110);
#3109 = CARTESIAN_POINT('',(-1.666666666667,2.041077998579E-16,0.85));
#3110 = VECTOR('',#3111,1.);
#3111 = DIRECTION('',(0.,0.,1.));
#3112 = ORIENTED_EDGE('',*,*,#2965,.T.);
#3113 = ORIENTED_EDGE('',*,*,#3105,.F.);
#3114 = ORIENTED_EDGE('',*,*,#3115,.T.);
#3115 = EDGE_CURVE('',#3106,#3106,#3116,.T.);
#3116 = CIRCLE('',#3117,1.666666666667);
#3117 = AXIS2_PLACEMENT_3D('',#3118,#3119,#3120);
#3118 = CARTESIAN_POINT('',(0.,0.,1.225));
#3119 = DIRECTION('',(0.,0.,1.));
#3120 = DIRECTION('',(-1.,1.224646799147E-16,0.));
#3121 = CYLINDRICAL_SURFACE('',#3122,1.666666666667);
#3122 = AXIS2_PLACEMENT_3D('',#3123,#3124,#3125);
#3123 = CARTESIAN_POINT('',(0.,0.,0.85));
#3124 = DIRECTION('',(0.,0.,-1.));
#3125 = DIRECTION('',(-1.,1.224646799147E-16,0.));
#3126 = ADVANCED_FACE('',(#3127),#3152,.T.);
#3127 = FACE_BOUND('',#3128,.T.);
#3128 = EDGE_LOOP('',(#3129,#3137,#3145,#3151));
#3129 = ORIENTED_EDGE('',*,*,#3130,.T.);
#3130 = EDGE_CURVE('',#2981,#3131,#3133,.T.);
#3131 = VERTEX_POINT('',#3132);
#3132 = CARTESIAN_POINT('',(1.464466094067,-2.5,1.3));
#3133 = LINE('',#3134,#3135);
#3134 = CARTESIAN_POINT('',(1.464466094067,-2.5,0.7));
#3135 = VECTOR('',#3136,1.);
#3136 = DIRECTION('',(0.,0.,-1.));
#3137 = ORIENTED_EDGE('',*,*,#3138,.F.);
#3138 = EDGE_CURVE('',#3139,#3131,#3141,.T.);
#3139 = VERTEX_POINT('',#3140);
#3140 = CARTESIAN_POINT('',(2.5,-1.464466094067,1.3));
#3141 = LINE('',#3142,#3143);
#3142 = CARTESIAN_POINT('',(3.75,-0.214466094067,1.3));
#3143 = VECTOR('',#3144,1.);
#3144 = DIRECTION('',(-0.707106781187,-0.707106781187,0.));
#3145 = ORIENTED_EDGE('',*,*,#3146,.T.);
#3146 = EDGE_CURVE('',#3139,#2990,#3147,.T.);
#3147 = LINE('',#3148,#3149);
#3148 = CARTESIAN_POINT('',(2.5,-1.464466094067,0.7));
#3149 = VECTOR('',#3150,1.);
#3150 = DIRECTION('',(0.,0.,1.));
#3151 = ORIENTED_EDGE('',*,*,#2989,.F.);
#3152 = PLANE('',#3153);
#3153 = AXIS2_PLACEMENT_3D('',#3154,#3155,#3156);
#3154 = CARTESIAN_POINT('',(3.75,-0.214466094067,1.3));
#3155 = DIRECTION('',(0.707106781187,-0.707106781187,0.));
#3156 = DIRECTION('',(-0.707106781187,-0.707106781187,0.));
#3157 = ADVANCED_FACE('',(#3158),#3192,.F.);
#3158 = FACE_BOUND('',#3159,.F.);
#3159 = EDGE_LOOP('',(#3160,#3161,#3169,#3177,#3185,#3191));
#3160 = ORIENTED_EDGE('',*,*,#3130,.T.);
#3161 = ORIENTED_EDGE('',*,*,#3162,.T.);
#3162 = EDGE_CURVE('',#3131,#3163,#3165,.T.);
#3163 = VERTEX_POINT('',#3164);
#3164 = CARTESIAN_POINT('',(2.5,-2.5,1.3));
#3165 = LINE('',#3166,#3167);
#3166 = CARTESIAN_POINT('',(0.625,-2.5,1.3));
#3167 = VECTOR('',#3168,1.);
#3168 = DIRECTION('',(1.,-1.224646799147E-16,0.));
#3169 = ORIENTED_EDGE('',*,*,#3170,.F.);
#3170 = EDGE_CURVE('',#3171,#3163,#3173,.T.);
#3171 = VERTEX_POINT('',#3172);
#3172 = CARTESIAN_POINT('',(2.5,-2.5,0.1));
#3173 = LINE('',#3174,#3175);
#3174 = CARTESIAN_POINT('',(2.5,-2.5,0.1));
#3175 = VECTOR('',#3176,1.);
#3176 = DIRECTION('',(0.,0.,1.));
#3177 = ORIENTED_EDGE('',*,*,#3178,.F.);
#3178 = EDGE_CURVE('',#3179,#3171,#3181,.T.);
#3179 = VERTEX_POINT('',#3180);
#3180 = CARTESIAN_POINT('',(-2.5,-2.5,0.1));
#3181 = LINE('',#3182,#3183);
#3182 = CARTESIAN_POINT('',(-2.5,-2.5,0.1));
#3183 = VECTOR('',#3184,1.);
#3184 = DIRECTION('',(1.,-1.224646799147E-16,0.));
#3185 = ORIENTED_EDGE('',*,*,#3186,.T.);
#3186 = EDGE_CURVE('',#3179,#3014,#3187,.T.);
#3187 = LINE('',#3188,#3189);
#3188 = CARTESIAN_POINT('',(-2.5,-2.5,0.1));
#3189 = VECTOR('',#3190,1.);
#3190 = DIRECTION('',(0.,0.,1.));
#3191 = ORIENTED_EDGE('',*,*,#3022,.T.);
#3192 = PLANE('',#3193);
#3193 = AXIS2_PLACEMENT_3D('',#3194,#3195,#3196);
#3194 = CARTESIAN_POINT('',(-2.5,-2.5,0.1));
#3195 = DIRECTION('',(1.224646799147E-16,1.,0.));
#3196 = DIRECTION('',(1.,-1.224646799147E-16,0.));
#3197 = ADVANCED_FACE('',(#3198,#3255,#3289),#3323,.F.);
#3198 = FACE_BOUND('',#3199,.F.);
#3199 = EDGE_LOOP('',(#3200,#3208,#3216,#3224,#3232,#3240,#3246,#3247,
    #3253,#3254));
#3200 = ORIENTED_EDGE('',*,*,#3201,.F.);
#3201 = EDGE_CURVE('',#3202,#3039,#3204,.T.);
#3202 = VERTEX_POINT('',#3203);
#3203 = CARTESIAN_POINT('',(2.5,2.5,0.1));
#3204 = LINE('',#3205,#3206);
#3205 = CARTESIAN_POINT('',(2.5,2.5,0.1));
#3206 = VECTOR('',#3207,1.);
#3207 = DIRECTION('',(0.,0.,1.));
#3208 = ORIENTED_EDGE('',*,*,#3209,.F.);
#3209 = EDGE_CURVE('',#3210,#3202,#3212,.T.);
#3210 = VERTEX_POINT('',#3211);
#3211 = CARTESIAN_POINT('',(2.5,2.1,0.1));
#3212 = LINE('',#3213,#3214);
#3213 = CARTESIAN_POINT('',(2.5,-2.5,0.1));
#3214 = VECTOR('',#3215,1.);
#3215 = DIRECTION('',(1.224646799147E-16,1.,0.));
#3216 = ORIENTED_EDGE('',*,*,#3217,.F.);
#3217 = EDGE_CURVE('',#3218,#3210,#3220,.T.);
#3218 = VERTEX_POINT('',#3219);
#3219 = CARTESIAN_POINT('',(2.5,1.2,0.1));
#3220 = LINE('',#3221,#3222);
#3221 = CARTESIAN_POINT('',(2.5,-2.5,0.1));
#3222 = VECTOR('',#3223,1.);
#3223 = DIRECTION('',(1.224646799147E-16,1.,0.));
#3224 = ORIENTED_EDGE('',*,*,#3225,.F.);
#3225 = EDGE_CURVE('',#3226,#3218,#3228,.T.);
#3226 = VERTEX_POINT('',#3227);
#3227 = CARTESIAN_POINT('',(2.5,-1.2,0.1));
#3228 = LINE('',#3229,#3230);
#3229 = CARTESIAN_POINT('',(2.5,-2.5,0.1));
#3230 = VECTOR('',#3231,1.);
#3231 = DIRECTION('',(1.224646799147E-16,1.,0.));
#3232 = ORIENTED_EDGE('',*,*,#3233,.F.);
#3233 = EDGE_CURVE('',#3234,#3226,#3236,.T.);
#3234 = VERTEX_POINT('',#3235);
#3235 = CARTESIAN_POINT('',(2.5,-2.1,0.1));
#3236 = LINE('',#3237,#3238);
#3237 = CARTESIAN_POINT('',(2.5,-2.5,0.1));
#3238 = VECTOR('',#3239,1.);
#3239 = DIRECTION('',(1.224646799147E-16,1.,0.));
#3240 = ORIENTED_EDGE('',*,*,#3241,.F.);
#3241 = EDGE_CURVE('',#3171,#3234,#3242,.T.);
#3242 = LINE('',#3243,#3244);
#3243 = CARTESIAN_POINT('',(2.5,-2.5,0.1));
#3244 = VECTOR('',#3245,1.);
#3245 = DIRECTION('',(1.224646799147E-16,1.,0.));
#3246 = ORIENTED_EDGE('',*,*,#3170,.T.);
#3247 = ORIENTED_EDGE('',*,*,#3248,.T.);
#3248 = EDGE_CURVE('',#3163,#3139,#3249,.T.);
#3249 = LINE('',#3250,#3251);
#3250 = CARTESIAN_POINT('',(2.5,-3.125,1.3));
#3251 = VECTOR('',#3252,1.);
#3252 = DIRECTION('',(1.224646799147E-16,1.,0.));
#3253 = ORIENTED_EDGE('',*,*,#3146,.T.);
#3254 = ORIENTED_EDGE('',*,*,#3038,.T.);
#3255 = FACE_BOUND('',#3256,.F.);
#3256 = EDGE_LOOP('',(#3257,#3267,#3275,#3283));
#3257 = ORIENTED_EDGE('',*,*,#3258,.T.);
#3258 = EDGE_CURVE('',#3259,#3261,#3263,.T.);
#3259 = VERTEX_POINT('',#3260);
#3260 = CARTESIAN_POINT('',(2.5,1.2,0.9));
#3261 = VERTEX_POINT('',#3262);
#3262 = CARTESIAN_POINT('',(2.5,2.1,0.9));
#3263 = LINE('',#3264,#3265);
#3264 = CARTESIAN_POINT('',(2.5,-0.425,0.9));
#3265 = VECTOR('',#3266,1.);
#3266 = DIRECTION('',(1.224646799147E-16,1.,-1.556307025767E-32));
#3267 = ORIENTED_EDGE('',*,*,#3268,.T.);
#3268 = EDGE_CURVE('',#3261,#3269,#3271,.T.);
#3269 = VERTEX_POINT('',#3270);
#3270 = CARTESIAN_POINT('',(2.5,2.1,1.));
#3271 = LINE('',#3272,#3273);
#3272 = CARTESIAN_POINT('',(2.5,2.1,5.E-02));
#3273 = VECTOR('',#3274,1.);
#3274 = DIRECTION('',(0.,0.,1.));
#3275 = ORIENTED_EDGE('',*,*,#3276,.F.);
#3276 = EDGE_CURVE('',#3277,#3269,#3279,.T.);
#3277 = VERTEX_POINT('',#3278);
#3278 = CARTESIAN_POINT('',(2.5,1.2,1.));
#3279 = LINE('',#3280,#3281);
#3280 = CARTESIAN_POINT('',(2.5,-0.425,1.));
#3281 = VECTOR('',#3282,1.);
#3282 = DIRECTION('',(1.224646799147E-16,1.,0.));
#3283 = ORIENTED_EDGE('',*,*,#3284,.T.);
#3284 = EDGE_CURVE('',#3277,#3259,#3285,.T.);
#3285 = LINE('',#3286,#3287);
#3286 = CARTESIAN_POINT('',(2.5,1.2,5.E-02));
#3287 = VECTOR('',#3288,1.);
#3288 = DIRECTION('',(-0.,0.,-1.));
#3289 = FACE_BOUND('',#3290,.F.);
#3290 = EDGE_LOOP('',(#3291,#3301,#3309,#3317));
#3291 = ORIENTED_EDGE('',*,*,#3292,.F.);
#3292 = EDGE_CURVE('',#3293,#3295,#3297,.T.);
#3293 = VERTEX_POINT('',#3294);
#3294 = CARTESIAN_POINT('',(2.5,-2.1,1.));
#3295 = VERTEX_POINT('',#3296);
#3296 = CARTESIAN_POINT('',(2.5,-1.2,1.));
#3297 = LINE('',#3298,#3299);
#3298 = CARTESIAN_POINT('',(2.5,-2.075,1.));
#3299 = VECTOR('',#3300,1.);
#3300 = DIRECTION('',(1.224646799147E-16,1.,0.));
#3301 = ORIENTED_EDGE('',*,*,#3302,.T.);
#3302 = EDGE_CURVE('',#3293,#3303,#3305,.T.);
#3303 = VERTEX_POINT('',#3304);
#3304 = CARTESIAN_POINT('',(2.5,-2.1,0.9));
#3305 = LINE('',#3306,#3307);
#3306 = CARTESIAN_POINT('',(2.5,-2.1,5.E-02));
#3307 = VECTOR('',#3308,1.);
#3308 = DIRECTION('',(-0.,0.,-1.));
#3309 = ORIENTED_EDGE('',*,*,#3310,.T.);
#3310 = EDGE_CURVE('',#3303,#3311,#3313,.T.);
#3311 = VERTEX_POINT('',#3312);
#3312 = CARTESIAN_POINT('',(2.5,-1.2,0.9));
#3313 = LINE('',#3314,#3315);
#3314 = CARTESIAN_POINT('',(2.5,-2.075,0.9));
#3315 = VECTOR('',#3316,1.);
#3316 = DIRECTION('',(1.224646799147E-16,1.,-3.890767564419E-33));
#3317 = ORIENTED_EDGE('',*,*,#3318,.T.);
#3318 = EDGE_CURVE('',#3311,#3295,#3319,.T.);
#3319 = LINE('',#3320,#3321);
#3320 = CARTESIAN_POINT('',(2.5,-1.2,5.E-02));
#3321 = VECTOR('',#3322,1.);
#3322 = DIRECTION('',(0.,0.,1.));
#3323 = PLANE('',#3324);
#3324 = AXIS2_PLACEMENT_3D('',#3325,#3326,#3327);
#3325 = CARTESIAN_POINT('',(2.5,-2.5,0.1));
#3326 = DIRECTION('',(-1.,1.224646799147E-16,0.));
#3327 = DIRECTION('',(1.224646799147E-16,1.,0.));
#3328 = ADVANCED_FACE('',(#3329,#3379,#3413),#3447,.F.);
#3329 = FACE_BOUND('',#3330,.F.);
#3330 = EDGE_LOOP('',(#3331,#3339,#3340,#3341,#3349,#3357,#3365,#3373));
#3331 = ORIENTED_EDGE('',*,*,#3332,.T.);
#3332 = EDGE_CURVE('',#3333,#3064,#3335,.T.);
#3333 = VERTEX_POINT('',#3334);
#3334 = CARTESIAN_POINT('',(-2.5,2.5,0.1));
#3335 = LINE('',#3336,#3337);
#3336 = CARTESIAN_POINT('',(-2.5,2.5,0.1));
#3337 = VECTOR('',#3338,1.);
#3338 = DIRECTION('',(0.,0.,1.));
#3339 = ORIENTED_EDGE('',*,*,#3063,.T.);
#3340 = ORIENTED_EDGE('',*,*,#3186,.F.);
#3341 = ORIENTED_EDGE('',*,*,#3342,.F.);
#3342 = EDGE_CURVE('',#3343,#3179,#3345,.T.);
#3343 = VERTEX_POINT('',#3344);
#3344 = CARTESIAN_POINT('',(-2.5,-2.1,0.1));
#3345 = LINE('',#3346,#3347);
#3346 = CARTESIAN_POINT('',(-2.5,2.5,0.1));
#3347 = VECTOR('',#3348,1.);
#3348 = DIRECTION('',(-1.224646799147E-16,-1.,0.));
#3349 = ORIENTED_EDGE('',*,*,#3350,.F.);
#3350 = EDGE_CURVE('',#3351,#3343,#3353,.T.);
#3351 = VERTEX_POINT('',#3352);
#3352 = CARTESIAN_POINT('',(-2.5,-1.2,0.1));
#3353 = LINE('',#3354,#3355);
#3354 = CARTESIAN_POINT('',(-2.5,2.5,0.1));
#3355 = VECTOR('',#3356,1.);
#3356 = DIRECTION('',(-1.224646799147E-16,-1.,0.));
#3357 = ORIENTED_EDGE('',*,*,#3358,.F.);
#3358 = EDGE_CURVE('',#3359,#3351,#3361,.T.);
#3359 = VERTEX_POINT('',#3360);
#3360 = CARTESIAN_POINT('',(-2.5,1.2,0.1));
#3361 = LINE('',#3362,#3363);
#3362 = CARTESIAN_POINT('',(-2.5,2.5,0.1));
#3363 = VECTOR('',#3364,1.);
#3364 = DIRECTION('',(-1.224646799147E-16,-1.,0.));
#3365 = ORIENTED_EDGE('',*,*,#3366,.F.);
#3366 = EDGE_CURVE('',#3367,#3359,#3369,.T.);
#3367 = VERTEX_POINT('',#3368);
#3368 = CARTESIAN_POINT('',(-2.5,2.1,0.1));
#3369 = LINE('',#3370,#3371);
#3370 = CARTESIAN_POINT('',(-2.5,2.5,0.1));
#3371 = VECTOR('',#3372,1.);
#3372 = DIRECTION('',(-1.224646799147E-16,-1.,0.));
#3373 = ORIENTED_EDGE('',*,*,#3374,.F.);
#3374 = EDGE_CURVE('',#3333,#3367,#3375,.T.);
#3375 = LINE('',#3376,#3377);
#3376 = CARTESIAN_POINT('',(-2.5,2.5,0.1));
#3377 = VECTOR('',#3378,1.);
#3378 = DIRECTION('',(-1.224646799147E-16,-1.,0.));
#3379 = FACE_BOUND('',#3380,.F.);
#3380 = EDGE_LOOP('',(#3381,#3391,#3399,#3407));
#3381 = ORIENTED_EDGE('',*,*,#3382,.F.);
#3382 = EDGE_CURVE('',#3383,#3385,#3387,.T.);
#3383 = VERTEX_POINT('',#3384);
#3384 = CARTESIAN_POINT('',(-2.5,-1.2,1.));
#3385 = VERTEX_POINT('',#3386);
#3386 = CARTESIAN_POINT('',(-2.5,-2.1,1.));
#3387 = LINE('',#3388,#3389);
#3388 = CARTESIAN_POINT('',(-2.5,0.425,1.));
#3389 = VECTOR('',#3390,1.);
#3390 = DIRECTION('',(-1.224646799147E-16,-1.,0.));
#3391 = ORIENTED_EDGE('',*,*,#3392,.T.);
#3392 = EDGE_CURVE('',#3383,#3393,#3395,.T.);
#3393 = VERTEX_POINT('',#3394);
#3394 = CARTESIAN_POINT('',(-2.5,-1.2,0.9));
#3395 = LINE('',#3396,#3397);
#3396 = CARTESIAN_POINT('',(-2.5,-1.2,5.E-02));
#3397 = VECTOR('',#3398,1.);
#3398 = DIRECTION('',(-0.,0.,-1.));
#3399 = ORIENTED_EDGE('',*,*,#3400,.T.);
#3400 = EDGE_CURVE('',#3393,#3401,#3403,.T.);
#3401 = VERTEX_POINT('',#3402);
#3402 = CARTESIAN_POINT('',(-2.5,-2.1,0.9));
#3403 = LINE('',#3404,#3405);
#3404 = CARTESIAN_POINT('',(-2.5,0.425,0.9));
#3405 = VECTOR('',#3406,1.);
#3406 = DIRECTION('',(-1.224646799147E-16,-1.,3.890767564419E-33));
#3407 = ORIENTED_EDGE('',*,*,#3408,.T.);
#3408 = EDGE_CURVE('',#3401,#3385,#3409,.T.);
#3409 = LINE('',#3410,#3411);
#3410 = CARTESIAN_POINT('',(-2.5,-2.1,5.E-02));
#3411 = VECTOR('',#3412,1.);
#3412 = DIRECTION('',(0.,0.,1.));
#3413 = FACE_BOUND('',#3414,.F.);
#3414 = EDGE_LOOP('',(#3415,#3425,#3433,#3441));
#3415 = ORIENTED_EDGE('',*,*,#3416,.F.);
#3416 = EDGE_CURVE('',#3417,#3419,#3421,.T.);
#3417 = VERTEX_POINT('',#3418);
#3418 = CARTESIAN_POINT('',(-2.5,2.1,1.));
#3419 = VERTEX_POINT('',#3420);
#3420 = CARTESIAN_POINT('',(-2.5,1.2,1.));
#3421 = LINE('',#3422,#3423);
#3422 = CARTESIAN_POINT('',(-2.5,2.075,1.));
#3423 = VECTOR('',#3424,1.);
#3424 = DIRECTION('',(-1.224646799147E-16,-1.,0.));
#3425 = ORIENTED_EDGE('',*,*,#3426,.T.);
#3426 = EDGE_CURVE('',#3417,#3427,#3429,.T.);
#3427 = VERTEX_POINT('',#3428);
#3428 = CARTESIAN_POINT('',(-2.5,2.1,0.9));
#3429 = LINE('',#3430,#3431);
#3430 = CARTESIAN_POINT('',(-2.5,2.1,5.E-02));
#3431 = VECTOR('',#3432,1.);
#3432 = DIRECTION('',(-0.,0.,-1.));
#3433 = ORIENTED_EDGE('',*,*,#3434,.T.);
#3434 = EDGE_CURVE('',#3427,#3435,#3437,.T.);
#3435 = VERTEX_POINT('',#3436);
#3436 = CARTESIAN_POINT('',(-2.5,1.2,0.9));
#3437 = LINE('',#3438,#3439);
#3438 = CARTESIAN_POINT('',(-2.5,2.075,0.9));
#3439 = VECTOR('',#3440,1.);
#3440 = DIRECTION('',(-1.224646799147E-16,-1.,1.556307025767E-32));
#3441 = ORIENTED_EDGE('',*,*,#3442,.T.);
#3442 = EDGE_CURVE('',#3435,#3419,#3443,.T.);
#3443 = LINE('',#3444,#3445);
#3444 = CARTESIAN_POINT('',(-2.5,1.2,5.E-02));
#3445 = VECTOR('',#3446,1.);
#3446 = DIRECTION('',(0.,0.,1.));
#3447 = PLANE('',#3448);
#3448 = AXIS2_PLACEMENT_3D('',#3449,#3450,#3451);
#3449 = CARTESIAN_POINT('',(-2.5,2.5,0.1));
#3450 = DIRECTION('',(1.,-1.224646799147E-16,0.));
#3451 = DIRECTION('',(-1.224646799147E-16,-1.,0.));
#3452 = ADVANCED_FACE('',(#3453),#3464,.F.);
#3453 = FACE_BOUND('',#3454,.F.);
#3454 = EDGE_LOOP('',(#3455,#3456,#3457,#3458));
#3455 = ORIENTED_EDGE('',*,*,#3201,.T.);
#3456 = ORIENTED_EDGE('',*,*,#3088,.T.);
#3457 = ORIENTED_EDGE('',*,*,#3332,.F.);
#3458 = ORIENTED_EDGE('',*,*,#3459,.F.);
#3459 = EDGE_CURVE('',#3202,#3333,#3460,.T.);
#3460 = LINE('',#3461,#3462);
#3461 = CARTESIAN_POINT('',(2.5,2.5,0.1));
#3462 = VECTOR('',#3463,1.);
#3463 = DIRECTION('',(-1.,1.224646799147E-16,0.));
#3464 = PLANE('',#3465);
#3465 = AXIS2_PLACEMENT_3D('',#3466,#3467,#3468);
#3466 = CARTESIAN_POINT('',(2.5,2.5,0.1));
#3467 = DIRECTION('',(-1.224646799147E-16,-1.,0.));
#3468 = DIRECTION('',(-1.,1.224646799147E-16,0.));
#3469 = ADVANCED_FACE('',(#3470),#3473,.T.);
#3470 = FACE_BOUND('',#3471,.T.);
#3471 = EDGE_LOOP('',(#3472));
#3472 = ORIENTED_EDGE('',*,*,#3115,.T.);
#3473 = PLANE('',#3474);
#3474 = AXIS2_PLACEMENT_3D('',#3475,#3476,#3477);
#3475 = CARTESIAN_POINT('',(1.538370149107E-16,-1.370800865949E-16,1.225
    ));
#3476 = DIRECTION('',(0.,0.,1.));
#3477 = DIRECTION('',(-1.,1.224646799147E-16,0.));
#3478 = ADVANCED_FACE('',(#3479),#3484,.T.);
#3479 = FACE_BOUND('',#3480,.T.);
#3480 = EDGE_LOOP('',(#3481,#3482,#3483));
#3481 = ORIENTED_EDGE('',*,*,#3248,.T.);
#3482 = ORIENTED_EDGE('',*,*,#3138,.T.);
#3483 = ORIENTED_EDGE('',*,*,#3162,.T.);
#3484 = PLANE('',#3485);
#3485 = AXIS2_PLACEMENT_3D('',#3486,#3487,#3488);
#3486 = CARTESIAN_POINT('',(3.75,-3.75,1.3));
#3487 = DIRECTION('',(0.,0.,1.));
#3488 = DIRECTION('',(-0.707106781187,-0.707106781187,0.));
#3489 = ADVANCED_FACE('',(#3490),#3652,.F.);
#3490 = FACE_BOUND('',#3491,.F.);
#3491 = EDGE_LOOP('',(#3492,#3493,#3494,#3495,#3503,#3511,#3519,#3527,
    #3533,#3534,#3542,#3550,#3558,#3566,#3572,#3573,#3574,#3575,#3583,
    #3591,#3599,#3607,#3613,#3614,#3622,#3630,#3638,#3646));
#3492 = ORIENTED_EDGE('',*,*,#3209,.T.);
#3493 = ORIENTED_EDGE('',*,*,#3459,.T.);
#3494 = ORIENTED_EDGE('',*,*,#3374,.T.);
#3495 = ORIENTED_EDGE('',*,*,#3496,.F.);
#3496 = EDGE_CURVE('',#3497,#3367,#3499,.T.);
#3497 = VERTEX_POINT('',#3498);
#3498 = CARTESIAN_POINT('',(-1.95,2.1,0.1));
#3499 = LINE('',#3500,#3501);
#3500 = CARTESIAN_POINT('',(-2.025,2.1,0.1));
#3501 = VECTOR('',#3502,1.);
#3502 = DIRECTION('',(-1.,1.224646799147E-16,-4.996063166392E-32));
#3503 = ORIENTED_EDGE('',*,*,#3504,.T.);
#3504 = EDGE_CURVE('',#3497,#3505,#3507,.T.);
#3505 = VERTEX_POINT('',#3506);
#3506 = CARTESIAN_POINT('',(-1.8,2.1,0.1));
#3507 = LINE('',#3508,#3509);
#3508 = CARTESIAN_POINT('',(-0.9,2.1,0.1));
#3509 = VECTOR('',#3510,1.);
#3510 = DIRECTION('',(1.,-1.224646799147E-16,0.));
#3511 = ORIENTED_EDGE('',*,*,#3512,.T.);
#3512 = EDGE_CURVE('',#3505,#3513,#3515,.T.);
#3513 = VERTEX_POINT('',#3514);
#3514 = CARTESIAN_POINT('',(-1.8,1.2,0.1));
#3515 = LINE('',#3516,#3517);
#3516 = CARTESIAN_POINT('',(-1.8,0.6,0.1));
#3517 = VECTOR('',#3518,1.);
#3518 = DIRECTION('',(-1.224646799147E-16,-1.,0.));
#3519 = ORIENTED_EDGE('',*,*,#3520,.T.);
#3520 = EDGE_CURVE('',#3513,#3521,#3523,.T.);
#3521 = VERTEX_POINT('',#3522);
#3522 = CARTESIAN_POINT('',(-1.95,1.2,0.1));
#3523 = LINE('',#3524,#3525);
#3524 = CARTESIAN_POINT('',(-1.35,1.2,0.1));
#3525 = VECTOR('',#3526,1.);
#3526 = DIRECTION('',(-1.,1.224646799147E-16,0.));
#3527 = ORIENTED_EDGE('',*,*,#3528,.F.);
#3528 = EDGE_CURVE('',#3359,#3521,#3529,.T.);
#3529 = LINE('',#3530,#3531);
#3530 = CARTESIAN_POINT('',(-2.475,1.2,0.1));
#3531 = VECTOR('',#3532,1.);
#3532 = DIRECTION('',(1.,-1.224646799147E-16,4.996063166392E-32));
#3533 = ORIENTED_EDGE('',*,*,#3358,.T.);
#3534 = ORIENTED_EDGE('',*,*,#3535,.F.);
#3535 = EDGE_CURVE('',#3536,#3351,#3538,.T.);
#3536 = VERTEX_POINT('',#3537);
#3537 = CARTESIAN_POINT('',(-1.95,-1.2,0.1));
#3538 = LINE('',#3539,#3540);
#3539 = CARTESIAN_POINT('',(-2.025,-1.2,0.1));
#3540 = VECTOR('',#3541,1.);
#3541 = DIRECTION('',(-1.,1.224646799147E-16,-4.996063166392E-32));
#3542 = ORIENTED_EDGE('',*,*,#3543,.T.);
#3543 = EDGE_CURVE('',#3536,#3544,#3546,.T.);
#3544 = VERTEX_POINT('',#3545);
#3545 = CARTESIAN_POINT('',(-1.8,-1.2,0.1));
#3546 = LINE('',#3547,#3548);
#3547 = CARTESIAN_POINT('',(-0.9,-1.2,0.1));
#3548 = VECTOR('',#3549,1.);
#3549 = DIRECTION('',(1.,-1.224646799147E-16,0.));
#3550 = ORIENTED_EDGE('',*,*,#3551,.T.);
#3551 = EDGE_CURVE('',#3544,#3552,#3554,.T.);
#3552 = VERTEX_POINT('',#3553);
#3553 = CARTESIAN_POINT('',(-1.8,-2.1,0.1));
#3554 = LINE('',#3555,#3556);
#3555 = CARTESIAN_POINT('',(-1.8,-1.05,0.1));
#3556 = VECTOR('',#3557,1.);
#3557 = DIRECTION('',(-1.224646799147E-16,-1.,0.));
#3558 = ORIENTED_EDGE('',*,*,#3559,.T.);
#3559 = EDGE_CURVE('',#3552,#3560,#3562,.T.);
#3560 = VERTEX_POINT('',#3561);
#3561 = CARTESIAN_POINT('',(-1.95,-2.1,0.1));
#3562 = LINE('',#3563,#3564);
#3563 = CARTESIAN_POINT('',(-1.35,-2.1,0.1));
#3564 = VECTOR('',#3565,1.);
#3565 = DIRECTION('',(-1.,1.224646799147E-16,0.));
#3566 = ORIENTED_EDGE('',*,*,#3567,.F.);
#3567 = EDGE_CURVE('',#3343,#3560,#3568,.T.);
#3568 = LINE('',#3569,#3570);
#3569 = CARTESIAN_POINT('',(-2.475,-2.1,0.1));
#3570 = VECTOR('',#3571,1.);
#3571 = DIRECTION('',(1.,-1.224646799147E-16,4.996063166392E-32));
#3572 = ORIENTED_EDGE('',*,*,#3342,.T.);
#3573 = ORIENTED_EDGE('',*,*,#3178,.T.);
#3574 = ORIENTED_EDGE('',*,*,#3241,.T.);
#3575 = ORIENTED_EDGE('',*,*,#3576,.F.);
#3576 = EDGE_CURVE('',#3577,#3234,#3579,.T.);
#3577 = VERTEX_POINT('',#3578);
#3578 = CARTESIAN_POINT('',(1.95,-2.1,0.1));
#3579 = LINE('',#3580,#3581);
#3580 = CARTESIAN_POINT('',(2.025,-2.1,0.1));
#3581 = VECTOR('',#3582,1.);
#3582 = DIRECTION('',(1.,-1.224646799147E-16,-4.996063166392E-32));
#3583 = ORIENTED_EDGE('',*,*,#3584,.T.);
#3584 = EDGE_CURVE('',#3577,#3585,#3587,.T.);
#3585 = VERTEX_POINT('',#3586);
#3586 = CARTESIAN_POINT('',(1.8,-2.1,0.1));
#3587 = LINE('',#3588,#3589);
#3588 = CARTESIAN_POINT('',(0.9,-2.1,0.1));
#3589 = VECTOR('',#3590,1.);
#3590 = DIRECTION('',(-1.,1.224646799147E-16,0.));
#3591 = ORIENTED_EDGE('',*,*,#3592,.T.);
#3592 = EDGE_CURVE('',#3585,#3593,#3595,.T.);
#3593 = VERTEX_POINT('',#3594);
#3594 = CARTESIAN_POINT('',(1.8,-1.2,0.1));
#3595 = LINE('',#3596,#3597);
#3596 = CARTESIAN_POINT('',(1.8,-0.6,0.1));
#3597 = VECTOR('',#3598,1.);
#3598 = DIRECTION('',(1.224646799147E-16,1.,0.));
#3599 = ORIENTED_EDGE('',*,*,#3600,.T.);
#3600 = EDGE_CURVE('',#3593,#3601,#3603,.T.);
#3601 = VERTEX_POINT('',#3602);
#3602 = CARTESIAN_POINT('',(1.95,-1.2,0.1));
#3603 = LINE('',#3604,#3605);
#3604 = CARTESIAN_POINT('',(1.35,-1.2,0.1));
#3605 = VECTOR('',#3606,1.);
#3606 = DIRECTION('',(1.,-1.224646799147E-16,0.));
#3607 = ORIENTED_EDGE('',*,*,#3608,.F.);
#3608 = EDGE_CURVE('',#3226,#3601,#3609,.T.);
#3609 = LINE('',#3610,#3611);
#3610 = CARTESIAN_POINT('',(2.475,-1.2,0.1));
#3611 = VECTOR('',#3612,1.);
#3612 = DIRECTION('',(-1.,1.224646799147E-16,4.996063166392E-32));
#3613 = ORIENTED_EDGE('',*,*,#3225,.T.);
#3614 = ORIENTED_EDGE('',*,*,#3615,.F.);
#3615 = EDGE_CURVE('',#3616,#3218,#3618,.T.);
#3616 = VERTEX_POINT('',#3617);
#3617 = CARTESIAN_POINT('',(1.95,1.2,0.1));
#3618 = LINE('',#3619,#3620);
#3619 = CARTESIAN_POINT('',(2.025,1.2,0.1));
#3620 = VECTOR('',#3621,1.);
#3621 = DIRECTION('',(1.,-1.224646799147E-16,-4.996063166392E-32));
#3622 = ORIENTED_EDGE('',*,*,#3623,.T.);
#3623 = EDGE_CURVE('',#3616,#3624,#3626,.T.);
#3624 = VERTEX_POINT('',#3625);
#3625 = CARTESIAN_POINT('',(1.8,1.2,0.1));
#3626 = LINE('',#3627,#3628);
#3627 = CARTESIAN_POINT('',(0.9,1.2,0.1));
#3628 = VECTOR('',#3629,1.);
#3629 = DIRECTION('',(-1.,1.224646799147E-16,0.));
#3630 = ORIENTED_EDGE('',*,*,#3631,.T.);
#3631 = EDGE_CURVE('',#3624,#3632,#3634,.T.);
#3632 = VERTEX_POINT('',#3633);
#3633 = CARTESIAN_POINT('',(1.8,2.1,0.1));
#3634 = LINE('',#3635,#3636);
#3635 = CARTESIAN_POINT('',(1.8,1.05,0.1));
#3636 = VECTOR('',#3637,1.);
#3637 = DIRECTION('',(1.224646799147E-16,1.,0.));
#3638 = ORIENTED_EDGE('',*,*,#3639,.T.);
#3639 = EDGE_CURVE('',#3632,#3640,#3642,.T.);
#3640 = VERTEX_POINT('',#3641);
#3641 = CARTESIAN_POINT('',(1.95,2.1,0.1));
#3642 = LINE('',#3643,#3644);
#3643 = CARTESIAN_POINT('',(1.35,2.1,0.1));
#3644 = VECTOR('',#3645,1.);
#3645 = DIRECTION('',(1.,-1.224646799147E-16,0.));
#3646 = ORIENTED_EDGE('',*,*,#3647,.F.);
#3647 = EDGE_CURVE('',#3210,#3640,#3648,.T.);
#3648 = LINE('',#3649,#3650);
#3649 = CARTESIAN_POINT('',(2.475,2.1,0.1));
#3650 = VECTOR('',#3651,1.);
#3651 = DIRECTION('',(-1.,1.224646799147E-16,4.996063166392E-32));
#3652 = PLANE('',#3653);
#3653 = AXIS2_PLACEMENT_3D('',#3654,#3655,#3656);
#3654 = CARTESIAN_POINT('',(0.,0.,0.1));
#3655 = DIRECTION('',(0.,0.,1.));
#3656 = DIRECTION('',(-1.,1.224646799147E-16,0.));
#3657 = ADVANCED_FACE('',(#3658),#3683,.T.);
#3658 = FACE_BOUND('',#3659,.T.);
#3659 = EDGE_LOOP('',(#3660,#3670,#3676,#3677));
#3660 = ORIENTED_EDGE('',*,*,#3661,.T.);
#3661 = EDGE_CURVE('',#3662,#3664,#3666,.T.);
#3662 = VERTEX_POINT('',#3663);
#3663 = CARTESIAN_POINT('',(2.55,1.2,0.1));
#3664 = VERTEX_POINT('',#3665);
#3665 = CARTESIAN_POINT('',(2.55,2.1,0.1));
#3666 = LINE('',#3667,#3668);
#3667 = CARTESIAN_POINT('',(2.55,1.1,0.1));
#3668 = VECTOR('',#3669,1.);
#3669 = DIRECTION('',(1.224646799147E-16,1.,0.));
#3670 = ORIENTED_EDGE('',*,*,#3671,.T.);
#3671 = EDGE_CURVE('',#3664,#3210,#3672,.T.);
#3672 = LINE('',#3673,#3674);
#3673 = CARTESIAN_POINT('',(2.475,2.1,0.1));
#3674 = VECTOR('',#3675,1.);
#3675 = DIRECTION('',(-1.,1.224646799147E-16,4.996063166392E-32));
#3676 = ORIENTED_EDGE('',*,*,#3217,.F.);
#3677 = ORIENTED_EDGE('',*,*,#3678,.T.);
#3678 = EDGE_CURVE('',#3218,#3662,#3679,.T.);
#3679 = LINE('',#3680,#3681);
#3680 = CARTESIAN_POINT('',(2.025,1.2,0.1));
#3681 = VECTOR('',#3682,1.);
#3682 = DIRECTION('',(1.,-1.224646799147E-16,-4.996063166392E-32));
#3683 = PLANE('',#3684);
#3684 = AXIS2_PLACEMENT_3D('',#3685,#3686,#3687);
#3685 = CARTESIAN_POINT('',(2.25,1.65,0.1));
#3686 = DIRECTION('',(4.996063166392E-32,1.556307025767E-32,1.));
#3687 = DIRECTION('',(-1.,1.224646799147E-16,4.996063166392E-32));
#3688 = ADVANCED_FACE('',(#3689),#3714,.T.);
#3689 = FACE_BOUND('',#3690,.T.);
#3690 = EDGE_LOOP('',(#3691,#3701,#3707,#3708));
#3691 = ORIENTED_EDGE('',*,*,#3692,.T.);
#3692 = EDGE_CURVE('',#3693,#3695,#3697,.T.);
#3693 = VERTEX_POINT('',#3694);
#3694 = CARTESIAN_POINT('',(2.55,-2.1,0.1));
#3695 = VERTEX_POINT('',#3696);
#3696 = CARTESIAN_POINT('',(2.55,-1.2,0.1));
#3697 = LINE('',#3698,#3699);
#3698 = CARTESIAN_POINT('',(2.55,-2.2,0.1));
#3699 = VECTOR('',#3700,1.);
#3700 = DIRECTION('',(1.224646799147E-16,1.,0.));
#3701 = ORIENTED_EDGE('',*,*,#3702,.T.);
#3702 = EDGE_CURVE('',#3695,#3226,#3703,.T.);
#3703 = LINE('',#3704,#3705);
#3704 = CARTESIAN_POINT('',(2.475,-1.2,0.1));
#3705 = VECTOR('',#3706,1.);
#3706 = DIRECTION('',(-1.,1.224646799147E-16,4.996063166392E-32));
#3707 = ORIENTED_EDGE('',*,*,#3233,.F.);
#3708 = ORIENTED_EDGE('',*,*,#3709,.T.);
#3709 = EDGE_CURVE('',#3234,#3693,#3710,.T.);
#3710 = LINE('',#3711,#3712);
#3711 = CARTESIAN_POINT('',(2.025,-2.1,0.1));
#3712 = VECTOR('',#3713,1.);
#3713 = DIRECTION('',(1.,-1.224646799147E-16,-4.996063166392E-32));
#3714 = PLANE('',#3715);
#3715 = AXIS2_PLACEMENT_3D('',#3716,#3717,#3718);
#3716 = CARTESIAN_POINT('',(2.25,-1.65,0.1));
#3717 = DIRECTION('',(4.996063166392E-32,3.890767564419E-33,1.));
#3718 = DIRECTION('',(-1.,1.224646799147E-16,4.996063166392E-32));
#3719 = ADVANCED_FACE('',(#3720),#3745,.F.);
#3720 = FACE_BOUND('',#3721,.F.);
#3721 = EDGE_LOOP('',(#3722,#3732,#3738,#3739));
#3722 = ORIENTED_EDGE('',*,*,#3723,.T.);
#3723 = EDGE_CURVE('',#3724,#3726,#3728,.T.);
#3724 = VERTEX_POINT('',#3725);
#3725 = CARTESIAN_POINT('',(2.55,1.2,0.9));
#3726 = VERTEX_POINT('',#3727);
#3727 = CARTESIAN_POINT('',(2.55,2.1,0.9));
#3728 = LINE('',#3729,#3730);
#3729 = CARTESIAN_POINT('',(2.55,1.1,0.9));
#3730 = VECTOR('',#3731,1.);
#3731 = DIRECTION('',(1.224646799147E-16,1.,0.));
#3732 = ORIENTED_EDGE('',*,*,#3733,.T.);
#3733 = EDGE_CURVE('',#3726,#3261,#3734,.T.);
#3734 = LINE('',#3735,#3736);
#3735 = CARTESIAN_POINT('',(2.475,2.1,0.9));
#3736 = VECTOR('',#3737,1.);
#3737 = DIRECTION('',(-1.,1.224646799147E-16,4.996063166392E-32));
#3738 = ORIENTED_EDGE('',*,*,#3258,.F.);
#3739 = ORIENTED_EDGE('',*,*,#3740,.T.);
#3740 = EDGE_CURVE('',#3259,#3724,#3741,.T.);
#3741 = LINE('',#3742,#3743);
#3742 = CARTESIAN_POINT('',(2.025,1.2,0.9));
#3743 = VECTOR('',#3744,1.);
#3744 = DIRECTION('',(1.,-1.224646799147E-16,-4.996063166392E-32));
#3745 = PLANE('',#3746);
#3746 = AXIS2_PLACEMENT_3D('',#3747,#3748,#3749);
#3747 = CARTESIAN_POINT('',(2.25,1.65,0.9));
#3748 = DIRECTION('',(4.996063166392E-32,1.556307025767E-32,1.));
#3749 = DIRECTION('',(-1.,1.224646799147E-16,4.996063166392E-32));
#3750 = ADVANCED_FACE('',(#3751),#3830,.F.);
#3751 = FACE_BOUND('',#3752,.F.);
#3752 = EDGE_LOOP('',(#3753,#3763,#3772,#3780,#3786,#3787,#3788,#3789,
    #3798,#3806,#3813,#3814,#3815,#3823));
#3753 = ORIENTED_EDGE('',*,*,#3754,.F.);
#3754 = EDGE_CURVE('',#3755,#3757,#3759,.T.);
#3755 = VERTEX_POINT('',#3756);
#3756 = CARTESIAN_POINT('',(2.7,1.2,5.E-02));
#3757 = VERTEX_POINT('',#3758);
#3758 = CARTESIAN_POINT('',(2.7,1.2,0.95));
#3759 = LINE('',#3760,#3761);
#3760 = CARTESIAN_POINT('',(2.7,1.2,0.));
#3761 = VECTOR('',#3762,1.);
#3762 = DIRECTION('',(0.,0.,1.));
#3763 = ORIENTED_EDGE('',*,*,#3764,.T.);
#3764 = EDGE_CURVE('',#3755,#3765,#3767,.T.);
#3765 = VERTEX_POINT('',#3766);
#3766 = CARTESIAN_POINT('',(2.65,1.2,-6.938893903907E-18));
#3767 = CIRCLE('',#3768,5.E-02);
#3768 = AXIS2_PLACEMENT_3D('',#3769,#3770,#3771);
#3769 = CARTESIAN_POINT('',(2.65,1.2,5.E-02));
#3770 = DIRECTION('',(1.224646799147E-16,1.,0.));
#3771 = DIRECTION('',(0.,0.,-1.));
#3772 = ORIENTED_EDGE('',*,*,#3773,.F.);
#3773 = EDGE_CURVE('',#3774,#3765,#3776,.T.);
#3774 = VERTEX_POINT('',#3775);
#3775 = CARTESIAN_POINT('',(1.8,1.2,0.));
#3776 = LINE('',#3777,#3778);
#3777 = CARTESIAN_POINT('',(1.8,1.2,0.));
#3778 = VECTOR('',#3779,1.);
#3779 = DIRECTION('',(1.,-1.224646799147E-16,0.));
#3780 = ORIENTED_EDGE('',*,*,#3781,.T.);
#3781 = EDGE_CURVE('',#3774,#3624,#3782,.T.);
#3782 = LINE('',#3783,#3784);
#3783 = CARTESIAN_POINT('',(1.8,1.2,0.));
#3784 = VECTOR('',#3785,1.);
#3785 = DIRECTION('',(0.,0.,1.));
#3786 = ORIENTED_EDGE('',*,*,#3623,.F.);
#3787 = ORIENTED_EDGE('',*,*,#3615,.T.);
#3788 = ORIENTED_EDGE('',*,*,#3678,.T.);
#3789 = ORIENTED_EDGE('',*,*,#3790,.F.);
#3790 = EDGE_CURVE('',#3791,#3662,#3793,.T.);
#3791 = VERTEX_POINT('',#3792);
#3792 = CARTESIAN_POINT('',(2.6,1.2,0.15));
#3793 = CIRCLE('',#3794,5.E-02);
#3794 = AXIS2_PLACEMENT_3D('',#3795,#3796,#3797);
#3795 = CARTESIAN_POINT('',(2.55,1.2,0.15));
#3796 = DIRECTION('',(1.224646799147E-16,1.,0.));
#3797 = DIRECTION('',(1.,-1.224646799147E-16,0.));
#3798 = ORIENTED_EDGE('',*,*,#3799,.T.);
#3799 = EDGE_CURVE('',#3791,#3800,#3802,.T.);
#3800 = VERTEX_POINT('',#3801);
#3801 = CARTESIAN_POINT('',(2.6,1.2,0.85));
#3802 = LINE('',#3803,#3804);
#3803 = CARTESIAN_POINT('',(2.6,1.2,5.E-02));
#3804 = VECTOR('',#3805,1.);
#3805 = DIRECTION('',(0.,0.,1.));
#3806 = ORIENTED_EDGE('',*,*,#3807,.F.);
#3807 = EDGE_CURVE('',#3724,#3800,#3808,.T.);
#3808 = CIRCLE('',#3809,5.E-02);
#3809 = AXIS2_PLACEMENT_3D('',#3810,#3811,#3812);
#3810 = CARTESIAN_POINT('',(2.55,1.2,0.85));
#3811 = DIRECTION('',(1.224646799147E-16,1.,0.));
#3812 = DIRECTION('',(1.,-1.224646799147E-16,0.));
#3813 = ORIENTED_EDGE('',*,*,#3740,.F.);
#3814 = ORIENTED_EDGE('',*,*,#3284,.F.);
#3815 = ORIENTED_EDGE('',*,*,#3816,.T.);
#3816 = EDGE_CURVE('',#3277,#3817,#3819,.T.);
#3817 = VERTEX_POINT('',#3818);
#3818 = CARTESIAN_POINT('',(2.65,1.2,1.));
#3819 = LINE('',#3820,#3821);
#3820 = CARTESIAN_POINT('',(1.8,1.2,1.));
#3821 = VECTOR('',#3822,1.);
#3822 = DIRECTION('',(1.,-1.224646799147E-16,0.));
#3823 = ORIENTED_EDGE('',*,*,#3824,.F.);
#3824 = EDGE_CURVE('',#3757,#3817,#3825,.T.);
#3825 = CIRCLE('',#3826,5.E-02);
#3826 = AXIS2_PLACEMENT_3D('',#3827,#3828,#3829);
#3827 = CARTESIAN_POINT('',(2.65,1.2,0.95));
#3828 = DIRECTION('',(-1.224646799147E-16,-1.,0.));
#3829 = DIRECTION('',(-0.,0.,-1.));
#3830 = PLANE('',#3831);
#3831 = AXIS2_PLACEMENT_3D('',#3832,#3833,#3834);
#3832 = CARTESIAN_POINT('',(1.8,1.2,0.));
#3833 = DIRECTION('',(1.224646799147E-16,1.,0.));
#3834 = DIRECTION('',(1.,-1.224646799147E-16,0.));
#3835 = ADVANCED_FACE('',(#3836),#3854,.T.);
#3836 = FACE_BOUND('',#3837,.T.);
#3837 = EDGE_LOOP('',(#3838,#3846,#3852,#3853));
#3838 = ORIENTED_EDGE('',*,*,#3839,.T.);
#3839 = EDGE_CURVE('',#3817,#3840,#3842,.T.);
#3840 = VERTEX_POINT('',#3841);
#3841 = CARTESIAN_POINT('',(2.65,2.1,1.));
#3842 = LINE('',#3843,#3844);
#3843 = CARTESIAN_POINT('',(2.65,1.2,1.));
#3844 = VECTOR('',#3845,1.);
#3845 = DIRECTION('',(1.224646799147E-16,1.,0.));
#3846 = ORIENTED_EDGE('',*,*,#3847,.T.);
#3847 = EDGE_CURVE('',#3840,#3269,#3848,.T.);
#3848 = LINE('',#3849,#3850);
#3849 = CARTESIAN_POINT('',(2.7,2.1,1.));
#3850 = VECTOR('',#3851,1.);
#3851 = DIRECTION('',(-1.,1.224646799147E-16,0.));
#3852 = ORIENTED_EDGE('',*,*,#3276,.F.);
#3853 = ORIENTED_EDGE('',*,*,#3816,.T.);
#3854 = PLANE('',#3855);
#3855 = AXIS2_PLACEMENT_3D('',#3856,#3857,#3858);
#3856 = CARTESIAN_POINT('',(2.25,1.65,1.));
#3857 = DIRECTION('',(0.,0.,1.));
#3858 = DIRECTION('',(-1.,1.224646799147E-16,0.));
#3859 = ADVANCED_FACE('',(#3860),#3932,.F.);
#3860 = FACE_BOUND('',#3861,.F.);
#3861 = EDGE_LOOP('',(#3862,#3873,#3881,#3888,#3889,#3890,#3891,#3900,
    #3908,#3915,#3916,#3917,#3918,#3926));
#3862 = ORIENTED_EDGE('',*,*,#3863,.F.);
#3863 = EDGE_CURVE('',#3864,#3866,#3868,.T.);
#3864 = VERTEX_POINT('',#3865);
#3865 = CARTESIAN_POINT('',(2.7,2.1,5.E-02));
#3866 = VERTEX_POINT('',#3867);
#3867 = CARTESIAN_POINT('',(2.65,2.1,-6.938893903907E-18));
#3868 = CIRCLE('',#3869,5.E-02);
#3869 = AXIS2_PLACEMENT_3D('',#3870,#3871,#3872);
#3870 = CARTESIAN_POINT('',(2.65,2.1,5.E-02));
#3871 = DIRECTION('',(1.224646799147E-16,1.,0.));
#3872 = DIRECTION('',(0.,0.,-1.));
#3873 = ORIENTED_EDGE('',*,*,#3874,.T.);
#3874 = EDGE_CURVE('',#3864,#3875,#3877,.T.);
#3875 = VERTEX_POINT('',#3876);
#3876 = CARTESIAN_POINT('',(2.7,2.1,0.95));
#3877 = LINE('',#3878,#3879);
#3878 = CARTESIAN_POINT('',(2.7,2.1,0.));
#3879 = VECTOR('',#3880,1.);
#3880 = DIRECTION('',(0.,0.,1.));
#3881 = ORIENTED_EDGE('',*,*,#3882,.T.);
#3882 = EDGE_CURVE('',#3875,#3840,#3883,.T.);
#3883 = CIRCLE('',#3884,5.E-02);
#3884 = AXIS2_PLACEMENT_3D('',#3885,#3886,#3887);
#3885 = CARTESIAN_POINT('',(2.65,2.1,0.95));
#3886 = DIRECTION('',(-1.224646799147E-16,-1.,0.));
#3887 = DIRECTION('',(-0.,0.,-1.));
#3888 = ORIENTED_EDGE('',*,*,#3847,.T.);
#3889 = ORIENTED_EDGE('',*,*,#3268,.F.);
#3890 = ORIENTED_EDGE('',*,*,#3733,.F.);
#3891 = ORIENTED_EDGE('',*,*,#3892,.T.);
#3892 = EDGE_CURVE('',#3726,#3893,#3895,.T.);
#3893 = VERTEX_POINT('',#3894);
#3894 = CARTESIAN_POINT('',(2.6,2.1,0.85));
#3895 = CIRCLE('',#3896,5.E-02);
#3896 = AXIS2_PLACEMENT_3D('',#3897,#3898,#3899);
#3897 = CARTESIAN_POINT('',(2.55,2.1,0.85));
#3898 = DIRECTION('',(1.224646799147E-16,1.,0.));
#3899 = DIRECTION('',(1.,-1.224646799147E-16,0.));
#3900 = ORIENTED_EDGE('',*,*,#3901,.T.);
#3901 = EDGE_CURVE('',#3893,#3902,#3904,.T.);
#3902 = VERTEX_POINT('',#3903);
#3903 = CARTESIAN_POINT('',(2.6,2.1,0.15));
#3904 = LINE('',#3905,#3906);
#3905 = CARTESIAN_POINT('',(2.6,2.1,5.E-02));
#3906 = VECTOR('',#3907,1.);
#3907 = DIRECTION('',(0.,-0.,-1.));
#3908 = ORIENTED_EDGE('',*,*,#3909,.T.);
#3909 = EDGE_CURVE('',#3902,#3664,#3910,.T.);
#3910 = CIRCLE('',#3911,5.E-02);
#3911 = AXIS2_PLACEMENT_3D('',#3912,#3913,#3914);
#3912 = CARTESIAN_POINT('',(2.55,2.1,0.15));
#3913 = DIRECTION('',(1.224646799147E-16,1.,0.));
#3914 = DIRECTION('',(1.,-1.224646799147E-16,0.));
#3915 = ORIENTED_EDGE('',*,*,#3671,.T.);
#3916 = ORIENTED_EDGE('',*,*,#3647,.T.);
#3917 = ORIENTED_EDGE('',*,*,#3639,.F.);
#3918 = ORIENTED_EDGE('',*,*,#3919,.F.);
#3919 = EDGE_CURVE('',#3920,#3632,#3922,.T.);
#3920 = VERTEX_POINT('',#3921);
#3921 = CARTESIAN_POINT('',(1.8,2.1,0.));
#3922 = LINE('',#3923,#3924);
#3923 = CARTESIAN_POINT('',(1.8,2.1,0.));
#3924 = VECTOR('',#3925,1.);
#3925 = DIRECTION('',(0.,0.,1.));
#3926 = ORIENTED_EDGE('',*,*,#3927,.F.);
#3927 = EDGE_CURVE('',#3866,#3920,#3928,.T.);
#3928 = LINE('',#3929,#3930);
#3929 = CARTESIAN_POINT('',(2.7,2.1,0.));
#3930 = VECTOR('',#3931,1.);
#3931 = DIRECTION('',(-1.,1.224646799147E-16,0.));
#3932 = PLANE('',#3933);
#3933 = AXIS2_PLACEMENT_3D('',#3934,#3935,#3936);
#3934 = CARTESIAN_POINT('',(2.7,2.1,0.));
#3935 = DIRECTION('',(-1.224646799147E-16,-1.,0.));
#3936 = DIRECTION('',(-1.,1.224646799147E-16,0.));
#3937 = ADVANCED_FACE('',(#3938),#3963,.T.);
#3938 = FACE_BOUND('',#3939,.T.);
#3939 = EDGE_LOOP('',(#3940,#3950,#3956,#3957));
#3940 = ORIENTED_EDGE('',*,*,#3941,.T.);
#3941 = EDGE_CURVE('',#3942,#3944,#3946,.T.);
#3942 = VERTEX_POINT('',#3943);
#3943 = CARTESIAN_POINT('',(2.65,-2.1,1.));
#3944 = VERTEX_POINT('',#3945);
#3945 = CARTESIAN_POINT('',(2.65,-1.2,1.));
#3946 = LINE('',#3947,#3948);
#3947 = CARTESIAN_POINT('',(2.65,-2.1,1.));
#3948 = VECTOR('',#3949,1.);
#3949 = DIRECTION('',(1.224646799147E-16,1.,0.));
#3950 = ORIENTED_EDGE('',*,*,#3951,.T.);
#3951 = EDGE_CURVE('',#3944,#3295,#3952,.T.);
#3952 = LINE('',#3953,#3954);
#3953 = CARTESIAN_POINT('',(2.7,-1.2,1.));
#3954 = VECTOR('',#3955,1.);
#3955 = DIRECTION('',(-1.,1.224646799147E-16,0.));
#3956 = ORIENTED_EDGE('',*,*,#3292,.F.);
#3957 = ORIENTED_EDGE('',*,*,#3958,.T.);
#3958 = EDGE_CURVE('',#3293,#3942,#3959,.T.);
#3959 = LINE('',#3960,#3961);
#3960 = CARTESIAN_POINT('',(1.8,-2.1,1.));
#3961 = VECTOR('',#3962,1.);
#3962 = DIRECTION('',(1.,-1.224646799147E-16,0.));
#3963 = PLANE('',#3964);
#3964 = AXIS2_PLACEMENT_3D('',#3965,#3966,#3967);
#3965 = CARTESIAN_POINT('',(2.25,-1.65,1.));
#3966 = DIRECTION('',(0.,0.,1.));
#3967 = DIRECTION('',(-1.,1.224646799147E-16,0.));
#3968 = ADVANCED_FACE('',(#3969),#4048,.F.);
#3969 = FACE_BOUND('',#3970,.F.);
#3970 = EDGE_LOOP('',(#3971,#3982,#3990,#3997,#3998,#3999,#4007,#4016,
    #4024,#4031,#4032,#4033,#4034,#4042));
#3971 = ORIENTED_EDGE('',*,*,#3972,.F.);
#3972 = EDGE_CURVE('',#3973,#3975,#3977,.T.);
#3973 = VERTEX_POINT('',#3974);
#3974 = CARTESIAN_POINT('',(2.7,-1.2,5.E-02));
#3975 = VERTEX_POINT('',#3976);
#3976 = CARTESIAN_POINT('',(2.65,-1.2,-6.938893903907E-18));
#3977 = CIRCLE('',#3978,5.E-02);
#3978 = AXIS2_PLACEMENT_3D('',#3979,#3980,#3981);
#3979 = CARTESIAN_POINT('',(2.65,-1.2,5.E-02));
#3980 = DIRECTION('',(1.224646799147E-16,1.,0.));
#3981 = DIRECTION('',(0.,0.,-1.));
#3982 = ORIENTED_EDGE('',*,*,#3983,.T.);
#3983 = EDGE_CURVE('',#3973,#3984,#3986,.T.);
#3984 = VERTEX_POINT('',#3985);
#3985 = CARTESIAN_POINT('',(2.7,-1.2,0.95));
#3986 = LINE('',#3987,#3988);
#3987 = CARTESIAN_POINT('',(2.7,-1.2,0.));
#3988 = VECTOR('',#3989,1.);
#3989 = DIRECTION('',(0.,0.,1.));
#3990 = ORIENTED_EDGE('',*,*,#3991,.T.);
#3991 = EDGE_CURVE('',#3984,#3944,#3992,.T.);
#3992 = CIRCLE('',#3993,5.E-02);
#3993 = AXIS2_PLACEMENT_3D('',#3994,#3995,#3996);
#3994 = CARTESIAN_POINT('',(2.65,-1.2,0.95));
#3995 = DIRECTION('',(-1.224646799147E-16,-1.,0.));
#3996 = DIRECTION('',(-0.,0.,-1.));
#3997 = ORIENTED_EDGE('',*,*,#3951,.T.);
#3998 = ORIENTED_EDGE('',*,*,#3318,.F.);
#3999 = ORIENTED_EDGE('',*,*,#4000,.F.);
#4000 = EDGE_CURVE('',#4001,#3311,#4003,.T.);
#4001 = VERTEX_POINT('',#4002);
#4002 = CARTESIAN_POINT('',(2.55,-1.2,0.9));
#4003 = LINE('',#4004,#4005);
#4004 = CARTESIAN_POINT('',(2.475,-1.2,0.9));
#4005 = VECTOR('',#4006,1.);
#4006 = DIRECTION('',(-1.,1.224646799147E-16,4.996063166392E-32));
#4007 = ORIENTED_EDGE('',*,*,#4008,.T.);
#4008 = EDGE_CURVE('',#4001,#4009,#4011,.T.);
#4009 = VERTEX_POINT('',#4010);
#4010 = CARTESIAN_POINT('',(2.6,-1.2,0.85));
#4011 = CIRCLE('',#4012,5.E-02);
#4012 = AXIS2_PLACEMENT_3D('',#4013,#4014,#4015);
#4013 = CARTESIAN_POINT('',(2.55,-1.2,0.85));
#4014 = DIRECTION('',(1.224646799147E-16,1.,0.));
#4015 = DIRECTION('',(1.,-1.224646799147E-16,0.));
#4016 = ORIENTED_EDGE('',*,*,#4017,.T.);
#4017 = EDGE_CURVE('',#4009,#4018,#4020,.T.);
#4018 = VERTEX_POINT('',#4019);
#4019 = CARTESIAN_POINT('',(2.6,-1.2,0.15));
#4020 = LINE('',#4021,#4022);
#4021 = CARTESIAN_POINT('',(2.6,-1.2,5.E-02));
#4022 = VECTOR('',#4023,1.);
#4023 = DIRECTION('',(0.,-0.,-1.));
#4024 = ORIENTED_EDGE('',*,*,#4025,.T.);
#4025 = EDGE_CURVE('',#4018,#3695,#4026,.T.);
#4026 = CIRCLE('',#4027,5.E-02);
#4027 = AXIS2_PLACEMENT_3D('',#4028,#4029,#4030);
#4028 = CARTESIAN_POINT('',(2.55,-1.2,0.15));
#4029 = DIRECTION('',(1.224646799147E-16,1.,0.));
#4030 = DIRECTION('',(1.,-1.224646799147E-16,0.));
#4031 = ORIENTED_EDGE('',*,*,#3702,.T.);
#4032 = ORIENTED_EDGE('',*,*,#3608,.T.);
#4033 = ORIENTED_EDGE('',*,*,#3600,.F.);
#4034 = ORIENTED_EDGE('',*,*,#4035,.F.);
#4035 = EDGE_CURVE('',#4036,#3593,#4038,.T.);
#4036 = VERTEX_POINT('',#4037);
#4037 = CARTESIAN_POINT('',(1.8,-1.2,0.));
#4038 = LINE('',#4039,#4040);
#4039 = CARTESIAN_POINT('',(1.8,-1.2,0.));
#4040 = VECTOR('',#4041,1.);
#4041 = DIRECTION('',(0.,0.,1.));
#4042 = ORIENTED_EDGE('',*,*,#4043,.F.);
#4043 = EDGE_CURVE('',#3975,#4036,#4044,.T.);
#4044 = LINE('',#4045,#4046);
#4045 = CARTESIAN_POINT('',(2.7,-1.2,0.));
#4046 = VECTOR('',#4047,1.);
#4047 = DIRECTION('',(-1.,1.224646799147E-16,0.));
#4048 = PLANE('',#4049);
#4049 = AXIS2_PLACEMENT_3D('',#4050,#4051,#4052);
#4050 = CARTESIAN_POINT('',(2.7,-1.2,0.));
#4051 = DIRECTION('',(-1.224646799147E-16,-1.,0.));
#4052 = DIRECTION('',(-1.,1.224646799147E-16,0.));
#4053 = ADVANCED_FACE('',(#4054),#4072,.F.);
#4054 = FACE_BOUND('',#4055,.F.);
#4055 = EDGE_LOOP('',(#4056,#4064,#4065,#4066));
#4056 = ORIENTED_EDGE('',*,*,#4057,.T.);
#4057 = EDGE_CURVE('',#4058,#4001,#4060,.T.);
#4058 = VERTEX_POINT('',#4059);
#4059 = CARTESIAN_POINT('',(2.55,-2.1,0.9));
#4060 = LINE('',#4061,#4062);
#4061 = CARTESIAN_POINT('',(2.55,-2.2,0.9));
#4062 = VECTOR('',#4063,1.);
#4063 = DIRECTION('',(1.224646799147E-16,1.,0.));
#4064 = ORIENTED_EDGE('',*,*,#4000,.T.);
#4065 = ORIENTED_EDGE('',*,*,#3310,.F.);
#4066 = ORIENTED_EDGE('',*,*,#4067,.T.);
#4067 = EDGE_CURVE('',#3303,#4058,#4068,.T.);
#4068 = LINE('',#4069,#4070);
#4069 = CARTESIAN_POINT('',(2.025,-2.1,0.9));
#4070 = VECTOR('',#4071,1.);
#4071 = DIRECTION('',(1.,-1.224646799147E-16,-4.996063166392E-32));
#4072 = PLANE('',#4073);
#4073 = AXIS2_PLACEMENT_3D('',#4074,#4075,#4076);
#4074 = CARTESIAN_POINT('',(2.25,-1.65,0.9));
#4075 = DIRECTION('',(4.996063166392E-32,3.890767564419E-33,1.));
#4076 = DIRECTION('',(-1.,1.224646799147E-16,4.996063166392E-32));
#4077 = ADVANCED_FACE('',(#4078),#4150,.F.);
#4078 = FACE_BOUND('',#4079,.F.);
#4079 = EDGE_LOOP('',(#4080,#4090,#4099,#4107,#4113,#4114,#4115,#4116,
    #4125,#4133,#4140,#4141,#4142,#4143));
#4080 = ORIENTED_EDGE('',*,*,#4081,.F.);
#4081 = EDGE_CURVE('',#4082,#4084,#4086,.T.);
#4082 = VERTEX_POINT('',#4083);
#4083 = CARTESIAN_POINT('',(2.7,-2.1,5.E-02));
#4084 = VERTEX_POINT('',#4085);
#4085 = CARTESIAN_POINT('',(2.7,-2.1,0.95));
#4086 = LINE('',#4087,#4088);
#4087 = CARTESIAN_POINT('',(2.7,-2.1,0.));
#4088 = VECTOR('',#4089,1.);
#4089 = DIRECTION('',(0.,0.,1.));
#4090 = ORIENTED_EDGE('',*,*,#4091,.T.);
#4091 = EDGE_CURVE('',#4082,#4092,#4094,.T.);
#4092 = VERTEX_POINT('',#4093);
#4093 = CARTESIAN_POINT('',(2.65,-2.1,-6.938893903907E-18));
#4094 = CIRCLE('',#4095,5.E-02);
#4095 = AXIS2_PLACEMENT_3D('',#4096,#4097,#4098);
#4096 = CARTESIAN_POINT('',(2.65,-2.1,5.E-02));
#4097 = DIRECTION('',(1.224646799147E-16,1.,0.));
#4098 = DIRECTION('',(0.,0.,-1.));
#4099 = ORIENTED_EDGE('',*,*,#4100,.F.);
#4100 = EDGE_CURVE('',#4101,#4092,#4103,.T.);
#4101 = VERTEX_POINT('',#4102);
#4102 = CARTESIAN_POINT('',(1.8,-2.1,0.));
#4103 = LINE('',#4104,#4105);
#4104 = CARTESIAN_POINT('',(1.8,-2.1,0.));
#4105 = VECTOR('',#4106,1.);
#4106 = DIRECTION('',(1.,-1.224646799147E-16,0.));
#4107 = ORIENTED_EDGE('',*,*,#4108,.T.);
#4108 = EDGE_CURVE('',#4101,#3585,#4109,.T.);
#4109 = LINE('',#4110,#4111);
#4110 = CARTESIAN_POINT('',(1.8,-2.1,0.));
#4111 = VECTOR('',#4112,1.);
#4112 = DIRECTION('',(0.,0.,1.));
#4113 = ORIENTED_EDGE('',*,*,#3584,.F.);
#4114 = ORIENTED_EDGE('',*,*,#3576,.T.);
#4115 = ORIENTED_EDGE('',*,*,#3709,.T.);
#4116 = ORIENTED_EDGE('',*,*,#4117,.F.);
#4117 = EDGE_CURVE('',#4118,#3693,#4120,.T.);
#4118 = VERTEX_POINT('',#4119);
#4119 = CARTESIAN_POINT('',(2.6,-2.1,0.15));
#4120 = CIRCLE('',#4121,5.E-02);
#4121 = AXIS2_PLACEMENT_3D('',#4122,#4123,#4124);
#4122 = CARTESIAN_POINT('',(2.55,-2.1,0.15));
#4123 = DIRECTION('',(1.224646799147E-16,1.,0.));
#4124 = DIRECTION('',(1.,-1.224646799147E-16,0.));
#4125 = ORIENTED_EDGE('',*,*,#4126,.T.);
#4126 = EDGE_CURVE('',#4118,#4127,#4129,.T.);
#4127 = VERTEX_POINT('',#4128);
#4128 = CARTESIAN_POINT('',(2.6,-2.1,0.85));
#4129 = LINE('',#4130,#4131);
#4130 = CARTESIAN_POINT('',(2.6,-2.1,5.E-02));
#4131 = VECTOR('',#4132,1.);
#4132 = DIRECTION('',(0.,0.,1.));
#4133 = ORIENTED_EDGE('',*,*,#4134,.F.);
#4134 = EDGE_CURVE('',#4058,#4127,#4135,.T.);
#4135 = CIRCLE('',#4136,5.E-02);
#4136 = AXIS2_PLACEMENT_3D('',#4137,#4138,#4139);
#4137 = CARTESIAN_POINT('',(2.55,-2.1,0.85));
#4138 = DIRECTION('',(1.224646799147E-16,1.,0.));
#4139 = DIRECTION('',(1.,-1.224646799147E-16,0.));
#4140 = ORIENTED_EDGE('',*,*,#4067,.F.);
#4141 = ORIENTED_EDGE('',*,*,#3302,.F.);
#4142 = ORIENTED_EDGE('',*,*,#3958,.T.);
#4143 = ORIENTED_EDGE('',*,*,#4144,.F.);
#4144 = EDGE_CURVE('',#4084,#3942,#4145,.T.);
#4145 = CIRCLE('',#4146,5.E-02);
#4146 = AXIS2_PLACEMENT_3D('',#4147,#4148,#4149);
#4147 = CARTESIAN_POINT('',(2.65,-2.1,0.95));
#4148 = DIRECTION('',(-1.224646799147E-16,-1.,0.));
#4149 = DIRECTION('',(-0.,0.,-1.));
#4150 = PLANE('',#4151);
#4151 = AXIS2_PLACEMENT_3D('',#4152,#4153,#4154);
#4152 = CARTESIAN_POINT('',(1.8,-2.1,0.));
#4153 = DIRECTION('',(1.224646799147E-16,1.,0.));
#4154 = DIRECTION('',(1.,-1.224646799147E-16,0.));
#4155 = ADVANCED_FACE('',(#4156),#4181,.T.);
#4156 = FACE_BOUND('',#4157,.T.);
#4157 = EDGE_LOOP('',(#4158,#4159,#4167,#4175));
#4158 = ORIENTED_EDGE('',*,*,#3366,.F.);
#4159 = ORIENTED_EDGE('',*,*,#4160,.T.);
#4160 = EDGE_CURVE('',#3367,#4161,#4163,.T.);
#4161 = VERTEX_POINT('',#4162);
#4162 = CARTESIAN_POINT('',(-2.55,2.1,0.1));
#4163 = LINE('',#4164,#4165);
#4164 = CARTESIAN_POINT('',(-2.025,2.1,0.1));
#4165 = VECTOR('',#4166,1.);
#4166 = DIRECTION('',(-1.,1.224646799147E-16,-4.996063166392E-32));
#4167 = ORIENTED_EDGE('',*,*,#4168,.T.);
#4168 = EDGE_CURVE('',#4161,#4169,#4171,.T.);
#4169 = VERTEX_POINT('',#4170);
#4170 = CARTESIAN_POINT('',(-2.55,1.2,0.1));
#4171 = LINE('',#4172,#4173);
#4172 = CARTESIAN_POINT('',(-2.55,2.2,0.1));
#4173 = VECTOR('',#4174,1.);
#4174 = DIRECTION('',(-1.224646799147E-16,-1.,0.));
#4175 = ORIENTED_EDGE('',*,*,#4176,.T.);
#4176 = EDGE_CURVE('',#4169,#3359,#4177,.T.);
#4177 = LINE('',#4178,#4179);
#4178 = CARTESIAN_POINT('',(-2.475,1.2,0.1));
#4179 = VECTOR('',#4180,1.);
#4180 = DIRECTION('',(1.,-1.224646799147E-16,4.996063166392E-32));
#4181 = PLANE('',#4182);
#4182 = AXIS2_PLACEMENT_3D('',#4183,#4184,#4185);
#4183 = CARTESIAN_POINT('',(-2.25,1.65,0.1));
#4184 = DIRECTION('',(-4.996063166392E-32,1.556307025767E-32,1.));
#4185 = DIRECTION('',(-1.,1.224646799147E-16,-4.996063166392E-32));
#4186 = ADVANCED_FACE('',(#4187),#4212,.T.);
#4187 = FACE_BOUND('',#4188,.T.);
#4188 = EDGE_LOOP('',(#4189,#4190,#4198,#4206));
#4189 = ORIENTED_EDGE('',*,*,#3350,.F.);
#4190 = ORIENTED_EDGE('',*,*,#4191,.T.);
#4191 = EDGE_CURVE('',#3351,#4192,#4194,.T.);
#4192 = VERTEX_POINT('',#4193);
#4193 = CARTESIAN_POINT('',(-2.55,-1.2,0.1));
#4194 = LINE('',#4195,#4196);
#4195 = CARTESIAN_POINT('',(-2.025,-1.2,0.1));
#4196 = VECTOR('',#4197,1.);
#4197 = DIRECTION('',(-1.,1.224646799147E-16,-4.996063166392E-32));
#4198 = ORIENTED_EDGE('',*,*,#4199,.T.);
#4199 = EDGE_CURVE('',#4192,#4200,#4202,.T.);
#4200 = VERTEX_POINT('',#4201);
#4201 = CARTESIAN_POINT('',(-2.55,-2.1,0.1));
#4202 = LINE('',#4203,#4204);
#4203 = CARTESIAN_POINT('',(-2.55,-1.1,0.1));
#4204 = VECTOR('',#4205,1.);
#4205 = DIRECTION('',(-1.224646799147E-16,-1.,0.));
#4206 = ORIENTED_EDGE('',*,*,#4207,.T.);
#4207 = EDGE_CURVE('',#4200,#3343,#4208,.T.);
#4208 = LINE('',#4209,#4210);
#4209 = CARTESIAN_POINT('',(-2.475,-2.1,0.1));
#4210 = VECTOR('',#4211,1.);
#4211 = DIRECTION('',(1.,-1.224646799147E-16,4.996063166392E-32));
#4212 = PLANE('',#4213);
#4213 = AXIS2_PLACEMENT_3D('',#4214,#4215,#4216);
#4214 = CARTESIAN_POINT('',(-2.25,-1.65,0.1));
#4215 = DIRECTION('',(-4.996063166392E-32,3.890767564419E-33,1.));
#4216 = DIRECTION('',(-1.,1.224646799147E-16,-4.996063166392E-32));
#4217 = ADVANCED_FACE('',(#4218),#4243,.T.);
#4218 = FACE_BOUND('',#4219,.T.);
#4219 = EDGE_LOOP('',(#4220,#4221,#4229,#4237));
#4220 = ORIENTED_EDGE('',*,*,#3382,.F.);
#4221 = ORIENTED_EDGE('',*,*,#4222,.T.);
#4222 = EDGE_CURVE('',#3383,#4223,#4225,.T.);
#4223 = VERTEX_POINT('',#4224);
#4224 = CARTESIAN_POINT('',(-2.65,-1.2,1.));
#4225 = LINE('',#4226,#4227);
#4226 = CARTESIAN_POINT('',(-1.8,-1.2,1.));
#4227 = VECTOR('',#4228,1.);
#4228 = DIRECTION('',(-1.,1.224646799147E-16,0.));
#4229 = ORIENTED_EDGE('',*,*,#4230,.T.);
#4230 = EDGE_CURVE('',#4223,#4231,#4233,.T.);
#4231 = VERTEX_POINT('',#4232);
#4232 = CARTESIAN_POINT('',(-2.65,-2.1,1.));
#4233 = LINE('',#4234,#4235);
#4234 = CARTESIAN_POINT('',(-2.65,-1.2,1.));
#4235 = VECTOR('',#4236,1.);
#4236 = DIRECTION('',(-1.224646799147E-16,-1.,0.));
#4237 = ORIENTED_EDGE('',*,*,#4238,.T.);
#4238 = EDGE_CURVE('',#4231,#3385,#4239,.T.);
#4239 = LINE('',#4240,#4241);
#4240 = CARTESIAN_POINT('',(-2.7,-2.1,1.));
#4241 = VECTOR('',#4242,1.);
#4242 = DIRECTION('',(1.,-1.224646799147E-16,0.));
#4243 = PLANE('',#4244);
#4244 = AXIS2_PLACEMENT_3D('',#4245,#4246,#4247);
#4245 = CARTESIAN_POINT('',(-2.25,-1.65,1.));
#4246 = DIRECTION('',(0.,0.,1.));
#4247 = DIRECTION('',(-1.,1.224646799147E-16,0.));
#4248 = ADVANCED_FACE('',(#4249),#4328,.F.);
#4249 = FACE_BOUND('',#4250,.F.);
#4250 = EDGE_LOOP('',(#4251,#4262,#4270,#4277,#4278,#4279,#4287,#4296,
    #4304,#4311,#4312,#4313,#4314,#4322));
#4251 = ORIENTED_EDGE('',*,*,#4252,.F.);
#4252 = EDGE_CURVE('',#4253,#4255,#4257,.T.);
#4253 = VERTEX_POINT('',#4254);
#4254 = CARTESIAN_POINT('',(-2.7,-2.1,5.E-02));
#4255 = VERTEX_POINT('',#4256);
#4256 = CARTESIAN_POINT('',(-2.65,-2.1,-6.938893903907E-18));
#4257 = CIRCLE('',#4258,5.E-02);
#4258 = AXIS2_PLACEMENT_3D('',#4259,#4260,#4261);
#4259 = CARTESIAN_POINT('',(-2.65,-2.1,5.E-02));
#4260 = DIRECTION('',(-1.224646799147E-16,-1.,0.));
#4261 = DIRECTION('',(0.,0.,1.));
#4262 = ORIENTED_EDGE('',*,*,#4263,.T.);
#4263 = EDGE_CURVE('',#4253,#4264,#4266,.T.);
#4264 = VERTEX_POINT('',#4265);
#4265 = CARTESIAN_POINT('',(-2.7,-2.1,0.95));
#4266 = LINE('',#4267,#4268);
#4267 = CARTESIAN_POINT('',(-2.7,-2.1,0.));
#4268 = VECTOR('',#4269,1.);
#4269 = DIRECTION('',(0.,0.,1.));
#4270 = ORIENTED_EDGE('',*,*,#4271,.F.);
#4271 = EDGE_CURVE('',#4231,#4264,#4272,.T.);
#4272 = CIRCLE('',#4273,5.E-02);
#4273 = AXIS2_PLACEMENT_3D('',#4274,#4275,#4276);
#4274 = CARTESIAN_POINT('',(-2.65,-2.1,0.95));
#4275 = DIRECTION('',(-1.224646799147E-16,-1.,0.));
#4276 = DIRECTION('',(0.,0.,1.));
#4277 = ORIENTED_EDGE('',*,*,#4238,.T.);
#4278 = ORIENTED_EDGE('',*,*,#3408,.F.);
#4279 = ORIENTED_EDGE('',*,*,#4280,.F.);
#4280 = EDGE_CURVE('',#4281,#3401,#4283,.T.);
#4281 = VERTEX_POINT('',#4282);
#4282 = CARTESIAN_POINT('',(-2.55,-2.1,0.9));
#4283 = LINE('',#4284,#4285);
#4284 = CARTESIAN_POINT('',(-2.475,-2.1,0.9));
#4285 = VECTOR('',#4286,1.);
#4286 = DIRECTION('',(1.,-1.224646799147E-16,4.996063166392E-32));
#4287 = ORIENTED_EDGE('',*,*,#4288,.T.);
#4288 = EDGE_CURVE('',#4281,#4289,#4291,.T.);
#4289 = VERTEX_POINT('',#4290);
#4290 = CARTESIAN_POINT('',(-2.6,-2.1,0.85));
#4291 = CIRCLE('',#4292,5.E-02);
#4292 = AXIS2_PLACEMENT_3D('',#4293,#4294,#4295);
#4293 = CARTESIAN_POINT('',(-2.55,-2.1,0.85));
#4294 = DIRECTION('',(-1.224646799147E-16,-1.,0.));
#4295 = DIRECTION('',(-1.,1.224646799147E-16,0.));
#4296 = ORIENTED_EDGE('',*,*,#4297,.T.);
#4297 = EDGE_CURVE('',#4289,#4298,#4300,.T.);
#4298 = VERTEX_POINT('',#4299);
#4299 = CARTESIAN_POINT('',(-2.6,-2.1,0.15));
#4300 = LINE('',#4301,#4302);
#4301 = CARTESIAN_POINT('',(-2.6,-2.1,5.E-02));
#4302 = VECTOR('',#4303,1.);
#4303 = DIRECTION('',(0.,0.,-1.));
#4304 = ORIENTED_EDGE('',*,*,#4305,.T.);
#4305 = EDGE_CURVE('',#4298,#4200,#4306,.T.);
#4306 = CIRCLE('',#4307,5.E-02);
#4307 = AXIS2_PLACEMENT_3D('',#4308,#4309,#4310);
#4308 = CARTESIAN_POINT('',(-2.55,-2.1,0.15));
#4309 = DIRECTION('',(-1.224646799147E-16,-1.,0.));
#4310 = DIRECTION('',(4.996063166392E-32,-6.118412765058E-48,-1.));
#4311 = ORIENTED_EDGE('',*,*,#4207,.T.);
#4312 = ORIENTED_EDGE('',*,*,#3567,.T.);
#4313 = ORIENTED_EDGE('',*,*,#3559,.F.);
#4314 = ORIENTED_EDGE('',*,*,#4315,.F.);
#4315 = EDGE_CURVE('',#4316,#3552,#4318,.T.);
#4316 = VERTEX_POINT('',#4317);
#4317 = CARTESIAN_POINT('',(-1.8,-2.1,0.));
#4318 = LINE('',#4319,#4320);
#4319 = CARTESIAN_POINT('',(-1.8,-2.1,0.));
#4320 = VECTOR('',#4321,1.);
#4321 = DIRECTION('',(0.,0.,1.));
#4322 = ORIENTED_EDGE('',*,*,#4323,.F.);
#4323 = EDGE_CURVE('',#4255,#4316,#4324,.T.);
#4324 = LINE('',#4325,#4326);
#4325 = CARTESIAN_POINT('',(-2.7,-2.1,0.));
#4326 = VECTOR('',#4327,1.);
#4327 = DIRECTION('',(1.,-1.224646799147E-16,0.));
#4328 = PLANE('',#4329);
#4329 = AXIS2_PLACEMENT_3D('',#4330,#4331,#4332);
#4330 = CARTESIAN_POINT('',(-2.7,-2.1,0.));
#4331 = DIRECTION('',(1.224646799147E-16,1.,0.));
#4332 = DIRECTION('',(1.,-1.224646799147E-16,0.));
#4333 = ADVANCED_FACE('',(#4334),#4352,.F.);
#4334 = FACE_BOUND('',#4335,.F.);
#4335 = EDGE_LOOP('',(#4336,#4337,#4345,#4351));
#4336 = ORIENTED_EDGE('',*,*,#3400,.F.);
#4337 = ORIENTED_EDGE('',*,*,#4338,.T.);
#4338 = EDGE_CURVE('',#3393,#4339,#4341,.T.);
#4339 = VERTEX_POINT('',#4340);
#4340 = CARTESIAN_POINT('',(-2.55,-1.2,0.9));
#4341 = LINE('',#4342,#4343);
#4342 = CARTESIAN_POINT('',(-2.025,-1.2,0.9));
#4343 = VECTOR('',#4344,1.);
#4344 = DIRECTION('',(-1.,1.224646799147E-16,-4.996063166392E-32));
#4345 = ORIENTED_EDGE('',*,*,#4346,.T.);
#4346 = EDGE_CURVE('',#4339,#4281,#4347,.T.);
#4347 = LINE('',#4348,#4349);
#4348 = CARTESIAN_POINT('',(-2.55,-1.1,0.9));
#4349 = VECTOR('',#4350,1.);
#4350 = DIRECTION('',(-1.224646799147E-16,-1.,0.));
#4351 = ORIENTED_EDGE('',*,*,#4280,.T.);
#4352 = PLANE('',#4353);
#4353 = AXIS2_PLACEMENT_3D('',#4354,#4355,#4356);
#4354 = CARTESIAN_POINT('',(-2.25,-1.65,0.9));
#4355 = DIRECTION('',(-4.996063166392E-32,3.890767564419E-33,1.));
#4356 = DIRECTION('',(-1.,1.224646799147E-16,-4.996063166392E-32));
#4357 = ADVANCED_FACE('',(#4358),#4430,.F.);
#4358 = FACE_BOUND('',#4359,.F.);
#4359 = EDGE_LOOP('',(#4360,#4370,#4379,#4387,#4393,#4394,#4395,#4396,
    #4405,#4413,#4420,#4421,#4422,#4423));
#4360 = ORIENTED_EDGE('',*,*,#4361,.F.);
#4361 = EDGE_CURVE('',#4362,#4364,#4366,.T.);
#4362 = VERTEX_POINT('',#4363);
#4363 = CARTESIAN_POINT('',(-2.7,-1.2,5.E-02));
#4364 = VERTEX_POINT('',#4365);
#4365 = CARTESIAN_POINT('',(-2.7,-1.2,0.95));
#4366 = LINE('',#4367,#4368);
#4367 = CARTESIAN_POINT('',(-2.7,-1.2,0.));
#4368 = VECTOR('',#4369,1.);
#4369 = DIRECTION('',(0.,0.,1.));
#4370 = ORIENTED_EDGE('',*,*,#4371,.T.);
#4371 = EDGE_CURVE('',#4362,#4372,#4374,.T.);
#4372 = VERTEX_POINT('',#4373);
#4373 = CARTESIAN_POINT('',(-2.65,-1.2,-6.938893903907E-18));
#4374 = CIRCLE('',#4375,5.E-02);
#4375 = AXIS2_PLACEMENT_3D('',#4376,#4377,#4378);
#4376 = CARTESIAN_POINT('',(-2.65,-1.2,5.E-02));
#4377 = DIRECTION('',(-1.224646799147E-16,-1.,0.));
#4378 = DIRECTION('',(0.,0.,1.));
#4379 = ORIENTED_EDGE('',*,*,#4380,.F.);
#4380 = EDGE_CURVE('',#4381,#4372,#4383,.T.);
#4381 = VERTEX_POINT('',#4382);
#4382 = CARTESIAN_POINT('',(-1.8,-1.2,0.));
#4383 = LINE('',#4384,#4385);
#4384 = CARTESIAN_POINT('',(-1.8,-1.2,0.));
#4385 = VECTOR('',#4386,1.);
#4386 = DIRECTION('',(-1.,1.224646799147E-16,0.));
#4387 = ORIENTED_EDGE('',*,*,#4388,.T.);
#4388 = EDGE_CURVE('',#4381,#3544,#4389,.T.);
#4389 = LINE('',#4390,#4391);
#4390 = CARTESIAN_POINT('',(-1.8,-1.2,0.));
#4391 = VECTOR('',#4392,1.);
#4392 = DIRECTION('',(0.,0.,1.));
#4393 = ORIENTED_EDGE('',*,*,#3543,.F.);
#4394 = ORIENTED_EDGE('',*,*,#3535,.T.);
#4395 = ORIENTED_EDGE('',*,*,#4191,.T.);
#4396 = ORIENTED_EDGE('',*,*,#4397,.F.);
#4397 = EDGE_CURVE('',#4398,#4192,#4400,.T.);
#4398 = VERTEX_POINT('',#4399);
#4399 = CARTESIAN_POINT('',(-2.6,-1.2,0.15));
#4400 = CIRCLE('',#4401,5.E-02);
#4401 = AXIS2_PLACEMENT_3D('',#4402,#4403,#4404);
#4402 = CARTESIAN_POINT('',(-2.55,-1.2,0.15));
#4403 = DIRECTION('',(-1.224646799147E-16,-1.,0.));
#4404 = DIRECTION('',(4.996063166392E-32,-6.118412765058E-48,-1.));
#4405 = ORIENTED_EDGE('',*,*,#4406,.T.);
#4406 = EDGE_CURVE('',#4398,#4407,#4409,.T.);
#4407 = VERTEX_POINT('',#4408);
#4408 = CARTESIAN_POINT('',(-2.6,-1.2,0.85));
#4409 = LINE('',#4410,#4411);
#4410 = CARTESIAN_POINT('',(-2.6,-1.2,5.E-02));
#4411 = VECTOR('',#4412,1.);
#4412 = DIRECTION('',(0.,0.,1.));
#4413 = ORIENTED_EDGE('',*,*,#4414,.F.);
#4414 = EDGE_CURVE('',#4339,#4407,#4415,.T.);
#4415 = CIRCLE('',#4416,5.E-02);
#4416 = AXIS2_PLACEMENT_3D('',#4417,#4418,#4419);
#4417 = CARTESIAN_POINT('',(-2.55,-1.2,0.85));
#4418 = DIRECTION('',(-1.224646799147E-16,-1.,0.));
#4419 = DIRECTION('',(-1.,1.224646799147E-16,0.));
#4420 = ORIENTED_EDGE('',*,*,#4338,.F.);
#4421 = ORIENTED_EDGE('',*,*,#3392,.F.);
#4422 = ORIENTED_EDGE('',*,*,#4222,.T.);
#4423 = ORIENTED_EDGE('',*,*,#4424,.T.);
#4424 = EDGE_CURVE('',#4223,#4364,#4425,.T.);
#4425 = CIRCLE('',#4426,5.E-02);
#4426 = AXIS2_PLACEMENT_3D('',#4427,#4428,#4429);
#4427 = CARTESIAN_POINT('',(-2.65,-1.2,0.95));
#4428 = DIRECTION('',(-1.224646799147E-16,-1.,0.));
#4429 = DIRECTION('',(0.,0.,1.));
#4430 = PLANE('',#4431);
#4431 = AXIS2_PLACEMENT_3D('',#4432,#4433,#4434);
#4432 = CARTESIAN_POINT('',(-1.8,-1.2,0.));
#4433 = DIRECTION('',(-1.224646799147E-16,-1.,0.));
#4434 = DIRECTION('',(-1.,1.224646799147E-16,0.));
#4435 = ADVANCED_FACE('',(#4436),#4461,.T.);
#4436 = FACE_BOUND('',#4437,.T.);
#4437 = EDGE_LOOP('',(#4438,#4439,#4447,#4455));
#4438 = ORIENTED_EDGE('',*,*,#3416,.F.);
#4439 = ORIENTED_EDGE('',*,*,#4440,.T.);
#4440 = EDGE_CURVE('',#3417,#4441,#4443,.T.);
#4441 = VERTEX_POINT('',#4442);
#4442 = CARTESIAN_POINT('',(-2.65,2.1,1.));
#4443 = LINE('',#4444,#4445);
#4444 = CARTESIAN_POINT('',(-1.8,2.1,1.));
#4445 = VECTOR('',#4446,1.);
#4446 = DIRECTION('',(-1.,1.224646799147E-16,0.));
#4447 = ORIENTED_EDGE('',*,*,#4448,.T.);
#4448 = EDGE_CURVE('',#4441,#4449,#4451,.T.);
#4449 = VERTEX_POINT('',#4450);
#4450 = CARTESIAN_POINT('',(-2.65,1.2,1.));
#4451 = LINE('',#4452,#4453);
#4452 = CARTESIAN_POINT('',(-2.65,2.1,1.));
#4453 = VECTOR('',#4454,1.);
#4454 = DIRECTION('',(-1.224646799147E-16,-1.,0.));
#4455 = ORIENTED_EDGE('',*,*,#4456,.T.);
#4456 = EDGE_CURVE('',#4449,#3419,#4457,.T.);
#4457 = LINE('',#4458,#4459);
#4458 = CARTESIAN_POINT('',(-2.7,1.2,1.));
#4459 = VECTOR('',#4460,1.);
#4460 = DIRECTION('',(1.,-1.224646799147E-16,0.));
#4461 = PLANE('',#4462);
#4462 = AXIS2_PLACEMENT_3D('',#4463,#4464,#4465);
#4463 = CARTESIAN_POINT('',(-2.25,1.65,1.));
#4464 = DIRECTION('',(0.,0.,1.));
#4465 = DIRECTION('',(-1.,1.224646799147E-16,0.));
#4466 = ADVANCED_FACE('',(#4467),#4546,.F.);
#4467 = FACE_BOUND('',#4468,.F.);
#4468 = EDGE_LOOP('',(#4469,#4480,#4488,#4495,#4496,#4497,#4505,#4514,
    #4522,#4529,#4530,#4531,#4532,#4540));
#4469 = ORIENTED_EDGE('',*,*,#4470,.F.);
#4470 = EDGE_CURVE('',#4471,#4473,#4475,.T.);
#4471 = VERTEX_POINT('',#4472);
#4472 = CARTESIAN_POINT('',(-2.7,1.2,5.E-02));
#4473 = VERTEX_POINT('',#4474);
#4474 = CARTESIAN_POINT('',(-2.65,1.2,-6.938893903907E-18));
#4475 = CIRCLE('',#4476,5.E-02);
#4476 = AXIS2_PLACEMENT_3D('',#4477,#4478,#4479);
#4477 = CARTESIAN_POINT('',(-2.65,1.2,5.E-02));
#4478 = DIRECTION('',(-1.224646799147E-16,-1.,0.));
#4479 = DIRECTION('',(0.,0.,1.));
#4480 = ORIENTED_EDGE('',*,*,#4481,.T.);
#4481 = EDGE_CURVE('',#4471,#4482,#4484,.T.);
#4482 = VERTEX_POINT('',#4483);
#4483 = CARTESIAN_POINT('',(-2.7,1.2,0.95));
#4484 = LINE('',#4485,#4486);
#4485 = CARTESIAN_POINT('',(-2.7,1.2,0.));
#4486 = VECTOR('',#4487,1.);
#4487 = DIRECTION('',(0.,0.,1.));
#4488 = ORIENTED_EDGE('',*,*,#4489,.F.);
#4489 = EDGE_CURVE('',#4449,#4482,#4490,.T.);
#4490 = CIRCLE('',#4491,5.E-02);
#4491 = AXIS2_PLACEMENT_3D('',#4492,#4493,#4494);
#4492 = CARTESIAN_POINT('',(-2.65,1.2,0.95));
#4493 = DIRECTION('',(-1.224646799147E-16,-1.,0.));
#4494 = DIRECTION('',(0.,0.,1.));
#4495 = ORIENTED_EDGE('',*,*,#4456,.T.);
#4496 = ORIENTED_EDGE('',*,*,#3442,.F.);
#4497 = ORIENTED_EDGE('',*,*,#4498,.F.);
#4498 = EDGE_CURVE('',#4499,#3435,#4501,.T.);
#4499 = VERTEX_POINT('',#4500);
#4500 = CARTESIAN_POINT('',(-2.55,1.2,0.9));
#4501 = LINE('',#4502,#4503);
#4502 = CARTESIAN_POINT('',(-2.475,1.2,0.9));
#4503 = VECTOR('',#4504,1.);
#4504 = DIRECTION('',(1.,-1.224646799147E-16,4.996063166392E-32));
#4505 = ORIENTED_EDGE('',*,*,#4506,.T.);
#4506 = EDGE_CURVE('',#4499,#4507,#4509,.T.);
#4507 = VERTEX_POINT('',#4508);
#4508 = CARTESIAN_POINT('',(-2.6,1.2,0.85));
#4509 = CIRCLE('',#4510,5.E-02);
#4510 = AXIS2_PLACEMENT_3D('',#4511,#4512,#4513);
#4511 = CARTESIAN_POINT('',(-2.55,1.2,0.85));
#4512 = DIRECTION('',(-1.224646799147E-16,-1.,0.));
#4513 = DIRECTION('',(-1.,1.224646799147E-16,0.));
#4514 = ORIENTED_EDGE('',*,*,#4515,.T.);
#4515 = EDGE_CURVE('',#4507,#4516,#4518,.T.);
#4516 = VERTEX_POINT('',#4517);
#4517 = CARTESIAN_POINT('',(-2.6,1.2,0.15));
#4518 = LINE('',#4519,#4520);
#4519 = CARTESIAN_POINT('',(-2.6,1.2,5.E-02));
#4520 = VECTOR('',#4521,1.);
#4521 = DIRECTION('',(0.,0.,-1.));
#4522 = ORIENTED_EDGE('',*,*,#4523,.T.);
#4523 = EDGE_CURVE('',#4516,#4169,#4524,.T.);
#4524 = CIRCLE('',#4525,5.E-02);
#4525 = AXIS2_PLACEMENT_3D('',#4526,#4527,#4528);
#4526 = CARTESIAN_POINT('',(-2.55,1.2,0.15));
#4527 = DIRECTION('',(-1.224646799147E-16,-1.,0.));
#4528 = DIRECTION('',(4.996063166392E-32,-6.118412765058E-48,-1.));
#4529 = ORIENTED_EDGE('',*,*,#4176,.T.);
#4530 = ORIENTED_EDGE('',*,*,#3528,.T.);
#4531 = ORIENTED_EDGE('',*,*,#3520,.F.);
#4532 = ORIENTED_EDGE('',*,*,#4533,.F.);
#4533 = EDGE_CURVE('',#4534,#3513,#4536,.T.);
#4534 = VERTEX_POINT('',#4535);
#4535 = CARTESIAN_POINT('',(-1.8,1.2,0.));
#4536 = LINE('',#4537,#4538);
#4537 = CARTESIAN_POINT('',(-1.8,1.2,0.));
#4538 = VECTOR('',#4539,1.);
#4539 = DIRECTION('',(0.,0.,1.));
#4540 = ORIENTED_EDGE('',*,*,#4541,.F.);
#4541 = EDGE_CURVE('',#4473,#4534,#4542,.T.);
#4542 = LINE('',#4543,#4544);
#4543 = CARTESIAN_POINT('',(-2.7,1.2,0.));
#4544 = VECTOR('',#4545,1.);
#4545 = DIRECTION('',(1.,-1.224646799147E-16,0.));
#4546 = PLANE('',#4547);
#4547 = AXIS2_PLACEMENT_3D('',#4548,#4549,#4550);
#4548 = CARTESIAN_POINT('',(-2.7,1.2,0.));
#4549 = DIRECTION('',(1.224646799147E-16,1.,0.));
#4550 = DIRECTION('',(1.,-1.224646799147E-16,0.));
#4551 = ADVANCED_FACE('',(#4552),#4570,.F.);
#4552 = FACE_BOUND('',#4553,.F.);
#4553 = EDGE_LOOP('',(#4554,#4555,#4563,#4569));
#4554 = ORIENTED_EDGE('',*,*,#3434,.F.);
#4555 = ORIENTED_EDGE('',*,*,#4556,.T.);
#4556 = EDGE_CURVE('',#3427,#4557,#4559,.T.);
#4557 = VERTEX_POINT('',#4558);
#4558 = CARTESIAN_POINT('',(-2.55,2.1,0.9));
#4559 = LINE('',#4560,#4561);
#4560 = CARTESIAN_POINT('',(-2.025,2.1,0.9));
#4561 = VECTOR('',#4562,1.);
#4562 = DIRECTION('',(-1.,1.224646799147E-16,-4.996063166392E-32));
#4563 = ORIENTED_EDGE('',*,*,#4564,.T.);
#4564 = EDGE_CURVE('',#4557,#4499,#4565,.T.);
#4565 = LINE('',#4566,#4567);
#4566 = CARTESIAN_POINT('',(-2.55,2.2,0.9));
#4567 = VECTOR('',#4568,1.);
#4568 = DIRECTION('',(-1.224646799147E-16,-1.,0.));
#4569 = ORIENTED_EDGE('',*,*,#4498,.T.);
#4570 = PLANE('',#4571);
#4571 = AXIS2_PLACEMENT_3D('',#4572,#4573,#4574);
#4572 = CARTESIAN_POINT('',(-2.25,1.65,0.9));
#4573 = DIRECTION('',(-4.996063166392E-32,1.556307025767E-32,1.));
#4574 = DIRECTION('',(-1.,1.224646799147E-16,-4.996063166392E-32));
#4575 = ADVANCED_FACE('',(#4576),#4648,.F.);
#4576 = FACE_BOUND('',#4577,.F.);
#4577 = EDGE_LOOP('',(#4578,#4588,#4597,#4605,#4611,#4612,#4613,#4614,
    #4623,#4631,#4638,#4639,#4640,#4641));
#4578 = ORIENTED_EDGE('',*,*,#4579,.F.);
#4579 = EDGE_CURVE('',#4580,#4582,#4584,.T.);
#4580 = VERTEX_POINT('',#4581);
#4581 = CARTESIAN_POINT('',(-2.7,2.1,5.E-02));
#4582 = VERTEX_POINT('',#4583);
#4583 = CARTESIAN_POINT('',(-2.7,2.1,0.95));
#4584 = LINE('',#4585,#4586);
#4585 = CARTESIAN_POINT('',(-2.7,2.1,0.));
#4586 = VECTOR('',#4587,1.);
#4587 = DIRECTION('',(0.,0.,1.));
#4588 = ORIENTED_EDGE('',*,*,#4589,.T.);
#4589 = EDGE_CURVE('',#4580,#4590,#4592,.T.);
#4590 = VERTEX_POINT('',#4591);
#4591 = CARTESIAN_POINT('',(-2.65,2.1,-6.938893903907E-18));
#4592 = CIRCLE('',#4593,5.E-02);
#4593 = AXIS2_PLACEMENT_3D('',#4594,#4595,#4596);
#4594 = CARTESIAN_POINT('',(-2.65,2.1,5.E-02));
#4595 = DIRECTION('',(-1.224646799147E-16,-1.,0.));
#4596 = DIRECTION('',(0.,0.,1.));
#4597 = ORIENTED_EDGE('',*,*,#4598,.F.);
#4598 = EDGE_CURVE('',#4599,#4590,#4601,.T.);
#4599 = VERTEX_POINT('',#4600);
#4600 = CARTESIAN_POINT('',(-1.8,2.1,0.));
#4601 = LINE('',#4602,#4603);
#4602 = CARTESIAN_POINT('',(-1.8,2.1,0.));
#4603 = VECTOR('',#4604,1.);
#4604 = DIRECTION('',(-1.,1.224646799147E-16,0.));
#4605 = ORIENTED_EDGE('',*,*,#4606,.T.);
#4606 = EDGE_CURVE('',#4599,#3505,#4607,.T.);
#4607 = LINE('',#4608,#4609);
#4608 = CARTESIAN_POINT('',(-1.8,2.1,0.));
#4609 = VECTOR('',#4610,1.);
#4610 = DIRECTION('',(0.,0.,1.));
#4611 = ORIENTED_EDGE('',*,*,#3504,.F.);
#4612 = ORIENTED_EDGE('',*,*,#3496,.T.);
#4613 = ORIENTED_EDGE('',*,*,#4160,.T.);
#4614 = ORIENTED_EDGE('',*,*,#4615,.F.);
#4615 = EDGE_CURVE('',#4616,#4161,#4618,.T.);
#4616 = VERTEX_POINT('',#4617);
#4617 = CARTESIAN_POINT('',(-2.6,2.1,0.15));
#4618 = CIRCLE('',#4619,5.E-02);
#4619 = AXIS2_PLACEMENT_3D('',#4620,#4621,#4622);
#4620 = CARTESIAN_POINT('',(-2.55,2.1,0.15));
#4621 = DIRECTION('',(-1.224646799147E-16,-1.,0.));
#4622 = DIRECTION('',(4.996063166392E-32,-6.118412765058E-48,-1.));
#4623 = ORIENTED_EDGE('',*,*,#4624,.T.);
#4624 = EDGE_CURVE('',#4616,#4625,#4627,.T.);
#4625 = VERTEX_POINT('',#4626);
#4626 = CARTESIAN_POINT('',(-2.6,2.1,0.85));
#4627 = LINE('',#4628,#4629);
#4628 = CARTESIAN_POINT('',(-2.6,2.1,5.E-02));
#4629 = VECTOR('',#4630,1.);
#4630 = DIRECTION('',(0.,0.,1.));
#4631 = ORIENTED_EDGE('',*,*,#4632,.F.);
#4632 = EDGE_CURVE('',#4557,#4625,#4633,.T.);
#4633 = CIRCLE('',#4634,5.E-02);
#4634 = AXIS2_PLACEMENT_3D('',#4635,#4636,#4637);
#4635 = CARTESIAN_POINT('',(-2.55,2.1,0.85));
#4636 = DIRECTION('',(-1.224646799147E-16,-1.,0.));
#4637 = DIRECTION('',(-1.,1.224646799147E-16,0.));
#4638 = ORIENTED_EDGE('',*,*,#4556,.F.);
#4639 = ORIENTED_EDGE('',*,*,#3426,.F.);
#4640 = ORIENTED_EDGE('',*,*,#4440,.T.);
#4641 = ORIENTED_EDGE('',*,*,#4642,.T.);
#4642 = EDGE_CURVE('',#4441,#4582,#4643,.T.);
#4643 = CIRCLE('',#4644,5.E-02);
#4644 = AXIS2_PLACEMENT_3D('',#4645,#4646,#4647);
#4645 = CARTESIAN_POINT('',(-2.65,2.1,0.95));
#4646 = DIRECTION('',(-1.224646799147E-16,-1.,0.));
#4647 = DIRECTION('',(0.,0.,1.));
#4648 = PLANE('',#4649);
#4649 = AXIS2_PLACEMENT_3D('',#4650,#4651,#4652);
#4650 = CARTESIAN_POINT('',(-1.8,2.1,0.));
#4651 = DIRECTION('',(-1.224646799147E-16,-1.,0.));
#4652 = DIRECTION('',(-1.,1.224646799147E-16,0.));
#4653 = ADVANCED_FACE('',(#4654),#4665,.F.);
#4654 = FACE_BOUND('',#4655,.F.);
#4655 = EDGE_LOOP('',(#4656,#4662,#4663,#4664));
#4656 = ORIENTED_EDGE('',*,*,#4657,.F.);
#4657 = EDGE_CURVE('',#3920,#3774,#4658,.T.);
#4658 = LINE('',#4659,#4660);
#4659 = CARTESIAN_POINT('',(1.8,2.1,0.));
#4660 = VECTOR('',#4661,1.);
#4661 = DIRECTION('',(-1.224646799147E-16,-1.,0.));
#4662 = ORIENTED_EDGE('',*,*,#3919,.T.);
#4663 = ORIENTED_EDGE('',*,*,#3631,.F.);
#4664 = ORIENTED_EDGE('',*,*,#3781,.F.);
#4665 = PLANE('',#4666);
#4666 = AXIS2_PLACEMENT_3D('',#4667,#4668,#4669);
#4667 = CARTESIAN_POINT('',(1.8,2.1,0.));
#4668 = DIRECTION('',(1.,-1.224646799147E-16,0.));
#4669 = DIRECTION('',(-1.224646799147E-16,-1.,0.));
#4670 = ADVANCED_FACE('',(#4671),#4682,.F.);
#4671 = FACE_BOUND('',#4672,.F.);
#4672 = EDGE_LOOP('',(#4673,#4679,#4680,#4681));
#4673 = ORIENTED_EDGE('',*,*,#4674,.F.);
#4674 = EDGE_CURVE('',#4036,#4101,#4675,.T.);
#4675 = LINE('',#4676,#4677);
#4676 = CARTESIAN_POINT('',(1.8,-1.2,0.));
#4677 = VECTOR('',#4678,1.);
#4678 = DIRECTION('',(-1.224646799147E-16,-1.,0.));
#4679 = ORIENTED_EDGE('',*,*,#4035,.T.);
#4680 = ORIENTED_EDGE('',*,*,#3592,.F.);
#4681 = ORIENTED_EDGE('',*,*,#4108,.F.);
#4682 = PLANE('',#4683);
#4683 = AXIS2_PLACEMENT_3D('',#4684,#4685,#4686);
#4684 = CARTESIAN_POINT('',(1.8,-1.2,0.));
#4685 = DIRECTION('',(1.,-1.224646799147E-16,0.));
#4686 = DIRECTION('',(-1.224646799147E-16,-1.,0.));
#4687 = ADVANCED_FACE('',(#4688),#4699,.F.);
#4688 = FACE_BOUND('',#4689,.F.);
#4689 = EDGE_LOOP('',(#4690,#4696,#4697,#4698));
#4690 = ORIENTED_EDGE('',*,*,#4691,.F.);
#4691 = EDGE_CURVE('',#4316,#4381,#4692,.T.);
#4692 = LINE('',#4693,#4694);
#4693 = CARTESIAN_POINT('',(-1.8,-2.1,0.));
#4694 = VECTOR('',#4695,1.);
#4695 = DIRECTION('',(1.224646799147E-16,1.,0.));
#4696 = ORIENTED_EDGE('',*,*,#4315,.T.);
#4697 = ORIENTED_EDGE('',*,*,#3551,.F.);
#4698 = ORIENTED_EDGE('',*,*,#4388,.F.);
#4699 = PLANE('',#4700);
#4700 = AXIS2_PLACEMENT_3D('',#4701,#4702,#4703);
#4701 = CARTESIAN_POINT('',(-1.8,-2.1,0.));
#4702 = DIRECTION('',(-1.,1.224646799147E-16,0.));
#4703 = DIRECTION('',(1.224646799147E-16,1.,0.));
#4704 = ADVANCED_FACE('',(#4705),#4716,.F.);
#4705 = FACE_BOUND('',#4706,.F.);
#4706 = EDGE_LOOP('',(#4707,#4713,#4714,#4715));
#4707 = ORIENTED_EDGE('',*,*,#4708,.F.);
#4708 = EDGE_CURVE('',#4534,#4599,#4709,.T.);
#4709 = LINE('',#4710,#4711);
#4710 = CARTESIAN_POINT('',(-1.8,1.2,0.));
#4711 = VECTOR('',#4712,1.);
#4712 = DIRECTION('',(1.224646799147E-16,1.,0.));
#4713 = ORIENTED_EDGE('',*,*,#4533,.T.);
#4714 = ORIENTED_EDGE('',*,*,#3512,.F.);
#4715 = ORIENTED_EDGE('',*,*,#4606,.F.);
#4716 = PLANE('',#4717);
#4717 = AXIS2_PLACEMENT_3D('',#4718,#4719,#4720);
#4718 = CARTESIAN_POINT('',(-1.8,1.2,0.));
#4719 = DIRECTION('',(-1.,1.224646799147E-16,0.));
#4720 = DIRECTION('',(1.224646799147E-16,1.,0.));
#4721 = ADVANCED_FACE('',(#4722),#4733,.F.);
#4722 = FACE_BOUND('',#4723,.F.);
#4723 = EDGE_LOOP('',(#4724,#4725,#4726,#4727));
#4724 = ORIENTED_EDGE('',*,*,#3790,.T.);
#4725 = ORIENTED_EDGE('',*,*,#3661,.T.);
#4726 = ORIENTED_EDGE('',*,*,#3909,.F.);
#4727 = ORIENTED_EDGE('',*,*,#4728,.F.);
#4728 = EDGE_CURVE('',#3791,#3902,#4729,.T.);
#4729 = LINE('',#4730,#4731);
#4730 = CARTESIAN_POINT('',(2.6,1.1,0.15));
#4731 = VECTOR('',#4732,1.);
#4732 = DIRECTION('',(1.224646799147E-16,1.,0.));
#4733 = CYLINDRICAL_SURFACE('',#4734,5.E-02);
#4734 = AXIS2_PLACEMENT_3D('',#4735,#4736,#4737);
#4735 = CARTESIAN_POINT('',(2.55,1.1,0.15));
#4736 = DIRECTION('',(1.224646799147E-16,1.,0.));
#4737 = DIRECTION('',(1.,-1.224646799147E-16,0.));
#4738 = ADVANCED_FACE('',(#4739),#4750,.F.);
#4739 = FACE_BOUND('',#4740,.F.);
#4740 = EDGE_LOOP('',(#4741,#4742,#4743,#4744));
#4741 = ORIENTED_EDGE('',*,*,#4117,.T.);
#4742 = ORIENTED_EDGE('',*,*,#3692,.T.);
#4743 = ORIENTED_EDGE('',*,*,#4025,.F.);
#4744 = ORIENTED_EDGE('',*,*,#4745,.F.);
#4745 = EDGE_CURVE('',#4118,#4018,#4746,.T.);
#4746 = LINE('',#4747,#4748);
#4747 = CARTESIAN_POINT('',(2.6,-2.2,0.15));
#4748 = VECTOR('',#4749,1.);
#4749 = DIRECTION('',(1.224646799147E-16,1.,0.));
#4750 = CYLINDRICAL_SURFACE('',#4751,5.E-02);
#4751 = AXIS2_PLACEMENT_3D('',#4752,#4753,#4754);
#4752 = CARTESIAN_POINT('',(2.55,-2.2,0.15));
#4753 = DIRECTION('',(1.224646799147E-16,1.,0.));
#4754 = DIRECTION('',(1.,-1.224646799147E-16,0.));
#4755 = ADVANCED_FACE('',(#4756),#4767,.F.);
#4756 = FACE_BOUND('',#4757,.F.);
#4757 = EDGE_LOOP('',(#4758,#4764,#4765,#4766));
#4758 = ORIENTED_EDGE('',*,*,#4759,.T.);
#4759 = EDGE_CURVE('',#3800,#3893,#4760,.T.);
#4760 = LINE('',#4761,#4762);
#4761 = CARTESIAN_POINT('',(2.6,1.1,0.85));
#4762 = VECTOR('',#4763,1.);
#4763 = DIRECTION('',(1.224646799147E-16,1.,0.));
#4764 = ORIENTED_EDGE('',*,*,#3892,.F.);
#4765 = ORIENTED_EDGE('',*,*,#3723,.F.);
#4766 = ORIENTED_EDGE('',*,*,#3807,.T.);
#4767 = CYLINDRICAL_SURFACE('',#4768,5.E-02);
#4768 = AXIS2_PLACEMENT_3D('',#4769,#4770,#4771);
#4769 = CARTESIAN_POINT('',(2.55,1.1,0.85));
#4770 = DIRECTION('',(1.224646799147E-16,1.,0.));
#4771 = DIRECTION('',(1.,-1.224646799147E-16,0.));
#4772 = ADVANCED_FACE('',(#4773),#4789,.F.);
#4773 = FACE_BOUND('',#4774,.F.);
#4774 = EDGE_LOOP('',(#4775,#4776,#4782,#4783));
#4775 = ORIENTED_EDGE('',*,*,#3754,.T.);
#4776 = ORIENTED_EDGE('',*,*,#4777,.T.);
#4777 = EDGE_CURVE('',#3757,#3875,#4778,.T.);
#4778 = LINE('',#4779,#4780);
#4779 = CARTESIAN_POINT('',(2.7,1.2,0.95));
#4780 = VECTOR('',#4781,1.);
#4781 = DIRECTION('',(1.224646799147E-16,1.,0.));
#4782 = ORIENTED_EDGE('',*,*,#3874,.F.);
#4783 = ORIENTED_EDGE('',*,*,#4784,.F.);
#4784 = EDGE_CURVE('',#3755,#3864,#4785,.T.);
#4785 = LINE('',#4786,#4787);
#4786 = CARTESIAN_POINT('',(2.7,1.2,5.E-02));
#4787 = VECTOR('',#4788,1.);
#4788 = DIRECTION('',(1.224646799147E-16,1.,0.));
#4789 = PLANE('',#4790);
#4790 = AXIS2_PLACEMENT_3D('',#4791,#4792,#4793);
#4791 = CARTESIAN_POINT('',(2.7,1.2,0.));
#4792 = DIRECTION('',(-1.,1.224646799147E-16,0.));
#4793 = DIRECTION('',(1.224646799147E-16,1.,0.));
#4794 = ADVANCED_FACE('',(#4795),#4801,.T.);
#4795 = FACE_BOUND('',#4796,.T.);
#4796 = EDGE_LOOP('',(#4797,#4798,#4799,#4800));
#4797 = ORIENTED_EDGE('',*,*,#4777,.T.);
#4798 = ORIENTED_EDGE('',*,*,#3882,.T.);
#4799 = ORIENTED_EDGE('',*,*,#3839,.F.);
#4800 = ORIENTED_EDGE('',*,*,#3824,.F.);
#4801 = CYLINDRICAL_SURFACE('',#4802,5.E-02);
#4802 = AXIS2_PLACEMENT_3D('',#4803,#4804,#4805);
#4803 = CARTESIAN_POINT('',(2.65,1.2,0.95));
#4804 = DIRECTION('',(1.224646799147E-16,1.,0.));
#4805 = DIRECTION('',(1.,-1.224646799147E-16,0.));
#4806 = ADVANCED_FACE('',(#4807),#4813,.T.);
#4807 = FACE_BOUND('',#4808,.T.);
#4808 = EDGE_LOOP('',(#4809,#4810,#4811,#4812));
#4809 = ORIENTED_EDGE('',*,*,#4728,.F.);
#4810 = ORIENTED_EDGE('',*,*,#3799,.T.);
#4811 = ORIENTED_EDGE('',*,*,#4759,.T.);
#4812 = ORIENTED_EDGE('',*,*,#3901,.T.);
#4813 = PLANE('',#4814);
#4814 = AXIS2_PLACEMENT_3D('',#4815,#4816,#4817);
#4815 = CARTESIAN_POINT('',(2.6,1.1,0.1));
#4816 = DIRECTION('',(-1.,1.224646799147E-16,0.));
#4817 = DIRECTION('',(1.224646799147E-16,1.,0.));
#4818 = ADVANCED_FACE('',(#4819),#4830,.F.);
#4819 = FACE_BOUND('',#4820,.F.);
#4820 = EDGE_LOOP('',(#4821,#4822,#4823,#4824));
#4821 = ORIENTED_EDGE('',*,*,#3927,.T.);
#4822 = ORIENTED_EDGE('',*,*,#4657,.T.);
#4823 = ORIENTED_EDGE('',*,*,#3773,.T.);
#4824 = ORIENTED_EDGE('',*,*,#4825,.T.);
#4825 = EDGE_CURVE('',#3765,#3866,#4826,.T.);
#4826 = LINE('',#4827,#4828);
#4827 = CARTESIAN_POINT('',(2.65,1.2,-6.938893903907E-18));
#4828 = VECTOR('',#4829,1.);
#4829 = DIRECTION('',(1.224646799147E-16,1.,0.));
#4830 = PLANE('',#4831);
#4831 = AXIS2_PLACEMENT_3D('',#4832,#4833,#4834);
#4832 = CARTESIAN_POINT('',(2.25,1.65,0.));
#4833 = DIRECTION('',(0.,0.,1.));
#4834 = DIRECTION('',(-1.,1.224646799147E-16,0.));
#4835 = ADVANCED_FACE('',(#4836),#4842,.T.);
#4836 = FACE_BOUND('',#4837,.T.);
#4837 = EDGE_LOOP('',(#4838,#4839,#4840,#4841));
#4838 = ORIENTED_EDGE('',*,*,#3764,.T.);
#4839 = ORIENTED_EDGE('',*,*,#4825,.T.);
#4840 = ORIENTED_EDGE('',*,*,#3863,.F.);
#4841 = ORIENTED_EDGE('',*,*,#4784,.F.);
#4842 = CYLINDRICAL_SURFACE('',#4843,5.E-02);
#4843 = AXIS2_PLACEMENT_3D('',#4844,#4845,#4846);
#4844 = CARTESIAN_POINT('',(2.65,1.2,5.E-02));
#4845 = DIRECTION('',(1.224646799147E-16,1.,0.));
#4846 = DIRECTION('',(1.,-1.224646799147E-16,0.));
#4847 = ADVANCED_FACE('',(#4848),#4859,.T.);
#4848 = FACE_BOUND('',#4849,.T.);
#4849 = EDGE_LOOP('',(#4850,#4856,#4857,#4858));
#4850 = ORIENTED_EDGE('',*,*,#4851,.T.);
#4851 = EDGE_CURVE('',#4084,#3984,#4852,.T.);
#4852 = LINE('',#4853,#4854);
#4853 = CARTESIAN_POINT('',(2.7,-2.1,0.95));
#4854 = VECTOR('',#4855,1.);
#4855 = DIRECTION('',(1.224646799147E-16,1.,0.));
#4856 = ORIENTED_EDGE('',*,*,#3991,.T.);
#4857 = ORIENTED_EDGE('',*,*,#3941,.F.);
#4858 = ORIENTED_EDGE('',*,*,#4144,.F.);
#4859 = CYLINDRICAL_SURFACE('',#4860,5.E-02);
#4860 = AXIS2_PLACEMENT_3D('',#4861,#4862,#4863);
#4861 = CARTESIAN_POINT('',(2.65,-2.1,0.95));
#4862 = DIRECTION('',(1.224646799147E-16,1.,0.));
#4863 = DIRECTION('',(1.,-1.224646799147E-16,0.));
#4864 = ADVANCED_FACE('',(#4865),#4881,.T.);
#4865 = FACE_BOUND('',#4866,.T.);
#4866 = EDGE_LOOP('',(#4867,#4868,#4874,#4875));
#4867 = ORIENTED_EDGE('',*,*,#4091,.T.);
#4868 = ORIENTED_EDGE('',*,*,#4869,.T.);
#4869 = EDGE_CURVE('',#4092,#3975,#4870,.T.);
#4870 = LINE('',#4871,#4872);
#4871 = CARTESIAN_POINT('',(2.65,-2.1,-6.938893903907E-18));
#4872 = VECTOR('',#4873,1.);
#4873 = DIRECTION('',(1.224646799147E-16,1.,0.));
#4874 = ORIENTED_EDGE('',*,*,#3972,.F.);
#4875 = ORIENTED_EDGE('',*,*,#4876,.F.);
#4876 = EDGE_CURVE('',#4082,#3973,#4877,.T.);
#4877 = LINE('',#4878,#4879);
#4878 = CARTESIAN_POINT('',(2.7,-2.1,5.E-02));
#4879 = VECTOR('',#4880,1.);
#4880 = DIRECTION('',(1.224646799147E-16,1.,0.));
#4881 = CYLINDRICAL_SURFACE('',#4882,5.E-02);
#4882 = AXIS2_PLACEMENT_3D('',#4883,#4884,#4885);
#4883 = CARTESIAN_POINT('',(2.65,-2.1,5.E-02));
#4884 = DIRECTION('',(1.224646799147E-16,1.,0.));
#4885 = DIRECTION('',(1.,-1.224646799147E-16,0.));
#4886 = ADVANCED_FACE('',(#4887),#4893,.F.);
#4887 = FACE_BOUND('',#4888,.F.);
#4888 = EDGE_LOOP('',(#4889,#4890,#4891,#4892));
#4889 = ORIENTED_EDGE('',*,*,#4043,.T.);
#4890 = ORIENTED_EDGE('',*,*,#4674,.T.);
#4891 = ORIENTED_EDGE('',*,*,#4100,.T.);
#4892 = ORIENTED_EDGE('',*,*,#4869,.T.);
#4893 = PLANE('',#4894);
#4894 = AXIS2_PLACEMENT_3D('',#4895,#4896,#4897);
#4895 = CARTESIAN_POINT('',(2.25,-1.65,0.));
#4896 = DIRECTION('',(0.,0.,1.));
#4897 = DIRECTION('',(-1.,1.224646799147E-16,0.));
#4898 = ADVANCED_FACE('',(#4899),#4910,.T.);
#4899 = FACE_BOUND('',#4900,.T.);
#4900 = EDGE_LOOP('',(#4901,#4902,#4903,#4909));
#4901 = ORIENTED_EDGE('',*,*,#4745,.F.);
#4902 = ORIENTED_EDGE('',*,*,#4126,.T.);
#4903 = ORIENTED_EDGE('',*,*,#4904,.T.);
#4904 = EDGE_CURVE('',#4127,#4009,#4905,.T.);
#4905 = LINE('',#4906,#4907);
#4906 = CARTESIAN_POINT('',(2.6,-2.2,0.85));
#4907 = VECTOR('',#4908,1.);
#4908 = DIRECTION('',(1.224646799147E-16,1.,0.));
#4909 = ORIENTED_EDGE('',*,*,#4017,.T.);
#4910 = PLANE('',#4911);
#4911 = AXIS2_PLACEMENT_3D('',#4912,#4913,#4914);
#4912 = CARTESIAN_POINT('',(2.6,-2.2,0.1));
#4913 = DIRECTION('',(-1.,1.224646799147E-16,0.));
#4914 = DIRECTION('',(1.224646799147E-16,1.,0.));
#4915 = ADVANCED_FACE('',(#4916),#4922,.F.);
#4916 = FACE_BOUND('',#4917,.F.);
#4917 = EDGE_LOOP('',(#4918,#4919,#4920,#4921));
#4918 = ORIENTED_EDGE('',*,*,#4904,.T.);
#4919 = ORIENTED_EDGE('',*,*,#4008,.F.);
#4920 = ORIENTED_EDGE('',*,*,#4057,.F.);
#4921 = ORIENTED_EDGE('',*,*,#4134,.T.);
#4922 = CYLINDRICAL_SURFACE('',#4923,5.E-02);
#4923 = AXIS2_PLACEMENT_3D('',#4924,#4925,#4926);
#4924 = CARTESIAN_POINT('',(2.55,-2.2,0.85));
#4925 = DIRECTION('',(1.224646799147E-16,1.,0.));
#4926 = DIRECTION('',(1.,-1.224646799147E-16,0.));
#4927 = ADVANCED_FACE('',(#4928),#4934,.F.);
#4928 = FACE_BOUND('',#4929,.F.);
#4929 = EDGE_LOOP('',(#4930,#4931,#4932,#4933));
#4930 = ORIENTED_EDGE('',*,*,#4081,.T.);
#4931 = ORIENTED_EDGE('',*,*,#4851,.T.);
#4932 = ORIENTED_EDGE('',*,*,#3983,.F.);
#4933 = ORIENTED_EDGE('',*,*,#4876,.F.);
#4934 = PLANE('',#4935);
#4935 = AXIS2_PLACEMENT_3D('',#4936,#4937,#4938);
#4936 = CARTESIAN_POINT('',(2.7,-2.1,0.));
#4937 = DIRECTION('',(-1.,1.224646799147E-16,0.));
#4938 = DIRECTION('',(1.224646799147E-16,1.,0.));
#4939 = ADVANCED_FACE('',(#4940),#4951,.F.);
#4940 = FACE_BOUND('',#4941,.F.);
#4941 = EDGE_LOOP('',(#4942,#4943,#4949,#4950));
#4942 = ORIENTED_EDGE('',*,*,#4523,.F.);
#4943 = ORIENTED_EDGE('',*,*,#4944,.F.);
#4944 = EDGE_CURVE('',#4616,#4516,#4945,.T.);
#4945 = LINE('',#4946,#4947);
#4946 = CARTESIAN_POINT('',(-2.6,2.2,0.15));
#4947 = VECTOR('',#4948,1.);
#4948 = DIRECTION('',(-1.224646799147E-16,-1.,0.));
#4949 = ORIENTED_EDGE('',*,*,#4615,.T.);
#4950 = ORIENTED_EDGE('',*,*,#4168,.T.);
#4951 = CYLINDRICAL_SURFACE('',#4952,5.E-02);
#4952 = AXIS2_PLACEMENT_3D('',#4953,#4954,#4955);
#4953 = CARTESIAN_POINT('',(-2.55,2.2,0.15));
#4954 = DIRECTION('',(-1.224646799147E-16,-1.,0.));
#4955 = DIRECTION('',(4.996063166392E-32,-6.118412765058E-48,-1.));
#4956 = ADVANCED_FACE('',(#4957),#4968,.F.);
#4957 = FACE_BOUND('',#4958,.F.);
#4958 = EDGE_LOOP('',(#4959,#4960,#4966,#4967));
#4959 = ORIENTED_EDGE('',*,*,#4305,.F.);
#4960 = ORIENTED_EDGE('',*,*,#4961,.F.);
#4961 = EDGE_CURVE('',#4398,#4298,#4962,.T.);
#4962 = LINE('',#4963,#4964);
#4963 = CARTESIAN_POINT('',(-2.6,-1.1,0.15));
#4964 = VECTOR('',#4965,1.);
#4965 = DIRECTION('',(-1.224646799147E-16,-1.,0.));
#4966 = ORIENTED_EDGE('',*,*,#4397,.T.);
#4967 = ORIENTED_EDGE('',*,*,#4199,.T.);
#4968 = CYLINDRICAL_SURFACE('',#4969,5.E-02);
#4969 = AXIS2_PLACEMENT_3D('',#4970,#4971,#4972);
#4970 = CARTESIAN_POINT('',(-2.55,-1.1,0.15));
#4971 = DIRECTION('',(-1.224646799147E-16,-1.,0.));
#4972 = DIRECTION('',(4.996063166392E-32,-6.118412765058E-48,-1.));
#4973 = ADVANCED_FACE('',(#4974),#4985,.T.);
#4974 = FACE_BOUND('',#4975,.T.);
#4975 = EDGE_LOOP('',(#4976,#4977,#4983,#4984));
#4976 = ORIENTED_EDGE('',*,*,#4424,.T.);
#4977 = ORIENTED_EDGE('',*,*,#4978,.T.);
#4978 = EDGE_CURVE('',#4364,#4264,#4979,.T.);
#4979 = LINE('',#4980,#4981);
#4980 = CARTESIAN_POINT('',(-2.7,-1.2,0.95));
#4981 = VECTOR('',#4982,1.);
#4982 = DIRECTION('',(-1.224646799147E-16,-1.,0.));
#4983 = ORIENTED_EDGE('',*,*,#4271,.F.);
#4984 = ORIENTED_EDGE('',*,*,#4230,.F.);
#4985 = CYLINDRICAL_SURFACE('',#4986,5.E-02);
#4986 = AXIS2_PLACEMENT_3D('',#4987,#4988,#4989);
#4987 = CARTESIAN_POINT('',(-2.65,-1.2,0.95));
#4988 = DIRECTION('',(-1.224646799147E-16,-1.,0.));
#4989 = DIRECTION('',(0.,0.,1.));
#4990 = ADVANCED_FACE('',(#4991),#5007,.T.);
#4991 = FACE_BOUND('',#4992,.T.);
#4992 = EDGE_LOOP('',(#4993,#4994,#5000,#5001));
#4993 = ORIENTED_EDGE('',*,*,#4371,.T.);
#4994 = ORIENTED_EDGE('',*,*,#4995,.T.);
#4995 = EDGE_CURVE('',#4372,#4255,#4996,.T.);
#4996 = LINE('',#4997,#4998);
#4997 = CARTESIAN_POINT('',(-2.65,-1.2,-6.938893903907E-18));
#4998 = VECTOR('',#4999,1.);
#4999 = DIRECTION('',(-1.224646799147E-16,-1.,0.));
#5000 = ORIENTED_EDGE('',*,*,#4252,.F.);
#5001 = ORIENTED_EDGE('',*,*,#5002,.F.);
#5002 = EDGE_CURVE('',#4362,#4253,#5003,.T.);
#5003 = LINE('',#5004,#5005);
#5004 = CARTESIAN_POINT('',(-2.7,-1.2,5.E-02));
#5005 = VECTOR('',#5006,1.);
#5006 = DIRECTION('',(-1.224646799147E-16,-1.,0.));
#5007 = CYLINDRICAL_SURFACE('',#5008,5.E-02);
#5008 = AXIS2_PLACEMENT_3D('',#5009,#5010,#5011);
#5009 = CARTESIAN_POINT('',(-2.65,-1.2,5.E-02));
#5010 = DIRECTION('',(-1.224646799147E-16,-1.,0.));
#5011 = DIRECTION('',(-1.,1.224646799147E-16,0.));
#5012 = ADVANCED_FACE('',(#5013),#5019,.F.);
#5013 = FACE_BOUND('',#5014,.F.);
#5014 = EDGE_LOOP('',(#5015,#5016,#5017,#5018));
#5015 = ORIENTED_EDGE('',*,*,#4380,.T.);
#5016 = ORIENTED_EDGE('',*,*,#4995,.T.);
#5017 = ORIENTED_EDGE('',*,*,#4323,.T.);
#5018 = ORIENTED_EDGE('',*,*,#4691,.T.);
#5019 = PLANE('',#5020);
#5020 = AXIS2_PLACEMENT_3D('',#5021,#5022,#5023);
#5021 = CARTESIAN_POINT('',(-2.25,-1.65,0.));
#5022 = DIRECTION('',(0.,0.,1.));
#5023 = DIRECTION('',(-1.,1.224646799147E-16,0.));
#5024 = ADVANCED_FACE('',(#5025),#5036,.T.);
#5025 = FACE_BOUND('',#5026,.T.);
#5026 = EDGE_LOOP('',(#5027,#5028,#5029,#5035));
#5027 = ORIENTED_EDGE('',*,*,#4961,.F.);
#5028 = ORIENTED_EDGE('',*,*,#4406,.T.);
#5029 = ORIENTED_EDGE('',*,*,#5030,.T.);
#5030 = EDGE_CURVE('',#4407,#4289,#5031,.T.);
#5031 = LINE('',#5032,#5033);
#5032 = CARTESIAN_POINT('',(-2.6,-1.1,0.85));
#5033 = VECTOR('',#5034,1.);
#5034 = DIRECTION('',(-1.224646799147E-16,-1.,0.));
#5035 = ORIENTED_EDGE('',*,*,#4297,.T.);
#5036 = PLANE('',#5037);
#5037 = AXIS2_PLACEMENT_3D('',#5038,#5039,#5040);
#5038 = CARTESIAN_POINT('',(-2.6,-1.1,0.1));
#5039 = DIRECTION('',(1.,-1.224646799147E-16,0.));
#5040 = DIRECTION('',(-1.224646799147E-16,-1.,0.));
#5041 = ADVANCED_FACE('',(#5042),#5048,.F.);
#5042 = FACE_BOUND('',#5043,.F.);
#5043 = EDGE_LOOP('',(#5044,#5045,#5046,#5047));
#5044 = ORIENTED_EDGE('',*,*,#5030,.T.);
#5045 = ORIENTED_EDGE('',*,*,#4288,.F.);
#5046 = ORIENTED_EDGE('',*,*,#4346,.F.);
#5047 = ORIENTED_EDGE('',*,*,#4414,.T.);
#5048 = CYLINDRICAL_SURFACE('',#5049,5.E-02);
#5049 = AXIS2_PLACEMENT_3D('',#5050,#5051,#5052);
#5050 = CARTESIAN_POINT('',(-2.55,-1.1,0.85));
#5051 = DIRECTION('',(-1.224646799147E-16,-1.,0.));
#5052 = DIRECTION('',(-1.,1.224646799147E-16,0.));
#5053 = ADVANCED_FACE('',(#5054),#5060,.F.);
#5054 = FACE_BOUND('',#5055,.F.);
#5055 = EDGE_LOOP('',(#5056,#5057,#5058,#5059));
#5056 = ORIENTED_EDGE('',*,*,#4361,.T.);
#5057 = ORIENTED_EDGE('',*,*,#4978,.T.);
#5058 = ORIENTED_EDGE('',*,*,#4263,.F.);
#5059 = ORIENTED_EDGE('',*,*,#5002,.F.);
#5060 = PLANE('',#5061);
#5061 = AXIS2_PLACEMENT_3D('',#5062,#5063,#5064);
#5062 = CARTESIAN_POINT('',(-2.7,-1.2,0.));
#5063 = DIRECTION('',(1.,-1.224646799147E-16,0.));
#5064 = DIRECTION('',(-1.224646799147E-16,-1.,0.));
#5065 = ADVANCED_FACE('',(#5066),#5077,.T.);
#5066 = FACE_BOUND('',#5067,.T.);
#5067 = EDGE_LOOP('',(#5068,#5069,#5075,#5076));
#5068 = ORIENTED_EDGE('',*,*,#4642,.T.);
#5069 = ORIENTED_EDGE('',*,*,#5070,.T.);
#5070 = EDGE_CURVE('',#4582,#4482,#5071,.T.);
#5071 = LINE('',#5072,#5073);
#5072 = CARTESIAN_POINT('',(-2.7,2.1,0.95));
#5073 = VECTOR('',#5074,1.);
#5074 = DIRECTION('',(-1.224646799147E-16,-1.,0.));
#5075 = ORIENTED_EDGE('',*,*,#4489,.F.);
#5076 = ORIENTED_EDGE('',*,*,#4448,.F.);
#5077 = CYLINDRICAL_SURFACE('',#5078,5.E-02);
#5078 = AXIS2_PLACEMENT_3D('',#5079,#5080,#5081);
#5079 = CARTESIAN_POINT('',(-2.65,2.1,0.95));
#5080 = DIRECTION('',(-1.224646799147E-16,-1.,0.));
#5081 = DIRECTION('',(0.,0.,1.));
#5082 = ADVANCED_FACE('',(#5083),#5099,.T.);
#5083 = FACE_BOUND('',#5084,.T.);
#5084 = EDGE_LOOP('',(#5085,#5086,#5092,#5093));
#5085 = ORIENTED_EDGE('',*,*,#4589,.T.);
#5086 = ORIENTED_EDGE('',*,*,#5087,.T.);
#5087 = EDGE_CURVE('',#4590,#4473,#5088,.T.);
#5088 = LINE('',#5089,#5090);
#5089 = CARTESIAN_POINT('',(-2.65,2.1,-6.938893903907E-18));
#5090 = VECTOR('',#5091,1.);
#5091 = DIRECTION('',(-1.224646799147E-16,-1.,0.));
#5092 = ORIENTED_EDGE('',*,*,#4470,.F.);
#5093 = ORIENTED_EDGE('',*,*,#5094,.F.);
#5094 = EDGE_CURVE('',#4580,#4471,#5095,.T.);
#5095 = LINE('',#5096,#5097);
#5096 = CARTESIAN_POINT('',(-2.7,2.1,5.E-02));
#5097 = VECTOR('',#5098,1.);
#5098 = DIRECTION('',(-1.224646799147E-16,-1.,0.));
#5099 = CYLINDRICAL_SURFACE('',#5100,5.E-02);
#5100 = AXIS2_PLACEMENT_3D('',#5101,#5102,#5103);
#5101 = CARTESIAN_POINT('',(-2.65,2.1,5.E-02));
#5102 = DIRECTION('',(-1.224646799147E-16,-1.,0.));
#5103 = DIRECTION('',(-1.,1.224646799147E-16,0.));
#5104 = ADVANCED_FACE('',(#5105),#5111,.F.);
#5105 = FACE_BOUND('',#5106,.F.);
#5106 = EDGE_LOOP('',(#5107,#5108,#5109,#5110));
#5107 = ORIENTED_EDGE('',*,*,#4598,.T.);
#5108 = ORIENTED_EDGE('',*,*,#5087,.T.);
#5109 = ORIENTED_EDGE('',*,*,#4541,.T.);
#5110 = ORIENTED_EDGE('',*,*,#4708,.T.);
#5111 = PLANE('',#5112);
#5112 = AXIS2_PLACEMENT_3D('',#5113,#5114,#5115);
#5113 = CARTESIAN_POINT('',(-2.25,1.65,0.));
#5114 = DIRECTION('',(0.,0.,1.));
#5115 = DIRECTION('',(-1.,1.224646799147E-16,0.));
#5116 = ADVANCED_FACE('',(#5117),#5128,.T.);
#5117 = FACE_BOUND('',#5118,.T.);
#5118 = EDGE_LOOP('',(#5119,#5120,#5121,#5127));
#5119 = ORIENTED_EDGE('',*,*,#4944,.F.);
#5120 = ORIENTED_EDGE('',*,*,#4624,.T.);
#5121 = ORIENTED_EDGE('',*,*,#5122,.T.);
#5122 = EDGE_CURVE('',#4625,#4507,#5123,.T.);
#5123 = LINE('',#5124,#5125);
#5124 = CARTESIAN_POINT('',(-2.6,2.2,0.85));
#5125 = VECTOR('',#5126,1.);
#5126 = DIRECTION('',(-1.224646799147E-16,-1.,0.));
#5127 = ORIENTED_EDGE('',*,*,#4515,.T.);
#5128 = PLANE('',#5129);
#5129 = AXIS2_PLACEMENT_3D('',#5130,#5131,#5132);
#5130 = CARTESIAN_POINT('',(-2.6,2.2,0.1));
#5131 = DIRECTION('',(1.,-1.224646799147E-16,0.));
#5132 = DIRECTION('',(-1.224646799147E-16,-1.,0.));
#5133 = ADVANCED_FACE('',(#5134),#5140,.F.);
#5134 = FACE_BOUND('',#5135,.F.);
#5135 = EDGE_LOOP('',(#5136,#5137,#5138,#5139));
#5136 = ORIENTED_EDGE('',*,*,#5122,.T.);
#5137 = ORIENTED_EDGE('',*,*,#4506,.F.);
#5138 = ORIENTED_EDGE('',*,*,#4564,.F.);
#5139 = ORIENTED_EDGE('',*,*,#4632,.T.);
#5140 = CYLINDRICAL_SURFACE('',#5141,5.E-02);
#5141 = AXIS2_PLACEMENT_3D('',#5142,#5143,#5144);
#5142 = CARTESIAN_POINT('',(-2.55,2.2,0.85));
#5143 = DIRECTION('',(-1.224646799147E-16,-1.,0.));
#5144 = DIRECTION('',(-1.,1.224646799147E-16,0.));
#5145 = ADVANCED_FACE('',(#5146),#5152,.F.);
#5146 = FACE_BOUND('',#5147,.F.);
#5147 = EDGE_LOOP('',(#5148,#5149,#5150,#5151));
#5148 = ORIENTED_EDGE('',*,*,#4579,.T.);
#5149 = ORIENTED_EDGE('',*,*,#5070,.T.);
#5150 = ORIENTED_EDGE('',*,*,#4481,.F.);
#5151 = ORIENTED_EDGE('',*,*,#5094,.F.);
#5152 = PLANE('',#5153);
#5153 = AXIS2_PLACEMENT_3D('',#5154,#5155,#5156);
#5154 = CARTESIAN_POINT('',(-2.7,2.1,0.));
#5155 = DIRECTION('',(1.,-1.224646799147E-16,0.));
#5156 = DIRECTION('',(-1.224646799147E-16,-1.,0.));
#5157 = ( GEOMETRIC_REPRESENTATION_CONTEXT(3) 
GLOBAL_UNCERTAINTY_ASSIGNED_CONTEXT((#5161)) 
GLOBAL_UNIT_ASSIGNED_CONTEXT((#5158,#5159,#5160)) REPRESENTATION_CONTEXT
('Context #1','3D Context with UNIT and UNCERTAINTY') );
#5158 = ( LENGTH_UNIT() NAMED_UNIT(*) SI_UNIT(.MILLI.,.METRE.) );
#5159 = ( NAMED_UNIT(*) PLANE_ANGLE_UNIT() SI_UNIT($,.RADIAN.) );
#5160 = ( NAMED_UNIT(*) SI_UNIT($,.STERADIAN.) SOLID_ANGLE_UNIT() );
#5161 = UNCERTAINTY_MEASURE_WITH_UNIT(LENGTH_MEASURE(1.E-07),#5158,
  'distance_accuracy_value','confusion accuracy');
#5162 = CONTEXT_DEPENDENT_SHAPE_REPRESENTATION(#5163,#5165);
#5163 = ( REPRESENTATION_RELATIONSHIP('','',#2889,#2866) 
REPRESENTATION_RELATIONSHIP_WITH_TRANSFORMATION(#5164) 
SHAPE_REPRESENTATION_RELATIONSHIP() );
#5164 = ITEM_DEFINED_TRANSFORMATION('','',#11,#2867);
#5165 = PRODUCT_DEFINITION_SHAPE('Placement','Placement of an item',
  #5166);
#5166 = NEXT_ASSEMBLY_USAGE_OCCURRENCE('3','=>[0:1:1:5]','',#2861,#2884,
  $);
#5167 = PRODUCT_RELATED_PRODUCT_CATEGORY('part',$,(#2886));
#5168 = SHAPE_DEFINITION_REPRESENTATION(#5169,#5175);
#5169 = PRODUCT_DEFINITION_SHAPE('','',#5170);
#5170 = PRODUCT_DEFINITION('design','',#5171,#5174);
#5171 = PRODUCT_DEFINITION_FORMATION('','',#5172);
#5172 = PRODUCT('Buzzer_12x9.5RM7.6','Buzzer_12x9.5RM7.6','',(#5173));
#5173 = PRODUCT_CONTEXT('',#2,'mechanical');
#5174 = PRODUCT_DEFINITION_CONTEXT('part definition',#2,'design');
#5175 = SHAPE_REPRESENTATION('',(#11,#5176),#5180);
#5176 = AXIS2_PLACEMENT_3D('',#5177,#5178,#5179);
#5177 = CARTESIAN_POINT('',(0.,0.,0.));
#5178 = DIRECTION('',(0.,0.,1.));
#5179 = DIRECTION('',(1.,0.,-0.));
#5180 = ( GEOMETRIC_REPRESENTATION_CONTEXT(3) 
GLOBAL_UNCERTAINTY_ASSIGNED_CONTEXT((#5184)) 
GLOBAL_UNIT_ASSIGNED_CONTEXT((#5181,#5182,#5183)) REPRESENTATION_CONTEXT
('Context #1','3D Context with UNIT and UNCERTAINTY') );
#5181 = ( LENGTH_UNIT() NAMED_UNIT(*) SI_UNIT(.MILLI.,.METRE.) );
#5182 = ( NAMED_UNIT(*) PLANE_ANGLE_UNIT() SI_UNIT($,.RADIAN.) );
#5183 = ( NAMED_UNIT(*) SI_UNIT($,.STERADIAN.) SOLID_ANGLE_UNIT() );
#5184 = UNCERTAINTY_MEASURE_WITH_UNIT(LENGTH_MEASURE(1.E-07),#5181,
  'distance_accuracy_value','confusion accuracy');
#5185 = CONTEXT_DEPENDENT_SHAPE_REPRESENTATION(#5186,#5188);
#5186 = ( REPRESENTATION_RELATIONSHIP('','',#5175,#10) 
REPRESENTATION_RELATIONSHIP_WITH_TRANSFORMATION(#5187) 
SHAPE_REPRESENTATION_RELATIONSHIP() );
#5187 = ITEM_DEFINED_TRANSFORMATION('','',#11,#23);
#5188 = PRODUCT_DEFINITION_SHAPE('Placement','Placement of an item',
  #5189);
#5189 = NEXT_ASSEMBLY_USAGE_OCCURRENCE('6','BZ1','',#5,#5170,$);
#5190 = PRODUCT_RELATED_PRODUCT_CATEGORY('part',$,(#5172));
#5191 = SHAPE_DEFINITION_REPRESENTATION(#5192,#5198);
#5192 = PRODUCT_DEFINITION_SHAPE('','',#5193);
#5193 = PRODUCT_DEFINITION('design','',#5194,#5197);
#5194 = PRODUCT_DEFINITION_FORMATION('','',#5195);
#5195 = PRODUCT('Buzzer_12x95RM76','Buzzer_12x95RM76','',(#5196));
#5196 = PRODUCT_CONTEXT('',#2,'mechanical');
#5197 = PRODUCT_DEFINITION_CONTEXT('part definition',#2,'design');
#5198 = ADVANCED_BREP_SHAPE_REPRESENTATION('',(#11,#5199),#5491);
#5199 = MANIFOLD_SOLID_BREP('',#5200);
#5200 = CLOSED_SHELL('',(#5201,#5234,#5260,#5286,#5317,#5337,#5362,#5387
    ,#5412,#5438,#5464,#5473,#5482));
#5201 = ADVANCED_FACE('',(#5202),#5229,.T.);
#5202 = FACE_BOUND('',#5203,.T.);
#5203 = EDGE_LOOP('',(#5204,#5213,#5221,#5228));
#5204 = ORIENTED_EDGE('',*,*,#5205,.T.);
#5205 = EDGE_CURVE('',#5206,#5206,#5208,.T.);
#5206 = VERTEX_POINT('',#5207);
#5207 = CARTESIAN_POINT('',(9.8,1.804356723968E-35,0.33));
#5208 = CIRCLE('',#5209,6.);
#5209 = AXIS2_PLACEMENT_3D('',#5210,#5211,#5212);
#5210 = CARTESIAN_POINT('',(3.8,1.804356723968E-35,0.33));
#5211 = DIRECTION('',(-8.559688641721E-35,6.014522413226E-35,1.));
#5212 = DIRECTION('',(1.,6.690258951221E-52,8.559688641721E-35));
#5213 = ORIENTED_EDGE('',*,*,#5214,.T.);
#5214 = EDGE_CURVE('',#5206,#5215,#5217,.T.);
#5215 = VERTEX_POINT('',#5216);
#5216 = CARTESIAN_POINT('',(9.8,-8.91040357515E-35,8.048518518519));
#5217 = LINE('',#5218,#5219);
#5218 = CARTESIAN_POINT('',(9.8,0.,3.E-02));
#5219 = VECTOR('',#5220,1.);
#5220 = DIRECTION('',(0.,0.,1.));
#5221 = ORIENTED_EDGE('',*,*,#5222,.F.);
#5222 = EDGE_CURVE('',#5215,#5215,#5223,.T.);
#5223 = CIRCLE('',#5224,6.);
#5224 = AXIS2_PLACEMENT_3D('',#5225,#5226,#5227);
#5225 = CARTESIAN_POINT('',(3.8,-8.91040357515E-35,8.048518518519));
#5226 = DIRECTION('',(-8.559688641721E-35,6.014522413226E-35,1.));
#5227 = DIRECTION('',(1.,8.259101077374E-51,8.559688641721E-35));
#5228 = ORIENTED_EDGE('',*,*,#5214,.F.);
#5229 = CYLINDRICAL_SURFACE('',#5230,6.);
#5230 = AXIS2_PLACEMENT_3D('',#5231,#5232,#5233);
#5231 = CARTESIAN_POINT('',(3.8,0.,3.E-02));
#5232 = DIRECTION('',(-0.,-0.,-1.));
#5233 = DIRECTION('',(1.,0.,0.));
#5234 = ADVANCED_FACE('',(#5235),#5255,.T.);
#5235 = FACE_BOUND('',#5236,.T.);
#5236 = EDGE_LOOP('',(#5237,#5246,#5253,#5254));
#5237 = ORIENTED_EDGE('',*,*,#5238,.T.);
#5238 = EDGE_CURVE('',#5239,#5239,#5241,.T.);
#5239 = VERTEX_POINT('',#5240);
#5240 = CARTESIAN_POINT('',(9.5,2.672764710092E-51,3.E-02));
#5241 = CIRCLE('',#5242,5.7);
#5242 = AXIS2_PLACEMENT_3D('',#5243,#5244,#5245);
#5243 = CARTESIAN_POINT('',(3.8,0.,3.E-02));
#5244 = DIRECTION('',(-8.559688641721E-35,6.014522413226E-35,1.));
#5245 = DIRECTION('',(1.,6.690258951221E-52,8.559688641721E-35));
#5246 = ORIENTED_EDGE('',*,*,#5247,.F.);
#5247 = EDGE_CURVE('',#5206,#5239,#5248,.T.);
#5248 = CIRCLE('',#5249,0.3);
#5249 = AXIS2_PLACEMENT_3D('',#5250,#5251,#5252);
#5250 = CARTESIAN_POINT('',(9.5,9.021783619839E-37,0.33));
#5251 = DIRECTION('',(3.007261206613E-36,1.,-6.014522413226E-35));
#5252 = DIRECTION('',(1.,-3.007261206613E-36,8.559688641721E-35));
#5253 = ORIENTED_EDGE('',*,*,#5205,.F.);
#5254 = ORIENTED_EDGE('',*,*,#5247,.T.);
#5255 = TOROIDAL_SURFACE('',#5256,5.7,0.3);
#5256 = AXIS2_PLACEMENT_3D('',#5257,#5258,#5259);
#5257 = CARTESIAN_POINT('',(3.8,1.804356723968E-35,0.33));
#5258 = DIRECTION('',(8.559688641721E-35,-6.014522413226E-35,-1.));
#5259 = DIRECTION('',(1.,6.690258951221E-52,8.559688641721E-35));
#5260 = ADVANCED_FACE('',(#5261),#5281,.T.);
#5261 = FACE_BOUND('',#5262,.T.);
#5262 = EDGE_LOOP('',(#5263,#5272,#5273,#5274));
#5263 = ORIENTED_EDGE('',*,*,#5264,.F.);
#5264 = EDGE_CURVE('',#5215,#5265,#5267,.T.);
#5265 = VERTEX_POINT('',#5266);
#5266 = CARTESIAN_POINT('',(8.318518518519,3.207317652111E-50,9.53));
#5267 = CIRCLE('',#5268,1.481481481481);
#5268 = AXIS2_PLACEMENT_3D('',#5269,#5270,#5271);
#5269 = CARTESIAN_POINT('',(8.318518518519,-8.91040357515E-35,
    8.048518518519));
#5270 = DIRECTION('',(8.259101077374E-51,-1.,6.014522413226E-35));
#5271 = DIRECTION('',(1.,8.259101077374E-51,8.559688641721E-35));
#5272 = ORIENTED_EDGE('',*,*,#5222,.T.);
#5273 = ORIENTED_EDGE('',*,*,#5264,.T.);
#5274 = ORIENTED_EDGE('',*,*,#5275,.F.);
#5275 = EDGE_CURVE('',#5265,#5265,#5276,.T.);
#5276 = CIRCLE('',#5277,4.518518518519);
#5277 = AXIS2_PLACEMENT_3D('',#5278,#5279,#5280);
#5278 = CARTESIAN_POINT('',(3.8,0.,9.53));
#5279 = DIRECTION('',(-8.559688641721E-35,6.014522413226E-35,1.));
#5280 = DIRECTION('',(1.,8.259101077374E-51,8.559688641721E-35));
#5281 = TOROIDAL_SURFACE('',#5282,4.518518518519,1.481481481481);
#5282 = AXIS2_PLACEMENT_3D('',#5283,#5284,#5285);
#5283 = CARTESIAN_POINT('',(3.8,-8.91040357515E-35,8.048518518519));
#5284 = DIRECTION('',(-8.559688641721E-35,6.014522413226E-35,1.));
#5285 = DIRECTION('',(1.,8.259101077374E-51,8.559688641721E-35));
#5286 = ADVANCED_FACE('',(#5287,#5290,#5301),#5312,.F.);
#5287 = FACE_BOUND('',#5288,.F.);
#5288 = EDGE_LOOP('',(#5289));
#5289 = ORIENTED_EDGE('',*,*,#5238,.T.);
#5290 = FACE_BOUND('',#5291,.F.);
#5291 = EDGE_LOOP('',(#5292));
#5292 = ORIENTED_EDGE('',*,*,#5293,.F.);
#5293 = EDGE_CURVE('',#5294,#5294,#5296,.T.);
#5294 = VERTEX_POINT('',#5295);
#5295 = CARTESIAN_POINT('',(0.45,0.,3.E-02));
#5296 = CIRCLE('',#5297,0.45);
#5297 = AXIS2_PLACEMENT_3D('',#5298,#5299,#5300);
#5298 = CARTESIAN_POINT('',(0.,0.,3.E-02));
#5299 = DIRECTION('',(0.,0.,1.));
#5300 = DIRECTION('',(1.,0.,-0.));
#5301 = FACE_BOUND('',#5302,.F.);
#5302 = EDGE_LOOP('',(#5303));
#5303 = ORIENTED_EDGE('',*,*,#5304,.F.);
#5304 = EDGE_CURVE('',#5305,#5305,#5307,.T.);
#5305 = VERTEX_POINT('',#5306);
#5306 = CARTESIAN_POINT('',(8.05,0.,3.E-02));
#5307 = CIRCLE('',#5308,0.45);
#5308 = AXIS2_PLACEMENT_3D('',#5309,#5310,#5311);
#5309 = CARTESIAN_POINT('',(7.6,0.,3.E-02));
#5310 = DIRECTION('',(0.,0.,1.));
#5311 = DIRECTION('',(1.,0.,-0.));
#5312 = PLANE('',#5313);
#5313 = AXIS2_PLACEMENT_3D('',#5314,#5315,#5316);
#5314 = CARTESIAN_POINT('',(3.8,2.108840176837E-16,3.E-02));
#5315 = DIRECTION('',(-8.559688641721E-35,6.014522413226E-35,1.));
#5316 = DIRECTION('',(1.,0.,8.559688641721E-35));
#5317 = ADVANCED_FACE('',(#5318,#5321),#5332,.T.);
#5318 = FACE_BOUND('',#5319,.T.);
#5319 = EDGE_LOOP('',(#5320));
#5320 = ORIENTED_EDGE('',*,*,#5275,.T.);
#5321 = FACE_BOUND('',#5322,.T.);
#5322 = EDGE_LOOP('',(#5323));
#5323 = ORIENTED_EDGE('',*,*,#5324,.T.);
#5324 = EDGE_CURVE('',#5325,#5325,#5327,.T.);
#5325 = VERTEX_POINT('',#5326);
#5326 = CARTESIAN_POINT('',(4.8,0.,9.53));
#5327 = CIRCLE('',#5328,1.);
#5328 = AXIS2_PLACEMENT_3D('',#5329,#5330,#5331);
#5329 = CARTESIAN_POINT('',(3.8,0.,9.53));
#5330 = DIRECTION('',(0.,0.,-1.));
#5331 = DIRECTION('',(1.,0.,0.));
#5332 = PLANE('',#5333);
#5333 = AXIS2_PLACEMENT_3D('',#5334,#5335,#5336);
#5334 = CARTESIAN_POINT('',(3.8,2.108840176837E-16,9.53));
#5335 = DIRECTION('',(-8.559688641721E-35,6.014522413226E-35,1.));
#5336 = DIRECTION('',(1.,0.,8.559688641721E-35));
#5337 = ADVANCED_FACE('',(#5338),#5357,.T.);
#5338 = FACE_BOUND('',#5339,.T.);
#5339 = EDGE_LOOP('',(#5340,#5341,#5349,#5356));
#5340 = ORIENTED_EDGE('',*,*,#5293,.F.);
#5341 = ORIENTED_EDGE('',*,*,#5342,.T.);
#5342 = EDGE_CURVE('',#5294,#5343,#5345,.T.);
#5343 = VERTEX_POINT('',#5344);
#5344 = CARTESIAN_POINT('',(0.45,0.,-2.82));
#5345 = LINE('',#5346,#5347);
#5346 = CARTESIAN_POINT('',(0.45,0.,1.03));
#5347 = VECTOR('',#5348,1.);
#5348 = DIRECTION('',(-0.,-0.,-1.));
#5349 = ORIENTED_EDGE('',*,*,#5350,.T.);
#5350 = EDGE_CURVE('',#5343,#5343,#5351,.T.);
#5351 = CIRCLE('',#5352,0.45);
#5352 = AXIS2_PLACEMENT_3D('',#5353,#5354,#5355);
#5353 = CARTESIAN_POINT('',(0.,0.,-2.82));
#5354 = DIRECTION('',(0.,0.,1.));
#5355 = DIRECTION('',(1.,0.,-0.));
#5356 = ORIENTED_EDGE('',*,*,#5342,.F.);
#5357 = CYLINDRICAL_SURFACE('',#5358,0.45);
#5358 = AXIS2_PLACEMENT_3D('',#5359,#5360,#5361);
#5359 = CARTESIAN_POINT('',(0.,0.,1.03));
#5360 = DIRECTION('',(0.,0.,1.));
#5361 = DIRECTION('',(1.,0.,-0.));
#5362 = ADVANCED_FACE('',(#5363),#5382,.T.);
#5363 = FACE_BOUND('',#5364,.T.);
#5364 = EDGE_LOOP('',(#5365,#5366,#5374,#5381));
#5365 = ORIENTED_EDGE('',*,*,#5304,.F.);
#5366 = ORIENTED_EDGE('',*,*,#5367,.T.);
#5367 = EDGE_CURVE('',#5305,#5368,#5370,.T.);
#5368 = VERTEX_POINT('',#5369);
#5369 = CARTESIAN_POINT('',(8.05,6.042804770876E-33,-2.82));
#5370 = LINE('',#5371,#5372);
#5371 = CARTESIAN_POINT('',(8.05,0.,1.03));
#5372 = VECTOR('',#5373,1.);
#5373 = DIRECTION('',(-0.,-0.,-1.));
#5374 = ORIENTED_EDGE('',*,*,#5375,.T.);
#5375 = EDGE_CURVE('',#5368,#5368,#5376,.T.);
#5376 = CIRCLE('',#5377,0.45);
#5377 = AXIS2_PLACEMENT_3D('',#5378,#5379,#5380);
#5378 = CARTESIAN_POINT('',(7.6,-1.29542663314E-31,-2.82));
#5379 = DIRECTION('',(-1.19708830782E-30,3.357113761597E-32,1.));
#5380 = DIRECTION('',(1.,3.013010401886E-31,1.19708830782E-30));
#5381 = ORIENTED_EDGE('',*,*,#5367,.F.);
#5382 = CYLINDRICAL_SURFACE('',#5383,0.45);
#5383 = AXIS2_PLACEMENT_3D('',#5384,#5385,#5386);
#5384 = CARTESIAN_POINT('',(7.6,0.,1.03));
#5385 = DIRECTION('',(0.,0.,1.));
#5386 = DIRECTION('',(1.,0.,-0.));
#5387 = ADVANCED_FACE('',(#5388),#5407,.F.);
#5388 = FACE_BOUND('',#5389,.F.);
#5389 = EDGE_LOOP('',(#5390,#5398,#5399,#5400));
#5390 = ORIENTED_EDGE('',*,*,#5391,.T.);
#5391 = EDGE_CURVE('',#5392,#5325,#5394,.T.);
#5392 = VERTEX_POINT('',#5393);
#5393 = CARTESIAN_POINT('',(4.8,0.,9.33));
#5394 = LINE('',#5395,#5396);
#5395 = CARTESIAN_POINT('',(4.8,0.,1.93));
#5396 = VECTOR('',#5397,1.);
#5397 = DIRECTION('',(0.,0.,1.));
#5398 = ORIENTED_EDGE('',*,*,#5324,.T.);
#5399 = ORIENTED_EDGE('',*,*,#5391,.F.);
#5400 = ORIENTED_EDGE('',*,*,#5401,.T.);
#5401 = EDGE_CURVE('',#5392,#5392,#5402,.T.);
#5402 = CIRCLE('',#5403,1.);
#5403 = AXIS2_PLACEMENT_3D('',#5404,#5405,#5406);
#5404 = CARTESIAN_POINT('',(3.8,0.,9.33));
#5405 = DIRECTION('',(0.,0.,1.));
#5406 = DIRECTION('',(1.,0.,-0.));
#5407 = CYLINDRICAL_SURFACE('',#5408,1.);
#5408 = AXIS2_PLACEMENT_3D('',#5409,#5410,#5411);
#5409 = CARTESIAN_POINT('',(3.8,0.,1.93));
#5410 = DIRECTION('',(-0.,-0.,-1.));
#5411 = DIRECTION('',(1.,0.,0.));
#5412 = ADVANCED_FACE('',(#5413),#5433,.T.);
#5413 = FACE_BOUND('',#5414,.T.);
#5414 = EDGE_LOOP('',(#5415,#5424,#5431,#5432));
#5415 = ORIENTED_EDGE('',*,*,#5416,.T.);
#5416 = EDGE_CURVE('',#5417,#5417,#5419,.T.);
#5417 = VERTEX_POINT('',#5418);
#5418 = CARTESIAN_POINT('',(0.27,0.,-3.));
#5419 = CIRCLE('',#5420,0.27);
#5420 = AXIS2_PLACEMENT_3D('',#5421,#5422,#5423);
#5421 = CARTESIAN_POINT('',(0.,0.,-3.));
#5422 = DIRECTION('',(0.,0.,1.));
#5423 = DIRECTION('',(1.,0.,-0.));
#5424 = ORIENTED_EDGE('',*,*,#5425,.F.);
#5425 = EDGE_CURVE('',#5343,#5417,#5426,.T.);
#5426 = CIRCLE('',#5427,0.18);
#5427 = AXIS2_PLACEMENT_3D('',#5428,#5429,#5430);
#5428 = CARTESIAN_POINT('',(0.27,0.,-2.82));
#5429 = DIRECTION('',(-0.,1.,0.));
#5430 = DIRECTION('',(1.,0.,0.));
#5431 = ORIENTED_EDGE('',*,*,#5350,.F.);
#5432 = ORIENTED_EDGE('',*,*,#5425,.T.);
#5433 = TOROIDAL_SURFACE('',#5434,0.27,0.18);
#5434 = AXIS2_PLACEMENT_3D('',#5435,#5436,#5437);
#5435 = CARTESIAN_POINT('',(0.,0.,-2.82));
#5436 = DIRECTION('',(-0.,-0.,-1.));
#5437 = DIRECTION('',(1.,0.,0.));
#5438 = ADVANCED_FACE('',(#5439),#5459,.T.);
#5439 = FACE_BOUND('',#5440,.T.);
#5440 = EDGE_LOOP('',(#5441,#5450,#5457,#5458));
#5441 = ORIENTED_EDGE('',*,*,#5442,.T.);
#5442 = EDGE_CURVE('',#5443,#5443,#5445,.T.);
#5443 = VERTEX_POINT('',#5444);
#5444 = CARTESIAN_POINT('',(7.87,-5.423418723394E-32,-3.));
#5445 = CIRCLE('',#5446,0.27);
#5446 = AXIS2_PLACEMENT_3D('',#5447,#5448,#5449);
#5447 = CARTESIAN_POINT('',(7.6,-1.355854680849E-31,-3.));
#5448 = DIRECTION('',(-1.19708830782E-30,3.357113761597E-32,1.));
#5449 = DIRECTION('',(1.,3.013010401886E-31,1.19708830782E-30));
#5450 = ORIENTED_EDGE('',*,*,#5451,.F.);
#5451 = EDGE_CURVE('',#5368,#5443,#5452,.T.);
#5452 = CIRCLE('',#5453,0.18);
#5453 = AXIS2_PLACEMENT_3D('',#5454,#5455,#5456);
#5454 = CARTESIAN_POINT('',(7.87,-5.181706532559E-32,-2.82));
#5455 = DIRECTION('',(-2.878725851422E-31,1.,-3.357113761597E-32));
#5456 = DIRECTION('',(1.,2.878725851422E-31,1.19708830782E-30));
#5457 = ORIENTED_EDGE('',*,*,#5375,.F.);
#5458 = ORIENTED_EDGE('',*,*,#5451,.T.);
#5459 = TOROIDAL_SURFACE('',#5460,0.27,0.18);
#5460 = AXIS2_PLACEMENT_3D('',#5461,#5462,#5463);
#5461 = CARTESIAN_POINT('',(7.6,-1.29542663314E-31,-2.82));
#5462 = DIRECTION('',(1.19708830782E-30,-3.357113761597E-32,-1.));
#5463 = DIRECTION('',(1.,3.013010401886E-31,1.19708830782E-30));
#5464 = ADVANCED_FACE('',(#5465),#5468,.T.);
#5465 = FACE_BOUND('',#5466,.T.);
#5466 = EDGE_LOOP('',(#5467));
#5467 = ORIENTED_EDGE('',*,*,#5401,.T.);
#5468 = PLANE('',#5469);
#5469 = AXIS2_PLACEMENT_3D('',#5470,#5471,#5472);
#5470 = CARTESIAN_POINT('',(3.8,8.737595245399E-17,9.33));
#5471 = DIRECTION('',(-4.930380657631E-31,-1.632186346944E-32,1.));
#5472 = DIRECTION('',(1.,0.,4.930380657631E-31));
#5473 = ADVANCED_FACE('',(#5474),#5477,.F.);
#5474 = FACE_BOUND('',#5475,.F.);
#5475 = EDGE_LOOP('',(#5476));
#5476 = ORIENTED_EDGE('',*,*,#5416,.T.);
#5477 = PLANE('',#5478);
#5478 = AXIS2_PLACEMENT_3D('',#5479,#5480,#5481);
#5479 = CARTESIAN_POINT('',(-1.18701400394E-17,2.911085817041E-17,-3.));
#5480 = DIRECTION('',(0.,0.,1.));
#5481 = DIRECTION('',(1.,0.,-0.));
#5482 = ADVANCED_FACE('',(#5483),#5486,.F.);
#5483 = FACE_BOUND('',#5484,.F.);
#5484 = EDGE_LOOP('',(#5485));
#5485 = ORIENTED_EDGE('',*,*,#5442,.T.);
#5486 = PLANE('',#5487);
#5487 = AXIS2_PLACEMENT_3D('',#5488,#5489,#5490);
#5488 = CARTESIAN_POINT('',(7.6,-1.836970198721E-17,-3.));
#5489 = DIRECTION('',(-1.19708830782E-30,3.357113761597E-32,1.));
#5490 = DIRECTION('',(1.,0.,1.19708830782E-30));
#5491 = ( GEOMETRIC_REPRESENTATION_CONTEXT(3) 
GLOBAL_UNCERTAINTY_ASSIGNED_CONTEXT((#5495)) 
GLOBAL_UNIT_ASSIGNED_CONTEXT((#5492,#5493,#5494)) REPRESENTATION_CONTEXT
('Context #1','3D Context with UNIT and UNCERTAINTY') );
#5492 = ( LENGTH_UNIT() NAMED_UNIT(*) SI_UNIT(.MILLI.,.METRE.) );
#5493 = ( NAMED_UNIT(*) PLANE_ANGLE_UNIT() SI_UNIT($,.RADIAN.) );
#5494 = ( NAMED_UNIT(*) SI_UNIT($,.STERADIAN.) SOLID_ANGLE_UNIT() );
#5495 = UNCERTAINTY_MEASURE_WITH_UNIT(LENGTH_MEASURE(1.E-07),#5492,
  'distance_accuracy_value','confusion accuracy');
#5496 = CONTEXT_DEPENDENT_SHAPE_REPRESENTATION(#5497,#5499);
#5497 = ( REPRESENTATION_RELATIONSHIP('','',#5198,#5175) 
REPRESENTATION_RELATIONSHIP_WITH_TRANSFORMATION(#5498) 
SHAPE_REPRESENTATION_RELATIONSHIP() );
#5498 = ITEM_DEFINED_TRANSFORMATION('','',#11,#5176);
#5499 = PRODUCT_DEFINITION_SHAPE('Placement','Placement of an item',
  #5500);
#5500 = NEXT_ASSEMBLY_USAGE_OCCURRENCE('5','=>[0:1:1:7]','',#5170,#5193,
  $);
#5501 = PRODUCT_RELATED_PRODUCT_CATEGORY('part',$,(#5195));
#5502 = SHAPE_DEFINITION_REPRESENTATION(#5503,#5509);
#5503 = PRODUCT_DEFINITION_SHAPE('','',#5504);
#5504 = PRODUCT_DEFINITION('design','',#5505,#5508);
#5505 = PRODUCT_DEFINITION_FORMATION('','',#5506);
#5506 = PRODUCT('hackpad-unsaved-export-Rakl4k_PCB',
  'hackpad-unsaved-export-Rakl4k_PCB','',(#5507));
#5507 = PRODUCT_CONTEXT('',#2,'mechanical');
#5508 = PRODUCT_DEFINITION_CONTEXT('part definition',#2,'design');
#5509 = ADVANCED_BREP_SHAPE_REPRESENTATION('',(#11,#5510),#7500);
#5510 = MANIFOLD_SOLID_BREP('',#5511);
#5511 = CLOSED_SHELL('',(#5512,#5552,#5583,#5614,#6143,#6672,#6684,#6701
    ,#6718,#6735,#6752,#6769,#6786,#6803,#6820,#6837,#6854,#6871,#6888,
    #6905,#6922,#6939,#6956,#6973,#6990,#7007,#7024,#7041,#7063,#7080,
    #7097,#7109,#7126,#7143,#7160,#7177,#7194,#7211,#7228,#7250,#7267,
    #7284,#7296,#7313,#7330,#7347,#7364,#7381,#7398,#7415,#7432,#7449,
    #7466,#7483));
#5512 = ADVANCED_FACE('',(#5513),#5547,.T.);
#5513 = FACE_BOUND('',#5514,.T.);
#5514 = EDGE_LOOP('',(#5515,#5525,#5533,#5541));
#5515 = ORIENTED_EDGE('',*,*,#5516,.T.);
#5516 = EDGE_CURVE('',#5517,#5519,#5521,.T.);
#5517 = VERTEX_POINT('',#5518);
#5518 = CARTESIAN_POINT('',(186.8,-133.,0.));
#5519 = VERTEX_POINT('',#5520);
#5520 = CARTESIAN_POINT('',(186.8,-133.,1.51));
#5521 = LINE('',#5522,#5523);
#5522 = CARTESIAN_POINT('',(186.8,-133.,0.));
#5523 = VECTOR('',#5524,1.);
#5524 = DIRECTION('',(0.,0.,1.));
#5525 = ORIENTED_EDGE('',*,*,#5526,.T.);
#5526 = EDGE_CURVE('',#5519,#5527,#5529,.T.);
#5527 = VERTEX_POINT('',#5528);
#5528 = CARTESIAN_POINT('',(124.8,-133.,1.51));
#5529 = LINE('',#5530,#5531);
#5530 = CARTESIAN_POINT('',(186.8,-133.,1.51));
#5531 = VECTOR('',#5532,1.);
#5532 = DIRECTION('',(-1.,0.,0.));
#5533 = ORIENTED_EDGE('',*,*,#5534,.F.);
#5534 = EDGE_CURVE('',#5535,#5527,#5537,.T.);
#5535 = VERTEX_POINT('',#5536);
#5536 = CARTESIAN_POINT('',(124.8,-133.,0.));
#5537 = LINE('',#5538,#5539);
#5538 = CARTESIAN_POINT('',(124.8,-133.,0.));
#5539 = VECTOR('',#5540,1.);
#5540 = DIRECTION('',(0.,0.,1.));
#5541 = ORIENTED_EDGE('',*,*,#5542,.F.);
#5542 = EDGE_CURVE('',#5517,#5535,#5543,.T.);
#5543 = LINE('',#5544,#5545);
#5544 = CARTESIAN_POINT('',(186.8,-133.,0.));
#5545 = VECTOR('',#5546,1.);
#5546 = DIRECTION('',(-1.,0.,0.));
#5547 = PLANE('',#5548);
#5548 = AXIS2_PLACEMENT_3D('',#5549,#5550,#5551);
#5549 = CARTESIAN_POINT('',(186.8,-133.,0.));
#5550 = DIRECTION('',(0.,-1.,0.));
#5551 = DIRECTION('',(-1.,0.,0.));
#5552 = ADVANCED_FACE('',(#5553),#5578,.T.);
#5553 = FACE_BOUND('',#5554,.T.);
#5554 = EDGE_LOOP('',(#5555,#5565,#5571,#5572));
#5555 = ORIENTED_EDGE('',*,*,#5556,.T.);
#5556 = EDGE_CURVE('',#5557,#5559,#5561,.T.);
#5557 = VERTEX_POINT('',#5558);
#5558 = CARTESIAN_POINT('',(186.8,-76.,0.));
#5559 = VERTEX_POINT('',#5560);
#5560 = CARTESIAN_POINT('',(186.8,-76.,1.51));
#5561 = LINE('',#5562,#5563);
#5562 = CARTESIAN_POINT('',(186.8,-76.,0.));
#5563 = VECTOR('',#5564,1.);
#5564 = DIRECTION('',(0.,0.,1.));
#5565 = ORIENTED_EDGE('',*,*,#5566,.T.);
#5566 = EDGE_CURVE('',#5559,#5519,#5567,.T.);
#5567 = LINE('',#5568,#5569);
#5568 = CARTESIAN_POINT('',(186.8,-76.,1.51));
#5569 = VECTOR('',#5570,1.);
#5570 = DIRECTION('',(0.,-1.,0.));
#5571 = ORIENTED_EDGE('',*,*,#5516,.F.);
#5572 = ORIENTED_EDGE('',*,*,#5573,.F.);
#5573 = EDGE_CURVE('',#5557,#5517,#5574,.T.);
#5574 = LINE('',#5575,#5576);
#5575 = CARTESIAN_POINT('',(186.8,-76.,0.));
#5576 = VECTOR('',#5577,1.);
#5577 = DIRECTION('',(0.,-1.,0.));
#5578 = PLANE('',#5579);
#5579 = AXIS2_PLACEMENT_3D('',#5580,#5581,#5582);
#5580 = CARTESIAN_POINT('',(186.8,-76.,0.));
#5581 = DIRECTION('',(1.,0.,-0.));
#5582 = DIRECTION('',(0.,-1.,0.));
#5583 = ADVANCED_FACE('',(#5584),#5609,.T.);
#5584 = FACE_BOUND('',#5585,.T.);
#5585 = EDGE_LOOP('',(#5586,#5587,#5595,#5603));
#5586 = ORIENTED_EDGE('',*,*,#5534,.T.);
#5587 = ORIENTED_EDGE('',*,*,#5588,.T.);
#5588 = EDGE_CURVE('',#5527,#5589,#5591,.T.);
#5589 = VERTEX_POINT('',#5590);
#5590 = CARTESIAN_POINT('',(124.8,-76.,1.51));
#5591 = LINE('',#5592,#5593);
#5592 = CARTESIAN_POINT('',(124.8,-133.,1.51));
#5593 = VECTOR('',#5594,1.);
#5594 = DIRECTION('',(0.,1.,0.));
#5595 = ORIENTED_EDGE('',*,*,#5596,.F.);
#5596 = EDGE_CURVE('',#5597,#5589,#5599,.T.);
#5597 = VERTEX_POINT('',#5598);
#5598 = CARTESIAN_POINT('',(124.8,-76.,0.));
#5599 = LINE('',#5600,#5601);
#5600 = CARTESIAN_POINT('',(124.8,-76.,0.));
#5601 = VECTOR('',#5602,1.);
#5602 = DIRECTION('',(0.,0.,1.));
#5603 = ORIENTED_EDGE('',*,*,#5604,.F.);
#5604 = EDGE_CURVE('',#5535,#5597,#5605,.T.);
#5605 = LINE('',#5606,#5607);
#5606 = CARTESIAN_POINT('',(124.8,-133.,0.));
#5607 = VECTOR('',#5608,1.);
#5608 = DIRECTION('',(0.,1.,0.));
#5609 = PLANE('',#5610);
#5610 = AXIS2_PLACEMENT_3D('',#5611,#5612,#5613);
#5611 = CARTESIAN_POINT('',(124.8,-133.,0.));
#5612 = DIRECTION('',(-1.,0.,0.));
#5613 = DIRECTION('',(0.,1.,0.));
#5614 = ADVANCED_FACE('',(#5615,#5626,#5637,#5648,#5659,#5670,#5681,
    #5692,#5703,#5714,#5725,#5736,#5747,#5758,#5769,#5780,#5791,#5802,
    #5813,#5824,#5835,#5846,#5857,#5893,#5904,#5915,#5926,#5937,#5948,
    #5959,#5970,#6006,#6017,#6028,#6039,#6050,#6061,#6072,#6083,#6094,
    #6105,#6116,#6127),#6138,.F.);
#5615 = FACE_BOUND('',#5616,.F.);
#5616 = EDGE_LOOP('',(#5617,#5618,#5619,#5625));
#5617 = ORIENTED_EDGE('',*,*,#5542,.F.);
#5618 = ORIENTED_EDGE('',*,*,#5573,.F.);
#5619 = ORIENTED_EDGE('',*,*,#5620,.F.);
#5620 = EDGE_CURVE('',#5597,#5557,#5621,.T.);
#5621 = LINE('',#5622,#5623);
#5622 = CARTESIAN_POINT('',(124.8,-76.,0.));
#5623 = VECTOR('',#5624,1.);
#5624 = DIRECTION('',(1.,0.,0.));
#5625 = ORIENTED_EDGE('',*,*,#5604,.F.);
#5626 = FACE_BOUND('',#5627,.F.);
#5627 = EDGE_LOOP('',(#5628));
#5628 = ORIENTED_EDGE('',*,*,#5629,.T.);
#5629 = EDGE_CURVE('',#5630,#5630,#5632,.T.);
#5630 = VERTEX_POINT('',#5631);
#5631 = CARTESIAN_POINT('',(129.995,-120.625,0.));
#5632 = CIRCLE('',#5633,0.85);
#5633 = AXIS2_PLACEMENT_3D('',#5634,#5635,#5636);
#5634 = CARTESIAN_POINT('',(129.995,-119.775,0.));
#5635 = DIRECTION('',(-0.,0.,-1.));
#5636 = DIRECTION('',(-0.,-1.,0.));
#5637 = FACE_BOUND('',#5638,.F.);
#5638 = EDGE_LOOP('',(#5639));
#5639 = ORIENTED_EDGE('',*,*,#5640,.T.);
#5640 = EDGE_CURVE('',#5641,#5641,#5643,.T.);
#5641 = VERTEX_POINT('',#5642);
#5642 = CARTESIAN_POINT('',(131.265,-117.985,0.));
#5643 = CIRCLE('',#5644,0.75);
#5644 = AXIS2_PLACEMENT_3D('',#5645,#5646,#5647);
#5645 = CARTESIAN_POINT('',(131.265,-117.235,0.));
#5646 = DIRECTION('',(-0.,0.,-1.));
#5647 = DIRECTION('',(-0.,-1.,0.));
#5648 = FACE_BOUND('',#5649,.F.);
#5649 = EDGE_LOOP('',(#5650));
#5650 = ORIENTED_EDGE('',*,*,#5651,.T.);
#5651 = EDGE_CURVE('',#5652,#5652,#5654,.T.);
#5652 = VERTEX_POINT('',#5653);
#5653 = CARTESIAN_POINT('',(135.075,-121.775,0.));
#5654 = CIRCLE('',#5655,2.);
#5655 = AXIS2_PLACEMENT_3D('',#5656,#5657,#5658);
#5656 = CARTESIAN_POINT('',(135.075,-119.775,0.));
#5657 = DIRECTION('',(-0.,0.,-1.));
#5658 = DIRECTION('',(-0.,-1.,0.));
#5659 = FACE_BOUND('',#5660,.F.);
#5660 = EDGE_LOOP('',(#5661));
#5661 = ORIENTED_EDGE('',*,*,#5662,.T.);
#5662 = EDGE_CURVE('',#5663,#5663,#5665,.T.);
#5663 = VERTEX_POINT('',#5664);
#5664 = CARTESIAN_POINT('',(140.155,-120.625,0.));
#5665 = CIRCLE('',#5666,0.85);
#5666 = AXIS2_PLACEMENT_3D('',#5667,#5668,#5669);
#5667 = CARTESIAN_POINT('',(140.155,-119.775,0.));
#5668 = DIRECTION('',(-0.,0.,-1.));
#5669 = DIRECTION('',(-0.,-1.,0.));
#5670 = FACE_BOUND('',#5671,.F.);
#5671 = EDGE_LOOP('',(#5672));
#5672 = ORIENTED_EDGE('',*,*,#5673,.T.);
#5673 = EDGE_CURVE('',#5674,#5674,#5676,.T.);
#5674 = VERTEX_POINT('',#5675);
#5675 = CARTESIAN_POINT('',(137.615,-115.445,0.));
#5676 = CIRCLE('',#5677,0.75);
#5677 = AXIS2_PLACEMENT_3D('',#5678,#5679,#5680);
#5678 = CARTESIAN_POINT('',(137.615,-114.695,0.));
#5679 = DIRECTION('',(-0.,0.,-1.));
#5680 = DIRECTION('',(-0.,-1.,0.));
#5681 = FACE_BOUND('',#5682,.F.);
#5682 = EDGE_LOOP('',(#5683));
#5683 = ORIENTED_EDGE('',*,*,#5684,.T.);
#5684 = EDGE_CURVE('',#5685,#5685,#5687,.T.);
#5685 = VERTEX_POINT('',#5686);
#5686 = CARTESIAN_POINT('',(149.89,-120.65,0.));
#5687 = CIRCLE('',#5688,0.85);
#5688 = AXIS2_PLACEMENT_3D('',#5689,#5690,#5691);
#5689 = CARTESIAN_POINT('',(149.89,-119.8,0.));
#5690 = DIRECTION('',(-0.,0.,-1.));
#5691 = DIRECTION('',(-0.,-1.,0.));
#5692 = FACE_BOUND('',#5693,.F.);
#5693 = EDGE_LOOP('',(#5694));
#5694 = ORIENTED_EDGE('',*,*,#5695,.T.);
#5695 = EDGE_CURVE('',#5696,#5696,#5698,.T.);
#5696 = VERTEX_POINT('',#5697);
#5697 = CARTESIAN_POINT('',(154.97,-121.8,0.));
#5698 = CIRCLE('',#5699,2.);
#5699 = AXIS2_PLACEMENT_3D('',#5700,#5701,#5702);
#5700 = CARTESIAN_POINT('',(154.97,-119.8,0.));
#5701 = DIRECTION('',(-0.,0.,-1.));
#5702 = DIRECTION('',(-0.,-1.,0.));
#5703 = FACE_BOUND('',#5704,.F.);
#5704 = EDGE_LOOP('',(#5705));
#5705 = ORIENTED_EDGE('',*,*,#5706,.T.);
#5706 = EDGE_CURVE('',#5707,#5707,#5709,.T.);
#5707 = VERTEX_POINT('',#5708);
#5708 = CARTESIAN_POINT('',(151.16,-118.01,0.));
#5709 = CIRCLE('',#5710,0.75);
#5710 = AXIS2_PLACEMENT_3D('',#5711,#5712,#5713);
#5711 = CARTESIAN_POINT('',(151.16,-117.26,0.));
#5712 = DIRECTION('',(-0.,0.,-1.));
#5713 = DIRECTION('',(-0.,-1.,0.));
#5714 = FACE_BOUND('',#5715,.F.);
#5715 = EDGE_LOOP('',(#5716));
#5716 = ORIENTED_EDGE('',*,*,#5717,.T.);
#5717 = EDGE_CURVE('',#5718,#5718,#5720,.T.);
#5718 = VERTEX_POINT('',#5719);
#5719 = CARTESIAN_POINT('',(128.2,-101.5,0.));
#5720 = CIRCLE('',#5721,0.5);
#5721 = AXIS2_PLACEMENT_3D('',#5722,#5723,#5724);
#5722 = CARTESIAN_POINT('',(128.2,-101.,0.));
#5723 = DIRECTION('',(-0.,0.,-1.));
#5724 = DIRECTION('',(-0.,-1.,0.));
#5725 = FACE_BOUND('',#5726,.F.);
#5726 = EDGE_LOOP('',(#5727));
#5727 = ORIENTED_EDGE('',*,*,#5728,.T.);
#5728 = EDGE_CURVE('',#5729,#5729,#5731,.T.);
#5729 = VERTEX_POINT('',#5730);
#5730 = CARTESIAN_POINT('',(135.8,-101.5,0.));
#5731 = CIRCLE('',#5732,0.5);
#5732 = AXIS2_PLACEMENT_3D('',#5733,#5734,#5735);
#5733 = CARTESIAN_POINT('',(135.8,-101.,0.));
#5734 = DIRECTION('',(-0.,0.,-1.));
#5735 = DIRECTION('',(-0.,-1.,0.));
#5736 = FACE_BOUND('',#5737,.F.);
#5737 = EDGE_LOOP('',(#5738));
#5738 = ORIENTED_EDGE('',*,*,#5739,.T.);
#5739 = EDGE_CURVE('',#5740,#5740,#5742,.T.);
#5740 = VERTEX_POINT('',#5741);
#5741 = CARTESIAN_POINT('',(150.975,-104.92,0.));
#5742 = CIRCLE('',#5743,0.5);
#5743 = AXIS2_PLACEMENT_3D('',#5744,#5745,#5746);
#5744 = CARTESIAN_POINT('',(150.975,-104.42,0.));
#5745 = DIRECTION('',(-0.,0.,-1.));
#5746 = DIRECTION('',(-0.,-1.,0.));
#5747 = FACE_BOUND('',#5748,.F.);
#5748 = EDGE_LOOP('',(#5749));
#5749 = ORIENTED_EDGE('',*,*,#5750,.T.);
#5750 = EDGE_CURVE('',#5751,#5751,#5753,.T.);
#5751 = VERTEX_POINT('',#5752);
#5752 = CARTESIAN_POINT('',(150.975,-102.38,0.));
#5753 = CIRCLE('',#5754,0.5);
#5754 = AXIS2_PLACEMENT_3D('',#5755,#5756,#5757);
#5755 = CARTESIAN_POINT('',(150.975,-101.88,0.));
#5756 = DIRECTION('',(-0.,0.,-1.));
#5757 = DIRECTION('',(-0.,-1.,0.));
#5758 = FACE_BOUND('',#5759,.F.);
#5759 = EDGE_LOOP('',(#5760));
#5760 = ORIENTED_EDGE('',*,*,#5761,.T.);
#5761 = EDGE_CURVE('',#5762,#5762,#5764,.T.);
#5762 = VERTEX_POINT('',#5763);
#5763 = CARTESIAN_POINT('',(160.05,-120.65,0.));
#5764 = CIRCLE('',#5765,0.85);
#5765 = AXIS2_PLACEMENT_3D('',#5766,#5767,#5768);
#5766 = CARTESIAN_POINT('',(160.05,-119.8,0.));
#5767 = DIRECTION('',(-0.,0.,-1.));
#5768 = DIRECTION('',(-0.,-1.,0.));
#5769 = FACE_BOUND('',#5770,.F.);
#5770 = EDGE_LOOP('',(#5771));
#5771 = ORIENTED_EDGE('',*,*,#5772,.T.);
#5772 = EDGE_CURVE('',#5773,#5773,#5775,.T.);
#5773 = VERTEX_POINT('',#5774);
#5774 = CARTESIAN_POINT('',(157.51,-115.47,0.));
#5775 = CIRCLE('',#5776,0.75);
#5776 = AXIS2_PLACEMENT_3D('',#5777,#5778,#5779);
#5777 = CARTESIAN_POINT('',(157.51,-114.72,0.));
#5778 = DIRECTION('',(-0.,0.,-1.));
#5779 = DIRECTION('',(-0.,-1.,0.));
#5780 = FACE_BOUND('',#5781,.F.);
#5781 = EDGE_LOOP('',(#5782));
#5782 = ORIENTED_EDGE('',*,*,#5783,.T.);
#5783 = EDGE_CURVE('',#5784,#5784,#5786,.T.);
#5784 = VERTEX_POINT('',#5785);
#5785 = CARTESIAN_POINT('',(169.845,-120.65,0.));
#5786 = CIRCLE('',#5787,0.85);
#5787 = AXIS2_PLACEMENT_3D('',#5788,#5789,#5790);
#5788 = CARTESIAN_POINT('',(169.845,-119.8,0.));
#5789 = DIRECTION('',(-0.,0.,-1.));
#5790 = DIRECTION('',(-0.,-1.,0.));
#5791 = FACE_BOUND('',#5792,.F.);
#5792 = EDGE_LOOP('',(#5793));
#5793 = ORIENTED_EDGE('',*,*,#5794,.T.);
#5794 = EDGE_CURVE('',#5795,#5795,#5797,.T.);
#5795 = VERTEX_POINT('',#5796);
#5796 = CARTESIAN_POINT('',(174.925,-121.8,0.));
#5797 = CIRCLE('',#5798,2.);
#5798 = AXIS2_PLACEMENT_3D('',#5799,#5800,#5801);
#5799 = CARTESIAN_POINT('',(174.925,-119.8,0.));
#5800 = DIRECTION('',(-0.,0.,-1.));
#5801 = DIRECTION('',(-0.,-1.,0.));
#5802 = FACE_BOUND('',#5803,.F.);
#5803 = EDGE_LOOP('',(#5804));
#5804 = ORIENTED_EDGE('',*,*,#5805,.T.);
#5805 = EDGE_CURVE('',#5806,#5806,#5808,.T.);
#5806 = VERTEX_POINT('',#5807);
#5807 = CARTESIAN_POINT('',(171.115,-118.01,0.));
#5808 = CIRCLE('',#5809,0.75);
#5809 = AXIS2_PLACEMENT_3D('',#5810,#5811,#5812);
#5810 = CARTESIAN_POINT('',(171.115,-117.26,0.));
#5811 = DIRECTION('',(-0.,0.,-1.));
#5812 = DIRECTION('',(-0.,-1.,0.));
#5813 = FACE_BOUND('',#5814,.F.);
#5814 = EDGE_LOOP('',(#5815));
#5815 = ORIENTED_EDGE('',*,*,#5816,.T.);
#5816 = EDGE_CURVE('',#5817,#5817,#5819,.T.);
#5817 = VERTEX_POINT('',#5818);
#5818 = CARTESIAN_POINT('',(180.005,-120.65,0.));
#5819 = CIRCLE('',#5820,0.85);
#5820 = AXIS2_PLACEMENT_3D('',#5821,#5822,#5823);
#5821 = CARTESIAN_POINT('',(180.005,-119.8,0.));
#5822 = DIRECTION('',(-0.,0.,-1.));
#5823 = DIRECTION('',(-0.,-1.,0.));
#5824 = FACE_BOUND('',#5825,.F.);
#5825 = EDGE_LOOP('',(#5826));
#5826 = ORIENTED_EDGE('',*,*,#5827,.T.);
#5827 = EDGE_CURVE('',#5828,#5828,#5830,.T.);
#5828 = VERTEX_POINT('',#5829);
#5829 = CARTESIAN_POINT('',(177.465,-115.47,0.));
#5830 = CIRCLE('',#5831,0.75);
#5831 = AXIS2_PLACEMENT_3D('',#5832,#5833,#5834);
#5832 = CARTESIAN_POINT('',(177.465,-114.72,0.));
#5833 = DIRECTION('',(-0.,0.,-1.));
#5834 = DIRECTION('',(-0.,-1.,0.));
#5835 = FACE_BOUND('',#5836,.F.);
#5836 = EDGE_LOOP('',(#5837));
#5837 = ORIENTED_EDGE('',*,*,#5838,.T.);
#5838 = EDGE_CURVE('',#5839,#5839,#5841,.T.);
#5839 = VERTEX_POINT('',#5840);
#5840 = CARTESIAN_POINT('',(166.225,-104.92,0.));
#5841 = CIRCLE('',#5842,0.5);
#5842 = AXIS2_PLACEMENT_3D('',#5843,#5844,#5845);
#5843 = CARTESIAN_POINT('',(166.225,-104.42,0.));
#5844 = DIRECTION('',(-0.,0.,-1.));
#5845 = DIRECTION('',(-0.,-1.,0.));
#5846 = FACE_BOUND('',#5847,.F.);
#5847 = EDGE_LOOP('',(#5848));
#5848 = ORIENTED_EDGE('',*,*,#5849,.T.);
#5849 = EDGE_CURVE('',#5850,#5850,#5852,.T.);
#5850 = VERTEX_POINT('',#5851);
#5851 = CARTESIAN_POINT('',(166.225,-102.38,0.));
#5852 = CIRCLE('',#5853,0.5);
#5853 = AXIS2_PLACEMENT_3D('',#5854,#5855,#5856);
#5854 = CARTESIAN_POINT('',(166.225,-101.88,0.));
#5855 = DIRECTION('',(-0.,0.,-1.));
#5856 = DIRECTION('',(-0.,-1.,0.));
#5857 = FACE_BOUND('',#5858,.F.);
#5858 = EDGE_LOOP('',(#5859,#5870,#5878,#5887));
#5859 = ORIENTED_EDGE('',*,*,#5860,.T.);
#5860 = EDGE_CURVE('',#5861,#5863,#5865,.T.);
#5861 = VERTEX_POINT('',#5862);
#5862 = CARTESIAN_POINT('',(135.5,-89.85,0.));
#5863 = VERTEX_POINT('',#5864);
#5864 = CARTESIAN_POINT('',(135.5,-91.35,0.));
#5865 = CIRCLE('',#5866,0.75);
#5866 = AXIS2_PLACEMENT_3D('',#5867,#5868,#5869);
#5867 = CARTESIAN_POINT('',(135.5,-90.6,0.));
#5868 = DIRECTION('',(-0.,0.,-1.));
#5869 = DIRECTION('',(-0.,-1.,0.));
#5870 = ORIENTED_EDGE('',*,*,#5871,.T.);
#5871 = EDGE_CURVE('',#5863,#5872,#5874,.T.);
#5872 = VERTEX_POINT('',#5873);
#5873 = CARTESIAN_POINT('',(134.2,-91.35,0.));
#5874 = LINE('',#5875,#5876);
#5875 = CARTESIAN_POINT('',(67.1,-91.35,0.));
#5876 = VECTOR('',#5877,1.);
#5877 = DIRECTION('',(-1.,0.,0.));
#5878 = ORIENTED_EDGE('',*,*,#5879,.T.);
#5879 = EDGE_CURVE('',#5872,#5880,#5882,.T.);
#5880 = VERTEX_POINT('',#5881);
#5881 = CARTESIAN_POINT('',(134.2,-89.85,0.));
#5882 = CIRCLE('',#5883,0.75);
#5883 = AXIS2_PLACEMENT_3D('',#5884,#5885,#5886);
#5884 = CARTESIAN_POINT('',(134.2,-90.6,0.));
#5885 = DIRECTION('',(-0.,0.,-1.));
#5886 = DIRECTION('',(0.,1.,0.));
#5887 = ORIENTED_EDGE('',*,*,#5888,.T.);
#5888 = EDGE_CURVE('',#5880,#5861,#5889,.T.);
#5889 = LINE('',#5890,#5891);
#5890 = CARTESIAN_POINT('',(67.75,-89.85,0.));
#5891 = VECTOR('',#5892,1.);
#5892 = DIRECTION('',(1.,0.,-0.));
#5893 = FACE_BOUND('',#5894,.F.);
#5894 = EDGE_LOOP('',(#5895));
#5895 = ORIENTED_EDGE('',*,*,#5896,.T.);
#5896 = EDGE_CURVE('',#5897,#5897,#5899,.T.);
#5897 = VERTEX_POINT('',#5898);
#5898 = CARTESIAN_POINT('',(150.975,-99.84,0.));
#5899 = CIRCLE('',#5900,0.5);
#5900 = AXIS2_PLACEMENT_3D('',#5901,#5902,#5903);
#5901 = CARTESIAN_POINT('',(150.975,-99.34,0.));
#5902 = DIRECTION('',(-0.,0.,-1.));
#5903 = DIRECTION('',(-0.,-1.,0.));
#5904 = FACE_BOUND('',#5905,.F.);
#5905 = EDGE_LOOP('',(#5906));
#5906 = ORIENTED_EDGE('',*,*,#5907,.T.);
#5907 = EDGE_CURVE('',#5908,#5908,#5910,.T.);
#5908 = VERTEX_POINT('',#5909);
#5909 = CARTESIAN_POINT('',(150.975,-97.3,0.));
#5910 = CIRCLE('',#5911,0.5);
#5911 = AXIS2_PLACEMENT_3D('',#5912,#5913,#5914);
#5912 = CARTESIAN_POINT('',(150.975,-96.8,0.));
#5913 = DIRECTION('',(-0.,0.,-1.));
#5914 = DIRECTION('',(-0.,-1.,0.));
#5915 = FACE_BOUND('',#5916,.F.);
#5916 = EDGE_LOOP('',(#5917));
#5917 = ORIENTED_EDGE('',*,*,#5918,.T.);
#5918 = EDGE_CURVE('',#5919,#5919,#5921,.T.);
#5919 = VERTEX_POINT('',#5920);
#5920 = CARTESIAN_POINT('',(150.975,-94.76,0.));
#5921 = CIRCLE('',#5922,0.5);
#5922 = AXIS2_PLACEMENT_3D('',#5923,#5924,#5925);
#5923 = CARTESIAN_POINT('',(150.975,-94.26,0.));
#5924 = DIRECTION('',(-0.,0.,-1.));
#5925 = DIRECTION('',(-0.,-1.,0.));
#5926 = FACE_BOUND('',#5927,.F.);
#5927 = EDGE_LOOP('',(#5928));
#5928 = ORIENTED_EDGE('',*,*,#5929,.T.);
#5929 = EDGE_CURVE('',#5930,#5930,#5932,.T.);
#5930 = VERTEX_POINT('',#5931);
#5931 = CARTESIAN_POINT('',(150.975,-92.22,0.));
#5932 = CIRCLE('',#5933,0.5);
#5933 = AXIS2_PLACEMENT_3D('',#5934,#5935,#5936);
#5934 = CARTESIAN_POINT('',(150.975,-91.72,0.));
#5935 = DIRECTION('',(-0.,0.,-1.));
#5936 = DIRECTION('',(-0.,-1.,0.));
#5937 = FACE_BOUND('',#5938,.F.);
#5938 = EDGE_LOOP('',(#5939));
#5939 = ORIENTED_EDGE('',*,*,#5940,.T.);
#5940 = EDGE_CURVE('',#5941,#5941,#5943,.T.);
#5941 = VERTEX_POINT('',#5942);
#5942 = CARTESIAN_POINT('',(127.35,-88.,0.));
#5943 = CIRCLE('',#5944,0.5);
#5944 = AXIS2_PLACEMENT_3D('',#5945,#5946,#5947);
#5945 = CARTESIAN_POINT('',(127.35,-87.5,0.));
#5946 = DIRECTION('',(-0.,0.,-1.));
#5947 = DIRECTION('',(-0.,-1.,0.));
#5948 = FACE_BOUND('',#5949,.F.);
#5949 = EDGE_LOOP('',(#5950));
#5950 = ORIENTED_EDGE('',*,*,#5951,.T.);
#5951 = EDGE_CURVE('',#5952,#5952,#5954,.T.);
#5952 = VERTEX_POINT('',#5953);
#5953 = CARTESIAN_POINT('',(127.35,-85.5,0.));
#5954 = CIRCLE('',#5955,0.5);
#5955 = AXIS2_PLACEMENT_3D('',#5956,#5957,#5958);
#5956 = CARTESIAN_POINT('',(127.35,-85.,0.));
#5957 = DIRECTION('',(-0.,0.,-1.));
#5958 = DIRECTION('',(-0.,-1.,0.));
#5959 = FACE_BOUND('',#5960,.F.);
#5960 = EDGE_LOOP('',(#5961));
#5961 = ORIENTED_EDGE('',*,*,#5962,.T.);
#5962 = EDGE_CURVE('',#5963,#5963,#5965,.T.);
#5963 = VERTEX_POINT('',#5964);
#5964 = CARTESIAN_POINT('',(127.35,-83.,0.));
#5965 = CIRCLE('',#5966,0.5);
#5966 = AXIS2_PLACEMENT_3D('',#5967,#5968,#5969);
#5967 = CARTESIAN_POINT('',(127.35,-82.5,0.));
#5968 = DIRECTION('',(-0.,0.,-1.));
#5969 = DIRECTION('',(-0.,-1.,0.));
#5970 = FACE_BOUND('',#5971,.F.);
#5971 = EDGE_LOOP('',(#5972,#5983,#5991,#6000));
#5972 = ORIENTED_EDGE('',*,*,#5973,.T.);
#5973 = EDGE_CURVE('',#5974,#5976,#5978,.T.);
#5974 = VERTEX_POINT('',#5975);
#5975 = CARTESIAN_POINT('',(135.5,-78.65,0.));
#5976 = VERTEX_POINT('',#5977);
#5977 = CARTESIAN_POINT('',(135.5,-80.15,0.));
#5978 = CIRCLE('',#5979,0.75);
#5979 = AXIS2_PLACEMENT_3D('',#5980,#5981,#5982);
#5980 = CARTESIAN_POINT('',(135.5,-79.4,0.));
#5981 = DIRECTION('',(-0.,0.,-1.));
#5982 = DIRECTION('',(-0.,-1.,0.));
#5983 = ORIENTED_EDGE('',*,*,#5984,.T.);
#5984 = EDGE_CURVE('',#5976,#5985,#5987,.T.);
#5985 = VERTEX_POINT('',#5986);
#5986 = CARTESIAN_POINT('',(134.2,-80.15,0.));
#5987 = LINE('',#5988,#5989);
#5988 = CARTESIAN_POINT('',(67.1,-80.15,0.));
#5989 = VECTOR('',#5990,1.);
#5990 = DIRECTION('',(-1.,0.,0.));
#5991 = ORIENTED_EDGE('',*,*,#5992,.T.);
#5992 = EDGE_CURVE('',#5985,#5993,#5995,.T.);
#5993 = VERTEX_POINT('',#5994);
#5994 = CARTESIAN_POINT('',(134.2,-78.65,0.));
#5995 = CIRCLE('',#5996,0.75);
#5996 = AXIS2_PLACEMENT_3D('',#5997,#5998,#5999);
#5997 = CARTESIAN_POINT('',(134.2,-79.4,0.));
#5998 = DIRECTION('',(-0.,0.,-1.));
#5999 = DIRECTION('',(0.,1.,0.));
#6000 = ORIENTED_EDGE('',*,*,#6001,.T.);
#6001 = EDGE_CURVE('',#5993,#5974,#6002,.T.);
#6002 = LINE('',#6003,#6004);
#6003 = CARTESIAN_POINT('',(67.75,-78.65,0.));
#6004 = VECTOR('',#6005,1.);
#6005 = DIRECTION('',(1.,0.,-0.));
#6006 = FACE_BOUND('',#6007,.F.);
#6007 = EDGE_LOOP('',(#6008));
#6008 = ORIENTED_EDGE('',*,*,#6009,.T.);
#6009 = EDGE_CURVE('',#6010,#6010,#6012,.T.);
#6010 = VERTEX_POINT('',#6011);
#6011 = CARTESIAN_POINT('',(141.85,-88.,0.));
#6012 = CIRCLE('',#6013,0.5);
#6013 = AXIS2_PLACEMENT_3D('',#6014,#6015,#6016);
#6014 = CARTESIAN_POINT('',(141.85,-87.5,0.));
#6015 = DIRECTION('',(-0.,0.,-1.));
#6016 = DIRECTION('',(-0.,-1.,0.));
#6017 = FACE_BOUND('',#6018,.F.);
#6018 = EDGE_LOOP('',(#6019));
#6019 = ORIENTED_EDGE('',*,*,#6020,.T.);
#6020 = EDGE_CURVE('',#6021,#6021,#6023,.T.);
#6021 = VERTEX_POINT('',#6022);
#6022 = CARTESIAN_POINT('',(150.975,-89.68,0.));
#6023 = CIRCLE('',#6024,0.5);
#6024 = AXIS2_PLACEMENT_3D('',#6025,#6026,#6027);
#6025 = CARTESIAN_POINT('',(150.975,-89.18,0.));
#6026 = DIRECTION('',(-0.,0.,-1.));
#6027 = DIRECTION('',(-0.,-1.,0.));
#6028 = FACE_BOUND('',#6029,.F.);
#6029 = EDGE_LOOP('',(#6030));
#6030 = ORIENTED_EDGE('',*,*,#6031,.T.);
#6031 = EDGE_CURVE('',#6032,#6032,#6034,.T.);
#6032 = VERTEX_POINT('',#6033);
#6033 = CARTESIAN_POINT('',(141.85,-83.,0.));
#6034 = CIRCLE('',#6035,0.5);
#6035 = AXIS2_PLACEMENT_3D('',#6036,#6037,#6038);
#6036 = CARTESIAN_POINT('',(141.85,-82.5,0.));
#6037 = DIRECTION('',(-0.,0.,-1.));
#6038 = DIRECTION('',(-0.,-1.,0.));
#6039 = FACE_BOUND('',#6040,.F.);
#6040 = EDGE_LOOP('',(#6041));
#6041 = ORIENTED_EDGE('',*,*,#6042,.T.);
#6042 = EDGE_CURVE('',#6043,#6043,#6045,.T.);
#6043 = VERTEX_POINT('',#6044);
#6044 = CARTESIAN_POINT('',(166.225,-99.84,0.));
#6045 = CIRCLE('',#6046,0.5);
#6046 = AXIS2_PLACEMENT_3D('',#6047,#6048,#6049);
#6047 = CARTESIAN_POINT('',(166.225,-99.34,0.));
#6048 = DIRECTION('',(-0.,0.,-1.));
#6049 = DIRECTION('',(-0.,-1.,0.));
#6050 = FACE_BOUND('',#6051,.F.);
#6051 = EDGE_LOOP('',(#6052));
#6052 = ORIENTED_EDGE('',*,*,#6053,.T.);
#6053 = EDGE_CURVE('',#6054,#6054,#6056,.T.);
#6054 = VERTEX_POINT('',#6055);
#6055 = CARTESIAN_POINT('',(166.225,-97.3,0.));
#6056 = CIRCLE('',#6057,0.5);
#6057 = AXIS2_PLACEMENT_3D('',#6058,#6059,#6060);
#6058 = CARTESIAN_POINT('',(166.225,-96.8,0.));
#6059 = DIRECTION('',(-0.,0.,-1.));
#6060 = DIRECTION('',(-0.,-1.,0.));
#6061 = FACE_BOUND('',#6062,.F.);
#6062 = EDGE_LOOP('',(#6063));
#6063 = ORIENTED_EDGE('',*,*,#6064,.T.);
#6064 = EDGE_CURVE('',#6065,#6065,#6067,.T.);
#6065 = VERTEX_POINT('',#6066);
#6066 = CARTESIAN_POINT('',(166.225,-94.76,0.));
#6067 = CIRCLE('',#6068,0.5);
#6068 = AXIS2_PLACEMENT_3D('',#6069,#6070,#6071);
#6069 = CARTESIAN_POINT('',(166.225,-94.26,0.));
#6070 = DIRECTION('',(-0.,0.,-1.));
#6071 = DIRECTION('',(-0.,-1.,0.));
#6072 = FACE_BOUND('',#6073,.F.);
#6073 = EDGE_LOOP('',(#6074));
#6074 = ORIENTED_EDGE('',*,*,#6075,.T.);
#6075 = EDGE_CURVE('',#6076,#6076,#6078,.T.);
#6076 = VERTEX_POINT('',#6077);
#6077 = CARTESIAN_POINT('',(166.225,-92.22,0.));
#6078 = CIRCLE('',#6079,0.5);
#6079 = AXIS2_PLACEMENT_3D('',#6080,#6081,#6082);
#6080 = CARTESIAN_POINT('',(166.225,-91.72,0.));
#6081 = DIRECTION('',(-0.,0.,-1.));
#6082 = DIRECTION('',(-0.,-1.,0.));
#6083 = FACE_BOUND('',#6084,.F.);
#6084 = EDGE_LOOP('',(#6085));
#6085 = ORIENTED_EDGE('',*,*,#6086,.T.);
#6086 = EDGE_CURVE('',#6087,#6087,#6089,.T.);
#6087 = VERTEX_POINT('',#6088);
#6088 = CARTESIAN_POINT('',(182.8,-90.78,0.));
#6089 = CIRCLE('',#6090,0.5);
#6090 = AXIS2_PLACEMENT_3D('',#6091,#6092,#6093);
#6091 = CARTESIAN_POINT('',(182.8,-90.28,0.));
#6092 = DIRECTION('',(-0.,0.,-1.));
#6093 = DIRECTION('',(-0.,-1.,0.));
#6094 = FACE_BOUND('',#6095,.F.);
#6095 = EDGE_LOOP('',(#6096));
#6096 = ORIENTED_EDGE('',*,*,#6097,.T.);
#6097 = EDGE_CURVE('',#6098,#6098,#6100,.T.);
#6098 = VERTEX_POINT('',#6099);
#6099 = CARTESIAN_POINT('',(166.225,-89.68,0.));
#6100 = CIRCLE('',#6101,0.5);
#6101 = AXIS2_PLACEMENT_3D('',#6102,#6103,#6104);
#6102 = CARTESIAN_POINT('',(166.225,-89.18,0.));
#6103 = DIRECTION('',(-0.,0.,-1.));
#6104 = DIRECTION('',(-0.,-1.,0.));
#6105 = FACE_BOUND('',#6106,.F.);
#6106 = EDGE_LOOP('',(#6107));
#6107 = ORIENTED_EDGE('',*,*,#6108,.T.);
#6108 = EDGE_CURVE('',#6109,#6109,#6111,.T.);
#6109 = VERTEX_POINT('',#6110);
#6110 = CARTESIAN_POINT('',(182.8,-88.24,0.));
#6111 = CIRCLE('',#6112,0.5);
#6112 = AXIS2_PLACEMENT_3D('',#6113,#6114,#6115);
#6113 = CARTESIAN_POINT('',(182.8,-87.74,0.));
#6114 = DIRECTION('',(-0.,0.,-1.));
#6115 = DIRECTION('',(-0.,-1.,0.));
#6116 = FACE_BOUND('',#6117,.F.);
#6117 = EDGE_LOOP('',(#6118));
#6118 = ORIENTED_EDGE('',*,*,#6119,.T.);
#6119 = EDGE_CURVE('',#6120,#6120,#6122,.T.);
#6120 = VERTEX_POINT('',#6121);
#6121 = CARTESIAN_POINT('',(182.8,-85.7,0.));
#6122 = CIRCLE('',#6123,0.5);
#6123 = AXIS2_PLACEMENT_3D('',#6124,#6125,#6126);
#6124 = CARTESIAN_POINT('',(182.8,-85.2,0.));
#6125 = DIRECTION('',(-0.,0.,-1.));
#6126 = DIRECTION('',(-0.,-1.,0.));
#6127 = FACE_BOUND('',#6128,.F.);
#6128 = EDGE_LOOP('',(#6129));
#6129 = ORIENTED_EDGE('',*,*,#6130,.T.);
#6130 = EDGE_CURVE('',#6131,#6131,#6133,.T.);
#6131 = VERTEX_POINT('',#6132);
#6132 = CARTESIAN_POINT('',(182.8,-83.16,0.));
#6133 = CIRCLE('',#6134,0.5);
#6134 = AXIS2_PLACEMENT_3D('',#6135,#6136,#6137);
#6135 = CARTESIAN_POINT('',(182.8,-82.66,0.));
#6136 = DIRECTION('',(-0.,0.,-1.));
#6137 = DIRECTION('',(-0.,-1.,0.));
#6138 = PLANE('',#6139);
#6139 = AXIS2_PLACEMENT_3D('',#6140,#6141,#6142);
#6140 = CARTESIAN_POINT('',(0.,0.,0.));
#6141 = DIRECTION('',(0.,0.,1.));
#6142 = DIRECTION('',(1.,0.,-0.));
#6143 = ADVANCED_FACE('',(#6144,#6155,#6166,#6177,#6188,#6199,#6210,
    #6221,#6232,#6243,#6254,#6265,#6276,#6287,#6298,#6309,#6320,#6331,
    #6342,#6353,#6364,#6375,#6386,#6422,#6433,#6444,#6455,#6466,#6477,
    #6488,#6499,#6535,#6546,#6557,#6568,#6579,#6590,#6601,#6612,#6623,
    #6634,#6645,#6656),#6667,.T.);
#6144 = FACE_BOUND('',#6145,.T.);
#6145 = EDGE_LOOP('',(#6146,#6147,#6148,#6154));
#6146 = ORIENTED_EDGE('',*,*,#5526,.F.);
#6147 = ORIENTED_EDGE('',*,*,#5566,.F.);
#6148 = ORIENTED_EDGE('',*,*,#6149,.F.);
#6149 = EDGE_CURVE('',#5589,#5559,#6150,.T.);
#6150 = LINE('',#6151,#6152);
#6151 = CARTESIAN_POINT('',(124.8,-76.,1.51));
#6152 = VECTOR('',#6153,1.);
#6153 = DIRECTION('',(1.,0.,0.));
#6154 = ORIENTED_EDGE('',*,*,#5588,.F.);
#6155 = FACE_BOUND('',#6156,.T.);
#6156 = EDGE_LOOP('',(#6157));
#6157 = ORIENTED_EDGE('',*,*,#6158,.T.);
#6158 = EDGE_CURVE('',#6159,#6159,#6161,.T.);
#6159 = VERTEX_POINT('',#6160);
#6160 = CARTESIAN_POINT('',(129.995,-120.625,1.51));
#6161 = CIRCLE('',#6162,0.85);
#6162 = AXIS2_PLACEMENT_3D('',#6163,#6164,#6165);
#6163 = CARTESIAN_POINT('',(129.995,-119.775,1.51));
#6164 = DIRECTION('',(-0.,0.,-1.));
#6165 = DIRECTION('',(-0.,-1.,0.));
#6166 = FACE_BOUND('',#6167,.T.);
#6167 = EDGE_LOOP('',(#6168));
#6168 = ORIENTED_EDGE('',*,*,#6169,.T.);
#6169 = EDGE_CURVE('',#6170,#6170,#6172,.T.);
#6170 = VERTEX_POINT('',#6171);
#6171 = CARTESIAN_POINT('',(131.265,-117.985,1.51));
#6172 = CIRCLE('',#6173,0.75);
#6173 = AXIS2_PLACEMENT_3D('',#6174,#6175,#6176);
#6174 = CARTESIAN_POINT('',(131.265,-117.235,1.51));
#6175 = DIRECTION('',(-0.,0.,-1.));
#6176 = DIRECTION('',(-0.,-1.,0.));
#6177 = FACE_BOUND('',#6178,.T.);
#6178 = EDGE_LOOP('',(#6179));
#6179 = ORIENTED_EDGE('',*,*,#6180,.T.);
#6180 = EDGE_CURVE('',#6181,#6181,#6183,.T.);
#6181 = VERTEX_POINT('',#6182);
#6182 = CARTESIAN_POINT('',(135.075,-121.775,1.51));
#6183 = CIRCLE('',#6184,2.);
#6184 = AXIS2_PLACEMENT_3D('',#6185,#6186,#6187);
#6185 = CARTESIAN_POINT('',(135.075,-119.775,1.51));
#6186 = DIRECTION('',(-0.,0.,-1.));
#6187 = DIRECTION('',(-0.,-1.,0.));
#6188 = FACE_BOUND('',#6189,.T.);
#6189 = EDGE_LOOP('',(#6190));
#6190 = ORIENTED_EDGE('',*,*,#6191,.T.);
#6191 = EDGE_CURVE('',#6192,#6192,#6194,.T.);
#6192 = VERTEX_POINT('',#6193);
#6193 = CARTESIAN_POINT('',(140.155,-120.625,1.51));
#6194 = CIRCLE('',#6195,0.85);
#6195 = AXIS2_PLACEMENT_3D('',#6196,#6197,#6198);
#6196 = CARTESIAN_POINT('',(140.155,-119.775,1.51));
#6197 = DIRECTION('',(-0.,0.,-1.));
#6198 = DIRECTION('',(-0.,-1.,0.));
#6199 = FACE_BOUND('',#6200,.T.);
#6200 = EDGE_LOOP('',(#6201));
#6201 = ORIENTED_EDGE('',*,*,#6202,.T.);
#6202 = EDGE_CURVE('',#6203,#6203,#6205,.T.);
#6203 = VERTEX_POINT('',#6204);
#6204 = CARTESIAN_POINT('',(137.615,-115.445,1.51));
#6205 = CIRCLE('',#6206,0.75);
#6206 = AXIS2_PLACEMENT_3D('',#6207,#6208,#6209);
#6207 = CARTESIAN_POINT('',(137.615,-114.695,1.51));
#6208 = DIRECTION('',(-0.,0.,-1.));
#6209 = DIRECTION('',(-0.,-1.,0.));
#6210 = FACE_BOUND('',#6211,.T.);
#6211 = EDGE_LOOP('',(#6212));
#6212 = ORIENTED_EDGE('',*,*,#6213,.T.);
#6213 = EDGE_CURVE('',#6214,#6214,#6216,.T.);
#6214 = VERTEX_POINT('',#6215);
#6215 = CARTESIAN_POINT('',(149.89,-120.65,1.51));
#6216 = CIRCLE('',#6217,0.85);
#6217 = AXIS2_PLACEMENT_3D('',#6218,#6219,#6220);
#6218 = CARTESIAN_POINT('',(149.89,-119.8,1.51));
#6219 = DIRECTION('',(-0.,0.,-1.));
#6220 = DIRECTION('',(-0.,-1.,0.));
#6221 = FACE_BOUND('',#6222,.T.);
#6222 = EDGE_LOOP('',(#6223));
#6223 = ORIENTED_EDGE('',*,*,#6224,.T.);
#6224 = EDGE_CURVE('',#6225,#6225,#6227,.T.);
#6225 = VERTEX_POINT('',#6226);
#6226 = CARTESIAN_POINT('',(154.97,-121.8,1.51));
#6227 = CIRCLE('',#6228,2.);
#6228 = AXIS2_PLACEMENT_3D('',#6229,#6230,#6231);
#6229 = CARTESIAN_POINT('',(154.97,-119.8,1.51));
#6230 = DIRECTION('',(-0.,0.,-1.));
#6231 = DIRECTION('',(-0.,-1.,0.));
#6232 = FACE_BOUND('',#6233,.T.);
#6233 = EDGE_LOOP('',(#6234));
#6234 = ORIENTED_EDGE('',*,*,#6235,.T.);
#6235 = EDGE_CURVE('',#6236,#6236,#6238,.T.);
#6236 = VERTEX_POINT('',#6237);
#6237 = CARTESIAN_POINT('',(151.16,-118.01,1.51));
#6238 = CIRCLE('',#6239,0.75);
#6239 = AXIS2_PLACEMENT_3D('',#6240,#6241,#6242);
#6240 = CARTESIAN_POINT('',(151.16,-117.26,1.51));
#6241 = DIRECTION('',(-0.,0.,-1.));
#6242 = DIRECTION('',(-0.,-1.,0.));
#6243 = FACE_BOUND('',#6244,.T.);
#6244 = EDGE_LOOP('',(#6245));
#6245 = ORIENTED_EDGE('',*,*,#6246,.T.);
#6246 = EDGE_CURVE('',#6247,#6247,#6249,.T.);
#6247 = VERTEX_POINT('',#6248);
#6248 = CARTESIAN_POINT('',(128.2,-101.5,1.51));
#6249 = CIRCLE('',#6250,0.5);
#6250 = AXIS2_PLACEMENT_3D('',#6251,#6252,#6253);
#6251 = CARTESIAN_POINT('',(128.2,-101.,1.51));
#6252 = DIRECTION('',(-0.,0.,-1.));
#6253 = DIRECTION('',(-0.,-1.,0.));
#6254 = FACE_BOUND('',#6255,.T.);
#6255 = EDGE_LOOP('',(#6256));
#6256 = ORIENTED_EDGE('',*,*,#6257,.T.);
#6257 = EDGE_CURVE('',#6258,#6258,#6260,.T.);
#6258 = VERTEX_POINT('',#6259);
#6259 = CARTESIAN_POINT('',(135.8,-101.5,1.51));
#6260 = CIRCLE('',#6261,0.5);
#6261 = AXIS2_PLACEMENT_3D('',#6262,#6263,#6264);
#6262 = CARTESIAN_POINT('',(135.8,-101.,1.51));
#6263 = DIRECTION('',(-0.,0.,-1.));
#6264 = DIRECTION('',(-0.,-1.,0.));
#6265 = FACE_BOUND('',#6266,.T.);
#6266 = EDGE_LOOP('',(#6267));
#6267 = ORIENTED_EDGE('',*,*,#6268,.T.);
#6268 = EDGE_CURVE('',#6269,#6269,#6271,.T.);
#6269 = VERTEX_POINT('',#6270);
#6270 = CARTESIAN_POINT('',(150.975,-104.92,1.51));
#6271 = CIRCLE('',#6272,0.5);
#6272 = AXIS2_PLACEMENT_3D('',#6273,#6274,#6275);
#6273 = CARTESIAN_POINT('',(150.975,-104.42,1.51));
#6274 = DIRECTION('',(-0.,0.,-1.));
#6275 = DIRECTION('',(-0.,-1.,0.));
#6276 = FACE_BOUND('',#6277,.T.);
#6277 = EDGE_LOOP('',(#6278));
#6278 = ORIENTED_EDGE('',*,*,#6279,.T.);
#6279 = EDGE_CURVE('',#6280,#6280,#6282,.T.);
#6280 = VERTEX_POINT('',#6281);
#6281 = CARTESIAN_POINT('',(150.975,-102.38,1.51));
#6282 = CIRCLE('',#6283,0.5);
#6283 = AXIS2_PLACEMENT_3D('',#6284,#6285,#6286);
#6284 = CARTESIAN_POINT('',(150.975,-101.88,1.51));
#6285 = DIRECTION('',(-0.,0.,-1.));
#6286 = DIRECTION('',(-0.,-1.,0.));
#6287 = FACE_BOUND('',#6288,.T.);
#6288 = EDGE_LOOP('',(#6289));
#6289 = ORIENTED_EDGE('',*,*,#6290,.T.);
#6290 = EDGE_CURVE('',#6291,#6291,#6293,.T.);
#6291 = VERTEX_POINT('',#6292);
#6292 = CARTESIAN_POINT('',(160.05,-120.65,1.51));
#6293 = CIRCLE('',#6294,0.85);
#6294 = AXIS2_PLACEMENT_3D('',#6295,#6296,#6297);
#6295 = CARTESIAN_POINT('',(160.05,-119.8,1.51));
#6296 = DIRECTION('',(-0.,0.,-1.));
#6297 = DIRECTION('',(-0.,-1.,0.));
#6298 = FACE_BOUND('',#6299,.T.);
#6299 = EDGE_LOOP('',(#6300));
#6300 = ORIENTED_EDGE('',*,*,#6301,.T.);
#6301 = EDGE_CURVE('',#6302,#6302,#6304,.T.);
#6302 = VERTEX_POINT('',#6303);
#6303 = CARTESIAN_POINT('',(157.51,-115.47,1.51));
#6304 = CIRCLE('',#6305,0.75);
#6305 = AXIS2_PLACEMENT_3D('',#6306,#6307,#6308);
#6306 = CARTESIAN_POINT('',(157.51,-114.72,1.51));
#6307 = DIRECTION('',(-0.,0.,-1.));
#6308 = DIRECTION('',(-0.,-1.,0.));
#6309 = FACE_BOUND('',#6310,.T.);
#6310 = EDGE_LOOP('',(#6311));
#6311 = ORIENTED_EDGE('',*,*,#6312,.T.);
#6312 = EDGE_CURVE('',#6313,#6313,#6315,.T.);
#6313 = VERTEX_POINT('',#6314);
#6314 = CARTESIAN_POINT('',(169.845,-120.65,1.51));
#6315 = CIRCLE('',#6316,0.85);
#6316 = AXIS2_PLACEMENT_3D('',#6317,#6318,#6319);
#6317 = CARTESIAN_POINT('',(169.845,-119.8,1.51));
#6318 = DIRECTION('',(-0.,0.,-1.));
#6319 = DIRECTION('',(-0.,-1.,0.));
#6320 = FACE_BOUND('',#6321,.T.);
#6321 = EDGE_LOOP('',(#6322));
#6322 = ORIENTED_EDGE('',*,*,#6323,.T.);
#6323 = EDGE_CURVE('',#6324,#6324,#6326,.T.);
#6324 = VERTEX_POINT('',#6325);
#6325 = CARTESIAN_POINT('',(174.925,-121.8,1.51));
#6326 = CIRCLE('',#6327,2.);
#6327 = AXIS2_PLACEMENT_3D('',#6328,#6329,#6330);
#6328 = CARTESIAN_POINT('',(174.925,-119.8,1.51));
#6329 = DIRECTION('',(-0.,0.,-1.));
#6330 = DIRECTION('',(-0.,-1.,0.));
#6331 = FACE_BOUND('',#6332,.T.);
#6332 = EDGE_LOOP('',(#6333));
#6333 = ORIENTED_EDGE('',*,*,#6334,.T.);
#6334 = EDGE_CURVE('',#6335,#6335,#6337,.T.);
#6335 = VERTEX_POINT('',#6336);
#6336 = CARTESIAN_POINT('',(171.115,-118.01,1.51));
#6337 = CIRCLE('',#6338,0.75);
#6338 = AXIS2_PLACEMENT_3D('',#6339,#6340,#6341);
#6339 = CARTESIAN_POINT('',(171.115,-117.26,1.51));
#6340 = DIRECTION('',(-0.,0.,-1.));
#6341 = DIRECTION('',(-0.,-1.,0.));
#6342 = FACE_BOUND('',#6343,.T.);
#6343 = EDGE_LOOP('',(#6344));
#6344 = ORIENTED_EDGE('',*,*,#6345,.T.);
#6345 = EDGE_CURVE('',#6346,#6346,#6348,.T.);
#6346 = VERTEX_POINT('',#6347);
#6347 = CARTESIAN_POINT('',(180.005,-120.65,1.51));
#6348 = CIRCLE('',#6349,0.85);
#6349 = AXIS2_PLACEMENT_3D('',#6350,#6351,#6352);
#6350 = CARTESIAN_POINT('',(180.005,-119.8,1.51));
#6351 = DIRECTION('',(-0.,0.,-1.));
#6352 = DIRECTION('',(-0.,-1.,0.));
#6353 = FACE_BOUND('',#6354,.T.);
#6354 = EDGE_LOOP('',(#6355));
#6355 = ORIENTED_EDGE('',*,*,#6356,.T.);
#6356 = EDGE_CURVE('',#6357,#6357,#6359,.T.);
#6357 = VERTEX_POINT('',#6358);
#6358 = CARTESIAN_POINT('',(177.465,-115.47,1.51));
#6359 = CIRCLE('',#6360,0.75);
#6360 = AXIS2_PLACEMENT_3D('',#6361,#6362,#6363);
#6361 = CARTESIAN_POINT('',(177.465,-114.72,1.51));
#6362 = DIRECTION('',(-0.,0.,-1.));
#6363 = DIRECTION('',(-0.,-1.,0.));
#6364 = FACE_BOUND('',#6365,.T.);
#6365 = EDGE_LOOP('',(#6366));
#6366 = ORIENTED_EDGE('',*,*,#6367,.T.);
#6367 = EDGE_CURVE('',#6368,#6368,#6370,.T.);
#6368 = VERTEX_POINT('',#6369);
#6369 = CARTESIAN_POINT('',(166.225,-104.92,1.51));
#6370 = CIRCLE('',#6371,0.5);
#6371 = AXIS2_PLACEMENT_3D('',#6372,#6373,#6374);
#6372 = CARTESIAN_POINT('',(166.225,-104.42,1.51));
#6373 = DIRECTION('',(-0.,0.,-1.));
#6374 = DIRECTION('',(-0.,-1.,0.));
#6375 = FACE_BOUND('',#6376,.T.);
#6376 = EDGE_LOOP('',(#6377));
#6377 = ORIENTED_EDGE('',*,*,#6378,.T.);
#6378 = EDGE_CURVE('',#6379,#6379,#6381,.T.);
#6379 = VERTEX_POINT('',#6380);
#6380 = CARTESIAN_POINT('',(166.225,-102.38,1.51));
#6381 = CIRCLE('',#6382,0.5);
#6382 = AXIS2_PLACEMENT_3D('',#6383,#6384,#6385);
#6383 = CARTESIAN_POINT('',(166.225,-101.88,1.51));
#6384 = DIRECTION('',(-0.,0.,-1.));
#6385 = DIRECTION('',(-0.,-1.,0.));
#6386 = FACE_BOUND('',#6387,.T.);
#6387 = EDGE_LOOP('',(#6388,#6399,#6407,#6416));
#6388 = ORIENTED_EDGE('',*,*,#6389,.T.);
#6389 = EDGE_CURVE('',#6390,#6392,#6394,.T.);
#6390 = VERTEX_POINT('',#6391);
#6391 = CARTESIAN_POINT('',(135.5,-89.85,1.51));
#6392 = VERTEX_POINT('',#6393);
#6393 = CARTESIAN_POINT('',(135.5,-91.35,1.51));
#6394 = CIRCLE('',#6395,0.75);
#6395 = AXIS2_PLACEMENT_3D('',#6396,#6397,#6398);
#6396 = CARTESIAN_POINT('',(135.5,-90.6,1.51));
#6397 = DIRECTION('',(-0.,0.,-1.));
#6398 = DIRECTION('',(-0.,-1.,0.));
#6399 = ORIENTED_EDGE('',*,*,#6400,.T.);
#6400 = EDGE_CURVE('',#6392,#6401,#6403,.T.);
#6401 = VERTEX_POINT('',#6402);
#6402 = CARTESIAN_POINT('',(134.2,-91.35,1.51));
#6403 = LINE('',#6404,#6405);
#6404 = CARTESIAN_POINT('',(67.1,-91.35,1.51));
#6405 = VECTOR('',#6406,1.);
#6406 = DIRECTION('',(-1.,0.,0.));
#6407 = ORIENTED_EDGE('',*,*,#6408,.T.);
#6408 = EDGE_CURVE('',#6401,#6409,#6411,.T.);
#6409 = VERTEX_POINT('',#6410);
#6410 = CARTESIAN_POINT('',(134.2,-89.85,1.51));
#6411 = CIRCLE('',#6412,0.75);
#6412 = AXIS2_PLACEMENT_3D('',#6413,#6414,#6415);
#6413 = CARTESIAN_POINT('',(134.2,-90.6,1.51));
#6414 = DIRECTION('',(-0.,0.,-1.));
#6415 = DIRECTION('',(0.,1.,0.));
#6416 = ORIENTED_EDGE('',*,*,#6417,.T.);
#6417 = EDGE_CURVE('',#6409,#6390,#6418,.T.);
#6418 = LINE('',#6419,#6420);
#6419 = CARTESIAN_POINT('',(67.75,-89.85,1.51));
#6420 = VECTOR('',#6421,1.);
#6421 = DIRECTION('',(1.,0.,-0.));
#6422 = FACE_BOUND('',#6423,.T.);
#6423 = EDGE_LOOP('',(#6424));
#6424 = ORIENTED_EDGE('',*,*,#6425,.T.);
#6425 = EDGE_CURVE('',#6426,#6426,#6428,.T.);
#6426 = VERTEX_POINT('',#6427);
#6427 = CARTESIAN_POINT('',(150.975,-99.84,1.51));
#6428 = CIRCLE('',#6429,0.5);
#6429 = AXIS2_PLACEMENT_3D('',#6430,#6431,#6432);
#6430 = CARTESIAN_POINT('',(150.975,-99.34,1.51));
#6431 = DIRECTION('',(-0.,0.,-1.));
#6432 = DIRECTION('',(-0.,-1.,0.));
#6433 = FACE_BOUND('',#6434,.T.);
#6434 = EDGE_LOOP('',(#6435));
#6435 = ORIENTED_EDGE('',*,*,#6436,.T.);
#6436 = EDGE_CURVE('',#6437,#6437,#6439,.T.);
#6437 = VERTEX_POINT('',#6438);
#6438 = CARTESIAN_POINT('',(150.975,-97.3,1.51));
#6439 = CIRCLE('',#6440,0.5);
#6440 = AXIS2_PLACEMENT_3D('',#6441,#6442,#6443);
#6441 = CARTESIAN_POINT('',(150.975,-96.8,1.51));
#6442 = DIRECTION('',(-0.,0.,-1.));
#6443 = DIRECTION('',(-0.,-1.,0.));
#6444 = FACE_BOUND('',#6445,.T.);
#6445 = EDGE_LOOP('',(#6446));
#6446 = ORIENTED_EDGE('',*,*,#6447,.T.);
#6447 = EDGE_CURVE('',#6448,#6448,#6450,.T.);
#6448 = VERTEX_POINT('',#6449);
#6449 = CARTESIAN_POINT('',(150.975,-94.76,1.51));
#6450 = CIRCLE('',#6451,0.5);
#6451 = AXIS2_PLACEMENT_3D('',#6452,#6453,#6454);
#6452 = CARTESIAN_POINT('',(150.975,-94.26,1.51));
#6453 = DIRECTION('',(-0.,0.,-1.));
#6454 = DIRECTION('',(-0.,-1.,0.));
#6455 = FACE_BOUND('',#6456,.T.);
#6456 = EDGE_LOOP('',(#6457));
#6457 = ORIENTED_EDGE('',*,*,#6458,.T.);
#6458 = EDGE_CURVE('',#6459,#6459,#6461,.T.);
#6459 = VERTEX_POINT('',#6460);
#6460 = CARTESIAN_POINT('',(150.975,-92.22,1.51));
#6461 = CIRCLE('',#6462,0.5);
#6462 = AXIS2_PLACEMENT_3D('',#6463,#6464,#6465);
#6463 = CARTESIAN_POINT('',(150.975,-91.72,1.51));
#6464 = DIRECTION('',(-0.,0.,-1.));
#6465 = DIRECTION('',(-0.,-1.,0.));
#6466 = FACE_BOUND('',#6467,.T.);
#6467 = EDGE_LOOP('',(#6468));
#6468 = ORIENTED_EDGE('',*,*,#6469,.T.);
#6469 = EDGE_CURVE('',#6470,#6470,#6472,.T.);
#6470 = VERTEX_POINT('',#6471);
#6471 = CARTESIAN_POINT('',(127.35,-88.,1.51));
#6472 = CIRCLE('',#6473,0.5);
#6473 = AXIS2_PLACEMENT_3D('',#6474,#6475,#6476);
#6474 = CARTESIAN_POINT('',(127.35,-87.5,1.51));
#6475 = DIRECTION('',(-0.,0.,-1.));
#6476 = DIRECTION('',(-0.,-1.,0.));
#6477 = FACE_BOUND('',#6478,.T.);
#6478 = EDGE_LOOP('',(#6479));
#6479 = ORIENTED_EDGE('',*,*,#6480,.T.);
#6480 = EDGE_CURVE('',#6481,#6481,#6483,.T.);
#6481 = VERTEX_POINT('',#6482);
#6482 = CARTESIAN_POINT('',(127.35,-85.5,1.51));
#6483 = CIRCLE('',#6484,0.5);
#6484 = AXIS2_PLACEMENT_3D('',#6485,#6486,#6487);
#6485 = CARTESIAN_POINT('',(127.35,-85.,1.51));
#6486 = DIRECTION('',(-0.,0.,-1.));
#6487 = DIRECTION('',(-0.,-1.,0.));
#6488 = FACE_BOUND('',#6489,.T.);
#6489 = EDGE_LOOP('',(#6490));
#6490 = ORIENTED_EDGE('',*,*,#6491,.T.);
#6491 = EDGE_CURVE('',#6492,#6492,#6494,.T.);
#6492 = VERTEX_POINT('',#6493);
#6493 = CARTESIAN_POINT('',(127.35,-83.,1.51));
#6494 = CIRCLE('',#6495,0.5);
#6495 = AXIS2_PLACEMENT_3D('',#6496,#6497,#6498);
#6496 = CARTESIAN_POINT('',(127.35,-82.5,1.51));
#6497 = DIRECTION('',(-0.,0.,-1.));
#6498 = DIRECTION('',(-0.,-1.,0.));
#6499 = FACE_BOUND('',#6500,.T.);
#6500 = EDGE_LOOP('',(#6501,#6512,#6520,#6529));
#6501 = ORIENTED_EDGE('',*,*,#6502,.T.);
#6502 = EDGE_CURVE('',#6503,#6505,#6507,.T.);
#6503 = VERTEX_POINT('',#6504);
#6504 = CARTESIAN_POINT('',(135.5,-78.65,1.51));
#6505 = VERTEX_POINT('',#6506);
#6506 = CARTESIAN_POINT('',(135.5,-80.15,1.51));
#6507 = CIRCLE('',#6508,0.75);
#6508 = AXIS2_PLACEMENT_3D('',#6509,#6510,#6511);
#6509 = CARTESIAN_POINT('',(135.5,-79.4,1.51));
#6510 = DIRECTION('',(-0.,0.,-1.));
#6511 = DIRECTION('',(-0.,-1.,0.));
#6512 = ORIENTED_EDGE('',*,*,#6513,.T.);
#6513 = EDGE_CURVE('',#6505,#6514,#6516,.T.);
#6514 = VERTEX_POINT('',#6515);
#6515 = CARTESIAN_POINT('',(134.2,-80.15,1.51));
#6516 = LINE('',#6517,#6518);
#6517 = CARTESIAN_POINT('',(67.1,-80.15,1.51));
#6518 = VECTOR('',#6519,1.);
#6519 = DIRECTION('',(-1.,0.,0.));
#6520 = ORIENTED_EDGE('',*,*,#6521,.T.);
#6521 = EDGE_CURVE('',#6514,#6522,#6524,.T.);
#6522 = VERTEX_POINT('',#6523);
#6523 = CARTESIAN_POINT('',(134.2,-78.65,1.51));
#6524 = CIRCLE('',#6525,0.75);
#6525 = AXIS2_PLACEMENT_3D('',#6526,#6527,#6528);
#6526 = CARTESIAN_POINT('',(134.2,-79.4,1.51));
#6527 = DIRECTION('',(-0.,0.,-1.));
#6528 = DIRECTION('',(0.,1.,0.));
#6529 = ORIENTED_EDGE('',*,*,#6530,.T.);
#6530 = EDGE_CURVE('',#6522,#6503,#6531,.T.);
#6531 = LINE('',#6532,#6533);
#6532 = CARTESIAN_POINT('',(67.75,-78.65,1.51));
#6533 = VECTOR('',#6534,1.);
#6534 = DIRECTION('',(1.,0.,-0.));
#6535 = FACE_BOUND('',#6536,.T.);
#6536 = EDGE_LOOP('',(#6537));
#6537 = ORIENTED_EDGE('',*,*,#6538,.T.);
#6538 = EDGE_CURVE('',#6539,#6539,#6541,.T.);
#6539 = VERTEX_POINT('',#6540);
#6540 = CARTESIAN_POINT('',(141.85,-88.,1.51));
#6541 = CIRCLE('',#6542,0.5);
#6542 = AXIS2_PLACEMENT_3D('',#6543,#6544,#6545);
#6543 = CARTESIAN_POINT('',(141.85,-87.5,1.51));
#6544 = DIRECTION('',(-0.,0.,-1.));
#6545 = DIRECTION('',(-0.,-1.,0.));
#6546 = FACE_BOUND('',#6547,.T.);
#6547 = EDGE_LOOP('',(#6548));
#6548 = ORIENTED_EDGE('',*,*,#6549,.T.);
#6549 = EDGE_CURVE('',#6550,#6550,#6552,.T.);
#6550 = VERTEX_POINT('',#6551);
#6551 = CARTESIAN_POINT('',(150.975,-89.68,1.51));
#6552 = CIRCLE('',#6553,0.5);
#6553 = AXIS2_PLACEMENT_3D('',#6554,#6555,#6556);
#6554 = CARTESIAN_POINT('',(150.975,-89.18,1.51));
#6555 = DIRECTION('',(-0.,0.,-1.));
#6556 = DIRECTION('',(-0.,-1.,0.));
#6557 = FACE_BOUND('',#6558,.T.);
#6558 = EDGE_LOOP('',(#6559));
#6559 = ORIENTED_EDGE('',*,*,#6560,.T.);
#6560 = EDGE_CURVE('',#6561,#6561,#6563,.T.);
#6561 = VERTEX_POINT('',#6562);
#6562 = CARTESIAN_POINT('',(141.85,-83.,1.51));
#6563 = CIRCLE('',#6564,0.5);
#6564 = AXIS2_PLACEMENT_3D('',#6565,#6566,#6567);
#6565 = CARTESIAN_POINT('',(141.85,-82.5,1.51));
#6566 = DIRECTION('',(-0.,0.,-1.));
#6567 = DIRECTION('',(-0.,-1.,0.));
#6568 = FACE_BOUND('',#6569,.T.);
#6569 = EDGE_LOOP('',(#6570));
#6570 = ORIENTED_EDGE('',*,*,#6571,.T.);
#6571 = EDGE_CURVE('',#6572,#6572,#6574,.T.);
#6572 = VERTEX_POINT('',#6573);
#6573 = CARTESIAN_POINT('',(166.225,-99.84,1.51));
#6574 = CIRCLE('',#6575,0.5);
#6575 = AXIS2_PLACEMENT_3D('',#6576,#6577,#6578);
#6576 = CARTESIAN_POINT('',(166.225,-99.34,1.51));
#6577 = DIRECTION('',(-0.,0.,-1.));
#6578 = DIRECTION('',(-0.,-1.,0.));
#6579 = FACE_BOUND('',#6580,.T.);
#6580 = EDGE_LOOP('',(#6581));
#6581 = ORIENTED_EDGE('',*,*,#6582,.T.);
#6582 = EDGE_CURVE('',#6583,#6583,#6585,.T.);
#6583 = VERTEX_POINT('',#6584);
#6584 = CARTESIAN_POINT('',(166.225,-97.3,1.51));
#6585 = CIRCLE('',#6586,0.5);
#6586 = AXIS2_PLACEMENT_3D('',#6587,#6588,#6589);
#6587 = CARTESIAN_POINT('',(166.225,-96.8,1.51));
#6588 = DIRECTION('',(-0.,0.,-1.));
#6589 = DIRECTION('',(-0.,-1.,0.));
#6590 = FACE_BOUND('',#6591,.T.);
#6591 = EDGE_LOOP('',(#6592));
#6592 = ORIENTED_EDGE('',*,*,#6593,.T.);
#6593 = EDGE_CURVE('',#6594,#6594,#6596,.T.);
#6594 = VERTEX_POINT('',#6595);
#6595 = CARTESIAN_POINT('',(166.225,-94.76,1.51));
#6596 = CIRCLE('',#6597,0.5);
#6597 = AXIS2_PLACEMENT_3D('',#6598,#6599,#6600);
#6598 = CARTESIAN_POINT('',(166.225,-94.26,1.51));
#6599 = DIRECTION('',(-0.,0.,-1.));
#6600 = DIRECTION('',(-0.,-1.,0.));
#6601 = FACE_BOUND('',#6602,.T.);
#6602 = EDGE_LOOP('',(#6603));
#6603 = ORIENTED_EDGE('',*,*,#6604,.T.);
#6604 = EDGE_CURVE('',#6605,#6605,#6607,.T.);
#6605 = VERTEX_POINT('',#6606);
#6606 = CARTESIAN_POINT('',(166.225,-92.22,1.51));
#6607 = CIRCLE('',#6608,0.5);
#6608 = AXIS2_PLACEMENT_3D('',#6609,#6610,#6611);
#6609 = CARTESIAN_POINT('',(166.225,-91.72,1.51));
#6610 = DIRECTION('',(-0.,0.,-1.));
#6611 = DIRECTION('',(-0.,-1.,0.));
#6612 = FACE_BOUND('',#6613,.T.);
#6613 = EDGE_LOOP('',(#6614));
#6614 = ORIENTED_EDGE('',*,*,#6615,.T.);
#6615 = EDGE_CURVE('',#6616,#6616,#6618,.T.);
#6616 = VERTEX_POINT('',#6617);
#6617 = CARTESIAN_POINT('',(182.8,-90.78,1.51));
#6618 = CIRCLE('',#6619,0.5);
#6619 = AXIS2_PLACEMENT_3D('',#6620,#6621,#6622);
#6620 = CARTESIAN_POINT('',(182.8,-90.28,1.51));
#6621 = DIRECTION('',(-0.,0.,-1.));
#6622 = DIRECTION('',(-0.,-1.,0.));
#6623 = FACE_BOUND('',#6624,.T.);
#6624 = EDGE_LOOP('',(#6625));
#6625 = ORIENTED_EDGE('',*,*,#6626,.T.);
#6626 = EDGE_CURVE('',#6627,#6627,#6629,.T.);
#6627 = VERTEX_POINT('',#6628);
#6628 = CARTESIAN_POINT('',(166.225,-89.68,1.51));
#6629 = CIRCLE('',#6630,0.5);
#6630 = AXIS2_PLACEMENT_3D('',#6631,#6632,#6633);
#6631 = CARTESIAN_POINT('',(166.225,-89.18,1.51));
#6632 = DIRECTION('',(-0.,0.,-1.));
#6633 = DIRECTION('',(-0.,-1.,0.));
#6634 = FACE_BOUND('',#6635,.T.);
#6635 = EDGE_LOOP('',(#6636));
#6636 = ORIENTED_EDGE('',*,*,#6637,.T.);
#6637 = EDGE_CURVE('',#6638,#6638,#6640,.T.);
#6638 = VERTEX_POINT('',#6639);
#6639 = CARTESIAN_POINT('',(182.8,-88.24,1.51));
#6640 = CIRCLE('',#6641,0.5);
#6641 = AXIS2_PLACEMENT_3D('',#6642,#6643,#6644);
#6642 = CARTESIAN_POINT('',(182.8,-87.74,1.51));
#6643 = DIRECTION('',(-0.,0.,-1.));
#6644 = DIRECTION('',(-0.,-1.,0.));
#6645 = FACE_BOUND('',#6646,.T.);
#6646 = EDGE_LOOP('',(#6647));
#6647 = ORIENTED_EDGE('',*,*,#6648,.T.);
#6648 = EDGE_CURVE('',#6649,#6649,#6651,.T.);
#6649 = VERTEX_POINT('',#6650);
#6650 = CARTESIAN_POINT('',(182.8,-85.7,1.51));
#6651 = CIRCLE('',#6652,0.5);
#6652 = AXIS2_PLACEMENT_3D('',#6653,#6654,#6655);
#6653 = CARTESIAN_POINT('',(182.8,-85.2,1.51));
#6654 = DIRECTION('',(-0.,0.,-1.));
#6655 = DIRECTION('',(-0.,-1.,0.));
#6656 = FACE_BOUND('',#6657,.T.);
#6657 = EDGE_LOOP('',(#6658));
#6658 = ORIENTED_EDGE('',*,*,#6659,.T.);
#6659 = EDGE_CURVE('',#6660,#6660,#6662,.T.);
#6660 = VERTEX_POINT('',#6661);
#6661 = CARTESIAN_POINT('',(182.8,-83.16,1.51));
#6662 = CIRCLE('',#6663,0.5);
#6663 = AXIS2_PLACEMENT_3D('',#6664,#6665,#6666);
#6664 = CARTESIAN_POINT('',(182.8,-82.66,1.51));
#6665 = DIRECTION('',(-0.,0.,-1.));
#6666 = DIRECTION('',(-0.,-1.,0.));
#6667 = PLANE('',#6668);
#6668 = AXIS2_PLACEMENT_3D('',#6669,#6670,#6671);
#6669 = CARTESIAN_POINT('',(0.,0.,1.51));
#6670 = DIRECTION('',(0.,0.,1.));
#6671 = DIRECTION('',(1.,0.,-0.));
#6672 = ADVANCED_FACE('',(#6673),#6679,.T.);
#6673 = FACE_BOUND('',#6674,.T.);
#6674 = EDGE_LOOP('',(#6675,#6676,#6677,#6678));
#6675 = ORIENTED_EDGE('',*,*,#5596,.T.);
#6676 = ORIENTED_EDGE('',*,*,#6149,.T.);
#6677 = ORIENTED_EDGE('',*,*,#5556,.F.);
#6678 = ORIENTED_EDGE('',*,*,#5620,.F.);
#6679 = PLANE('',#6680);
#6680 = AXIS2_PLACEMENT_3D('',#6681,#6682,#6683);
#6681 = CARTESIAN_POINT('',(124.8,-76.,0.));
#6682 = DIRECTION('',(0.,1.,0.));
#6683 = DIRECTION('',(1.,0.,0.));
#6684 = ADVANCED_FACE('',(#6685),#6696,.F.);
#6685 = FACE_BOUND('',#6686,.T.);
#6686 = EDGE_LOOP('',(#6687,#6688,#6694,#6695));
#6687 = ORIENTED_EDGE('',*,*,#5629,.T.);
#6688 = ORIENTED_EDGE('',*,*,#6689,.T.);
#6689 = EDGE_CURVE('',#5630,#6159,#6690,.T.);
#6690 = LINE('',#6691,#6692);
#6691 = CARTESIAN_POINT('',(129.995,-120.625,-4.6E-02));
#6692 = VECTOR('',#6693,1.);
#6693 = DIRECTION('',(0.,0.,1.));
#6694 = ORIENTED_EDGE('',*,*,#6158,.F.);
#6695 = ORIENTED_EDGE('',*,*,#6689,.F.);
#6696 = CYLINDRICAL_SURFACE('',#6697,0.85);
#6697 = AXIS2_PLACEMENT_3D('',#6698,#6699,#6700);
#6698 = CARTESIAN_POINT('',(129.995,-119.775,-4.6E-02));
#6699 = DIRECTION('',(-0.,-0.,-1.));
#6700 = DIRECTION('',(-0.,-1.,0.));
#6701 = ADVANCED_FACE('',(#6702),#6713,.F.);
#6702 = FACE_BOUND('',#6703,.T.);
#6703 = EDGE_LOOP('',(#6704,#6705,#6711,#6712));
#6704 = ORIENTED_EDGE('',*,*,#5640,.T.);
#6705 = ORIENTED_EDGE('',*,*,#6706,.T.);
#6706 = EDGE_CURVE('',#5641,#6170,#6707,.T.);
#6707 = LINE('',#6708,#6709);
#6708 = CARTESIAN_POINT('',(131.265,-117.985,-4.6E-02));
#6709 = VECTOR('',#6710,1.);
#6710 = DIRECTION('',(0.,0.,1.));
#6711 = ORIENTED_EDGE('',*,*,#6169,.F.);
#6712 = ORIENTED_EDGE('',*,*,#6706,.F.);
#6713 = CYLINDRICAL_SURFACE('',#6714,0.75);
#6714 = AXIS2_PLACEMENT_3D('',#6715,#6716,#6717);
#6715 = CARTESIAN_POINT('',(131.265,-117.235,-4.6E-02));
#6716 = DIRECTION('',(-0.,-0.,-1.));
#6717 = DIRECTION('',(-0.,-1.,0.));
#6718 = ADVANCED_FACE('',(#6719),#6730,.F.);
#6719 = FACE_BOUND('',#6720,.T.);
#6720 = EDGE_LOOP('',(#6721,#6722,#6728,#6729));
#6721 = ORIENTED_EDGE('',*,*,#5651,.T.);
#6722 = ORIENTED_EDGE('',*,*,#6723,.T.);
#6723 = EDGE_CURVE('',#5652,#6181,#6724,.T.);
#6724 = LINE('',#6725,#6726);
#6725 = CARTESIAN_POINT('',(135.075,-121.775,-4.6E-02));
#6726 = VECTOR('',#6727,1.);
#6727 = DIRECTION('',(0.,0.,1.));
#6728 = ORIENTED_EDGE('',*,*,#6180,.F.);
#6729 = ORIENTED_EDGE('',*,*,#6723,.F.);
#6730 = CYLINDRICAL_SURFACE('',#6731,2.);
#6731 = AXIS2_PLACEMENT_3D('',#6732,#6733,#6734);
#6732 = CARTESIAN_POINT('',(135.075,-119.775,-4.6E-02));
#6733 = DIRECTION('',(-0.,-0.,-1.));
#6734 = DIRECTION('',(-0.,-1.,0.));
#6735 = ADVANCED_FACE('',(#6736),#6747,.F.);
#6736 = FACE_BOUND('',#6737,.T.);
#6737 = EDGE_LOOP('',(#6738,#6739,#6745,#6746));
#6738 = ORIENTED_EDGE('',*,*,#5662,.T.);
#6739 = ORIENTED_EDGE('',*,*,#6740,.T.);
#6740 = EDGE_CURVE('',#5663,#6192,#6741,.T.);
#6741 = LINE('',#6742,#6743);
#6742 = CARTESIAN_POINT('',(140.155,-120.625,-4.6E-02));
#6743 = VECTOR('',#6744,1.);
#6744 = DIRECTION('',(0.,0.,1.));
#6745 = ORIENTED_EDGE('',*,*,#6191,.F.);
#6746 = ORIENTED_EDGE('',*,*,#6740,.F.);
#6747 = CYLINDRICAL_SURFACE('',#6748,0.85);
#6748 = AXIS2_PLACEMENT_3D('',#6749,#6750,#6751);
#6749 = CARTESIAN_POINT('',(140.155,-119.775,-4.6E-02));
#6750 = DIRECTION('',(-0.,-0.,-1.));
#6751 = DIRECTION('',(-0.,-1.,0.));
#6752 = ADVANCED_FACE('',(#6753),#6764,.F.);
#6753 = FACE_BOUND('',#6754,.T.);
#6754 = EDGE_LOOP('',(#6755,#6756,#6762,#6763));
#6755 = ORIENTED_EDGE('',*,*,#5673,.T.);
#6756 = ORIENTED_EDGE('',*,*,#6757,.T.);
#6757 = EDGE_CURVE('',#5674,#6203,#6758,.T.);
#6758 = LINE('',#6759,#6760);
#6759 = CARTESIAN_POINT('',(137.615,-115.445,-4.6E-02));
#6760 = VECTOR('',#6761,1.);
#6761 = DIRECTION('',(0.,0.,1.));
#6762 = ORIENTED_EDGE('',*,*,#6202,.F.);
#6763 = ORIENTED_EDGE('',*,*,#6757,.F.);
#6764 = CYLINDRICAL_SURFACE('',#6765,0.75);
#6765 = AXIS2_PLACEMENT_3D('',#6766,#6767,#6768);
#6766 = CARTESIAN_POINT('',(137.615,-114.695,-4.6E-02));
#6767 = DIRECTION('',(-0.,-0.,-1.));
#6768 = DIRECTION('',(-0.,-1.,0.));
#6769 = ADVANCED_FACE('',(#6770),#6781,.F.);
#6770 = FACE_BOUND('',#6771,.T.);
#6771 = EDGE_LOOP('',(#6772,#6773,#6779,#6780));
#6772 = ORIENTED_EDGE('',*,*,#5684,.T.);
#6773 = ORIENTED_EDGE('',*,*,#6774,.T.);
#6774 = EDGE_CURVE('',#5685,#6214,#6775,.T.);
#6775 = LINE('',#6776,#6777);
#6776 = CARTESIAN_POINT('',(149.89,-120.65,-4.6E-02));
#6777 = VECTOR('',#6778,1.);
#6778 = DIRECTION('',(0.,0.,1.));
#6779 = ORIENTED_EDGE('',*,*,#6213,.F.);
#6780 = ORIENTED_EDGE('',*,*,#6774,.F.);
#6781 = CYLINDRICAL_SURFACE('',#6782,0.85);
#6782 = AXIS2_PLACEMENT_3D('',#6783,#6784,#6785);
#6783 = CARTESIAN_POINT('',(149.89,-119.8,-4.6E-02));
#6784 = DIRECTION('',(-0.,-0.,-1.));
#6785 = DIRECTION('',(-0.,-1.,0.));
#6786 = ADVANCED_FACE('',(#6787),#6798,.F.);
#6787 = FACE_BOUND('',#6788,.T.);
#6788 = EDGE_LOOP('',(#6789,#6790,#6796,#6797));
#6789 = ORIENTED_EDGE('',*,*,#5695,.T.);
#6790 = ORIENTED_EDGE('',*,*,#6791,.T.);
#6791 = EDGE_CURVE('',#5696,#6225,#6792,.T.);
#6792 = LINE('',#6793,#6794);
#6793 = CARTESIAN_POINT('',(154.97,-121.8,-4.6E-02));
#6794 = VECTOR('',#6795,1.);
#6795 = DIRECTION('',(0.,0.,1.));
#6796 = ORIENTED_EDGE('',*,*,#6224,.F.);
#6797 = ORIENTED_EDGE('',*,*,#6791,.F.);
#6798 = CYLINDRICAL_SURFACE('',#6799,2.);
#6799 = AXIS2_PLACEMENT_3D('',#6800,#6801,#6802);
#6800 = CARTESIAN_POINT('',(154.97,-119.8,-4.6E-02));
#6801 = DIRECTION('',(-0.,-0.,-1.));
#6802 = DIRECTION('',(-0.,-1.,0.));
#6803 = ADVANCED_FACE('',(#6804),#6815,.F.);
#6804 = FACE_BOUND('',#6805,.T.);
#6805 = EDGE_LOOP('',(#6806,#6807,#6813,#6814));
#6806 = ORIENTED_EDGE('',*,*,#5706,.T.);
#6807 = ORIENTED_EDGE('',*,*,#6808,.T.);
#6808 = EDGE_CURVE('',#5707,#6236,#6809,.T.);
#6809 = LINE('',#6810,#6811);
#6810 = CARTESIAN_POINT('',(151.16,-118.01,-4.6E-02));
#6811 = VECTOR('',#6812,1.);
#6812 = DIRECTION('',(0.,0.,1.));
#6813 = ORIENTED_EDGE('',*,*,#6235,.F.);
#6814 = ORIENTED_EDGE('',*,*,#6808,.F.);
#6815 = CYLINDRICAL_SURFACE('',#6816,0.75);
#6816 = AXIS2_PLACEMENT_3D('',#6817,#6818,#6819);
#6817 = CARTESIAN_POINT('',(151.16,-117.26,-4.6E-02));
#6818 = DIRECTION('',(-0.,-0.,-1.));
#6819 = DIRECTION('',(-0.,-1.,0.));
#6820 = ADVANCED_FACE('',(#6821),#6832,.F.);
#6821 = FACE_BOUND('',#6822,.T.);
#6822 = EDGE_LOOP('',(#6823,#6824,#6830,#6831));
#6823 = ORIENTED_EDGE('',*,*,#5717,.T.);
#6824 = ORIENTED_EDGE('',*,*,#6825,.T.);
#6825 = EDGE_CURVE('',#5718,#6247,#6826,.T.);
#6826 = LINE('',#6827,#6828);
#6827 = CARTESIAN_POINT('',(128.2,-101.5,-4.6E-02));
#6828 = VECTOR('',#6829,1.);
#6829 = DIRECTION('',(0.,0.,1.));
#6830 = ORIENTED_EDGE('',*,*,#6246,.F.);
#6831 = ORIENTED_EDGE('',*,*,#6825,.F.);
#6832 = CYLINDRICAL_SURFACE('',#6833,0.5);
#6833 = AXIS2_PLACEMENT_3D('',#6834,#6835,#6836);
#6834 = CARTESIAN_POINT('',(128.2,-101.,-4.6E-02));
#6835 = DIRECTION('',(-0.,-0.,-1.));
#6836 = DIRECTION('',(-0.,-1.,0.));
#6837 = ADVANCED_FACE('',(#6838),#6849,.F.);
#6838 = FACE_BOUND('',#6839,.T.);
#6839 = EDGE_LOOP('',(#6840,#6841,#6847,#6848));
#6840 = ORIENTED_EDGE('',*,*,#5728,.T.);
#6841 = ORIENTED_EDGE('',*,*,#6842,.T.);
#6842 = EDGE_CURVE('',#5729,#6258,#6843,.T.);
#6843 = LINE('',#6844,#6845);
#6844 = CARTESIAN_POINT('',(135.8,-101.5,-4.6E-02));
#6845 = VECTOR('',#6846,1.);
#6846 = DIRECTION('',(0.,0.,1.));
#6847 = ORIENTED_EDGE('',*,*,#6257,.F.);
#6848 = ORIENTED_EDGE('',*,*,#6842,.F.);
#6849 = CYLINDRICAL_SURFACE('',#6850,0.5);
#6850 = AXIS2_PLACEMENT_3D('',#6851,#6852,#6853);
#6851 = CARTESIAN_POINT('',(135.8,-101.,-4.6E-02));
#6852 = DIRECTION('',(-0.,-0.,-1.));
#6853 = DIRECTION('',(-0.,-1.,0.));
#6854 = ADVANCED_FACE('',(#6855),#6866,.F.);
#6855 = FACE_BOUND('',#6856,.T.);
#6856 = EDGE_LOOP('',(#6857,#6858,#6864,#6865));
#6857 = ORIENTED_EDGE('',*,*,#5739,.T.);
#6858 = ORIENTED_EDGE('',*,*,#6859,.T.);
#6859 = EDGE_CURVE('',#5740,#6269,#6860,.T.);
#6860 = LINE('',#6861,#6862);
#6861 = CARTESIAN_POINT('',(150.975,-104.92,-4.6E-02));
#6862 = VECTOR('',#6863,1.);
#6863 = DIRECTION('',(0.,0.,1.));
#6864 = ORIENTED_EDGE('',*,*,#6268,.F.);
#6865 = ORIENTED_EDGE('',*,*,#6859,.F.);
#6866 = CYLINDRICAL_SURFACE('',#6867,0.5);
#6867 = AXIS2_PLACEMENT_3D('',#6868,#6869,#6870);
#6868 = CARTESIAN_POINT('',(150.975,-104.42,-4.6E-02));
#6869 = DIRECTION('',(-0.,-0.,-1.));
#6870 = DIRECTION('',(-0.,-1.,0.));
#6871 = ADVANCED_FACE('',(#6872),#6883,.F.);
#6872 = FACE_BOUND('',#6873,.T.);
#6873 = EDGE_LOOP('',(#6874,#6875,#6881,#6882));
#6874 = ORIENTED_EDGE('',*,*,#5750,.T.);
#6875 = ORIENTED_EDGE('',*,*,#6876,.T.);
#6876 = EDGE_CURVE('',#5751,#6280,#6877,.T.);
#6877 = LINE('',#6878,#6879);
#6878 = CARTESIAN_POINT('',(150.975,-102.38,-4.6E-02));
#6879 = VECTOR('',#6880,1.);
#6880 = DIRECTION('',(0.,0.,1.));
#6881 = ORIENTED_EDGE('',*,*,#6279,.F.);
#6882 = ORIENTED_EDGE('',*,*,#6876,.F.);
#6883 = CYLINDRICAL_SURFACE('',#6884,0.5);
#6884 = AXIS2_PLACEMENT_3D('',#6885,#6886,#6887);
#6885 = CARTESIAN_POINT('',(150.975,-101.88,-4.6E-02));
#6886 = DIRECTION('',(-0.,-0.,-1.));
#6887 = DIRECTION('',(-0.,-1.,0.));
#6888 = ADVANCED_FACE('',(#6889),#6900,.F.);
#6889 = FACE_BOUND('',#6890,.T.);
#6890 = EDGE_LOOP('',(#6891,#6892,#6898,#6899));
#6891 = ORIENTED_EDGE('',*,*,#5761,.T.);
#6892 = ORIENTED_EDGE('',*,*,#6893,.T.);
#6893 = EDGE_CURVE('',#5762,#6291,#6894,.T.);
#6894 = LINE('',#6895,#6896);
#6895 = CARTESIAN_POINT('',(160.05,-120.65,-4.6E-02));
#6896 = VECTOR('',#6897,1.);
#6897 = DIRECTION('',(0.,0.,1.));
#6898 = ORIENTED_EDGE('',*,*,#6290,.F.);
#6899 = ORIENTED_EDGE('',*,*,#6893,.F.);
#6900 = CYLINDRICAL_SURFACE('',#6901,0.85);
#6901 = AXIS2_PLACEMENT_3D('',#6902,#6903,#6904);
#6902 = CARTESIAN_POINT('',(160.05,-119.8,-4.6E-02));
#6903 = DIRECTION('',(-0.,-0.,-1.));
#6904 = DIRECTION('',(-0.,-1.,0.));
#6905 = ADVANCED_FACE('',(#6906),#6917,.F.);
#6906 = FACE_BOUND('',#6907,.T.);
#6907 = EDGE_LOOP('',(#6908,#6909,#6915,#6916));
#6908 = ORIENTED_EDGE('',*,*,#5772,.T.);
#6909 = ORIENTED_EDGE('',*,*,#6910,.T.);
#6910 = EDGE_CURVE('',#5773,#6302,#6911,.T.);
#6911 = LINE('',#6912,#6913);
#6912 = CARTESIAN_POINT('',(157.51,-115.47,-4.6E-02));
#6913 = VECTOR('',#6914,1.);
#6914 = DIRECTION('',(0.,0.,1.));
#6915 = ORIENTED_EDGE('',*,*,#6301,.F.);
#6916 = ORIENTED_EDGE('',*,*,#6910,.F.);
#6917 = CYLINDRICAL_SURFACE('',#6918,0.75);
#6918 = AXIS2_PLACEMENT_3D('',#6919,#6920,#6921);
#6919 = CARTESIAN_POINT('',(157.51,-114.72,-4.6E-02));
#6920 = DIRECTION('',(-0.,-0.,-1.));
#6921 = DIRECTION('',(-0.,-1.,0.));
#6922 = ADVANCED_FACE('',(#6923),#6934,.F.);
#6923 = FACE_BOUND('',#6924,.T.);
#6924 = EDGE_LOOP('',(#6925,#6926,#6932,#6933));
#6925 = ORIENTED_EDGE('',*,*,#5783,.T.);
#6926 = ORIENTED_EDGE('',*,*,#6927,.T.);
#6927 = EDGE_CURVE('',#5784,#6313,#6928,.T.);
#6928 = LINE('',#6929,#6930);
#6929 = CARTESIAN_POINT('',(169.845,-120.65,-4.6E-02));
#6930 = VECTOR('',#6931,1.);
#6931 = DIRECTION('',(0.,0.,1.));
#6932 = ORIENTED_EDGE('',*,*,#6312,.F.);
#6933 = ORIENTED_EDGE('',*,*,#6927,.F.);
#6934 = CYLINDRICAL_SURFACE('',#6935,0.85);
#6935 = AXIS2_PLACEMENT_3D('',#6936,#6937,#6938);
#6936 = CARTESIAN_POINT('',(169.845,-119.8,-4.6E-02));
#6937 = DIRECTION('',(-0.,-0.,-1.));
#6938 = DIRECTION('',(-0.,-1.,0.));
#6939 = ADVANCED_FACE('',(#6940),#6951,.F.);
#6940 = FACE_BOUND('',#6941,.T.);
#6941 = EDGE_LOOP('',(#6942,#6943,#6949,#6950));
#6942 = ORIENTED_EDGE('',*,*,#5794,.T.);
#6943 = ORIENTED_EDGE('',*,*,#6944,.T.);
#6944 = EDGE_CURVE('',#5795,#6324,#6945,.T.);
#6945 = LINE('',#6946,#6947);
#6946 = CARTESIAN_POINT('',(174.925,-121.8,-4.6E-02));
#6947 = VECTOR('',#6948,1.);
#6948 = DIRECTION('',(0.,0.,1.));
#6949 = ORIENTED_EDGE('',*,*,#6323,.F.);
#6950 = ORIENTED_EDGE('',*,*,#6944,.F.);
#6951 = CYLINDRICAL_SURFACE('',#6952,2.);
#6952 = AXIS2_PLACEMENT_3D('',#6953,#6954,#6955);
#6953 = CARTESIAN_POINT('',(174.925,-119.8,-4.6E-02));
#6954 = DIRECTION('',(-0.,-0.,-1.));
#6955 = DIRECTION('',(-0.,-1.,0.));
#6956 = ADVANCED_FACE('',(#6957),#6968,.F.);
#6957 = FACE_BOUND('',#6958,.T.);
#6958 = EDGE_LOOP('',(#6959,#6960,#6966,#6967));
#6959 = ORIENTED_EDGE('',*,*,#5805,.T.);
#6960 = ORIENTED_EDGE('',*,*,#6961,.T.);
#6961 = EDGE_CURVE('',#5806,#6335,#6962,.T.);
#6962 = LINE('',#6963,#6964);
#6963 = CARTESIAN_POINT('',(171.115,-118.01,-4.6E-02));
#6964 = VECTOR('',#6965,1.);
#6965 = DIRECTION('',(0.,0.,1.));
#6966 = ORIENTED_EDGE('',*,*,#6334,.F.);
#6967 = ORIENTED_EDGE('',*,*,#6961,.F.);
#6968 = CYLINDRICAL_SURFACE('',#6969,0.75);
#6969 = AXIS2_PLACEMENT_3D('',#6970,#6971,#6972);
#6970 = CARTESIAN_POINT('',(171.115,-117.26,-4.6E-02));
#6971 = DIRECTION('',(-0.,-0.,-1.));
#6972 = DIRECTION('',(-0.,-1.,0.));
#6973 = ADVANCED_FACE('',(#6974),#6985,.F.);
#6974 = FACE_BOUND('',#6975,.T.);
#6975 = EDGE_LOOP('',(#6976,#6977,#6983,#6984));
#6976 = ORIENTED_EDGE('',*,*,#5816,.T.);
#6977 = ORIENTED_EDGE('',*,*,#6978,.T.);
#6978 = EDGE_CURVE('',#5817,#6346,#6979,.T.);
#6979 = LINE('',#6980,#6981);
#6980 = CARTESIAN_POINT('',(180.005,-120.65,-4.6E-02));
#6981 = VECTOR('',#6982,1.);
#6982 = DIRECTION('',(0.,0.,1.));
#6983 = ORIENTED_EDGE('',*,*,#6345,.F.);
#6984 = ORIENTED_EDGE('',*,*,#6978,.F.);
#6985 = CYLINDRICAL_SURFACE('',#6986,0.85);
#6986 = AXIS2_PLACEMENT_3D('',#6987,#6988,#6989);
#6987 = CARTESIAN_POINT('',(180.005,-119.8,-4.6E-02));
#6988 = DIRECTION('',(-0.,-0.,-1.));
#6989 = DIRECTION('',(-0.,-1.,0.));
#6990 = ADVANCED_FACE('',(#6991),#7002,.F.);
#6991 = FACE_BOUND('',#6992,.T.);
#6992 = EDGE_LOOP('',(#6993,#6994,#7000,#7001));
#6993 = ORIENTED_EDGE('',*,*,#5827,.T.);
#6994 = ORIENTED_EDGE('',*,*,#6995,.T.);
#6995 = EDGE_CURVE('',#5828,#6357,#6996,.T.);
#6996 = LINE('',#6997,#6998);
#6997 = CARTESIAN_POINT('',(177.465,-115.47,-4.6E-02));
#6998 = VECTOR('',#6999,1.);
#6999 = DIRECTION('',(0.,0.,1.));
#7000 = ORIENTED_EDGE('',*,*,#6356,.F.);
#7001 = ORIENTED_EDGE('',*,*,#6995,.F.);
#7002 = CYLINDRICAL_SURFACE('',#7003,0.75);
#7003 = AXIS2_PLACEMENT_3D('',#7004,#7005,#7006);
#7004 = CARTESIAN_POINT('',(177.465,-114.72,-4.6E-02));
#7005 = DIRECTION('',(-0.,-0.,-1.));
#7006 = DIRECTION('',(-0.,-1.,0.));
#7007 = ADVANCED_FACE('',(#7008),#7019,.F.);
#7008 = FACE_BOUND('',#7009,.T.);
#7009 = EDGE_LOOP('',(#7010,#7011,#7017,#7018));
#7010 = ORIENTED_EDGE('',*,*,#5838,.T.);
#7011 = ORIENTED_EDGE('',*,*,#7012,.T.);
#7012 = EDGE_CURVE('',#5839,#6368,#7013,.T.);
#7013 = LINE('',#7014,#7015);
#7014 = CARTESIAN_POINT('',(166.225,-104.92,-4.6E-02));
#7015 = VECTOR('',#7016,1.);
#7016 = DIRECTION('',(0.,0.,1.));
#7017 = ORIENTED_EDGE('',*,*,#6367,.F.);
#7018 = ORIENTED_EDGE('',*,*,#7012,.F.);
#7019 = CYLINDRICAL_SURFACE('',#7020,0.5);
#7020 = AXIS2_PLACEMENT_3D('',#7021,#7022,#7023);
#7021 = CARTESIAN_POINT('',(166.225,-104.42,-4.6E-02));
#7022 = DIRECTION('',(-0.,-0.,-1.));
#7023 = DIRECTION('',(-0.,-1.,0.));
#7024 = ADVANCED_FACE('',(#7025),#7036,.F.);
#7025 = FACE_BOUND('',#7026,.T.);
#7026 = EDGE_LOOP('',(#7027,#7028,#7034,#7035));
#7027 = ORIENTED_EDGE('',*,*,#5849,.T.);
#7028 = ORIENTED_EDGE('',*,*,#7029,.T.);
#7029 = EDGE_CURVE('',#5850,#6379,#7030,.T.);
#7030 = LINE('',#7031,#7032);
#7031 = CARTESIAN_POINT('',(166.225,-102.38,-4.6E-02));
#7032 = VECTOR('',#7033,1.);
#7033 = DIRECTION('',(0.,0.,1.));
#7034 = ORIENTED_EDGE('',*,*,#6378,.F.);
#7035 = ORIENTED_EDGE('',*,*,#7029,.F.);
#7036 = CYLINDRICAL_SURFACE('',#7037,0.5);
#7037 = AXIS2_PLACEMENT_3D('',#7038,#7039,#7040);
#7038 = CARTESIAN_POINT('',(166.225,-101.88,-4.6E-02));
#7039 = DIRECTION('',(-0.,-0.,-1.));
#7040 = DIRECTION('',(-0.,-1.,0.));
#7041 = ADVANCED_FACE('',(#7042),#7058,.F.);
#7042 = FACE_BOUND('',#7043,.T.);
#7043 = EDGE_LOOP('',(#7044,#7045,#7051,#7052));
#7044 = ORIENTED_EDGE('',*,*,#5860,.T.);
#7045 = ORIENTED_EDGE('',*,*,#7046,.T.);
#7046 = EDGE_CURVE('',#5863,#6392,#7047,.T.);
#7047 = LINE('',#7048,#7049);
#7048 = CARTESIAN_POINT('',(135.5,-91.35,-4.6E-02));
#7049 = VECTOR('',#7050,1.);
#7050 = DIRECTION('',(0.,0.,1.));
#7051 = ORIENTED_EDGE('',*,*,#6389,.F.);
#7052 = ORIENTED_EDGE('',*,*,#7053,.F.);
#7053 = EDGE_CURVE('',#5861,#6390,#7054,.T.);
#7054 = LINE('',#7055,#7056);
#7055 = CARTESIAN_POINT('',(135.5,-89.85,-4.6E-02));
#7056 = VECTOR('',#7057,1.);
#7057 = DIRECTION('',(0.,0.,1.));
#7058 = CYLINDRICAL_SURFACE('',#7059,0.75);
#7059 = AXIS2_PLACEMENT_3D('',#7060,#7061,#7062);
#7060 = CARTESIAN_POINT('',(135.5,-90.6,-4.6E-02));
#7061 = DIRECTION('',(-0.,-0.,-1.));
#7062 = DIRECTION('',(-0.,-1.,0.));
#7063 = ADVANCED_FACE('',(#7064),#7075,.T.);
#7064 = FACE_BOUND('',#7065,.T.);
#7065 = EDGE_LOOP('',(#7066,#7067,#7068,#7069));
#7066 = ORIENTED_EDGE('',*,*,#5888,.T.);
#7067 = ORIENTED_EDGE('',*,*,#7053,.T.);
#7068 = ORIENTED_EDGE('',*,*,#6417,.F.);
#7069 = ORIENTED_EDGE('',*,*,#7070,.F.);
#7070 = EDGE_CURVE('',#5880,#6409,#7071,.T.);
#7071 = LINE('',#7072,#7073);
#7072 = CARTESIAN_POINT('',(134.2,-89.85,-4.6E-02));
#7073 = VECTOR('',#7074,1.);
#7074 = DIRECTION('',(0.,0.,1.));
#7075 = PLANE('',#7076);
#7076 = AXIS2_PLACEMENT_3D('',#7077,#7078,#7079);
#7077 = CARTESIAN_POINT('',(135.5,-89.85,-4.6E-02));
#7078 = DIRECTION('',(0.,-1.,0.));
#7079 = DIRECTION('',(-1.,0.,0.));
#7080 = ADVANCED_FACE('',(#7081),#7092,.F.);
#7081 = FACE_BOUND('',#7082,.T.);
#7082 = EDGE_LOOP('',(#7083,#7084,#7085,#7086));
#7083 = ORIENTED_EDGE('',*,*,#5879,.T.);
#7084 = ORIENTED_EDGE('',*,*,#7070,.T.);
#7085 = ORIENTED_EDGE('',*,*,#6408,.F.);
#7086 = ORIENTED_EDGE('',*,*,#7087,.F.);
#7087 = EDGE_CURVE('',#5872,#6401,#7088,.T.);
#7088 = LINE('',#7089,#7090);
#7089 = CARTESIAN_POINT('',(134.2,-91.35,-4.6E-02));
#7090 = VECTOR('',#7091,1.);
#7091 = DIRECTION('',(0.,0.,1.));
#7092 = CYLINDRICAL_SURFACE('',#7093,0.75);
#7093 = AXIS2_PLACEMENT_3D('',#7094,#7095,#7096);
#7094 = CARTESIAN_POINT('',(134.2,-90.6,-4.6E-02));
#7095 = DIRECTION('',(-0.,0.,-1.));
#7096 = DIRECTION('',(0.,1.,0.));
#7097 = ADVANCED_FACE('',(#7098),#7104,.T.);
#7098 = FACE_BOUND('',#7099,.T.);
#7099 = EDGE_LOOP('',(#7100,#7101,#7102,#7103));
#7100 = ORIENTED_EDGE('',*,*,#5871,.T.);
#7101 = ORIENTED_EDGE('',*,*,#7087,.T.);
#7102 = ORIENTED_EDGE('',*,*,#6400,.F.);
#7103 = ORIENTED_EDGE('',*,*,#7046,.F.);
#7104 = PLANE('',#7105);
#7105 = AXIS2_PLACEMENT_3D('',#7106,#7107,#7108);
#7106 = CARTESIAN_POINT('',(134.2,-91.35,-4.6E-02));
#7107 = DIRECTION('',(0.,1.,0.));
#7108 = DIRECTION('',(1.,0.,0.));
#7109 = ADVANCED_FACE('',(#7110),#7121,.F.);
#7110 = FACE_BOUND('',#7111,.T.);
#7111 = EDGE_LOOP('',(#7112,#7113,#7119,#7120));
#7112 = ORIENTED_EDGE('',*,*,#5896,.T.);
#7113 = ORIENTED_EDGE('',*,*,#7114,.T.);
#7114 = EDGE_CURVE('',#5897,#6426,#7115,.T.);
#7115 = LINE('',#7116,#7117);
#7116 = CARTESIAN_POINT('',(150.975,-99.84,-4.6E-02));
#7117 = VECTOR('',#7118,1.);
#7118 = DIRECTION('',(0.,0.,1.));
#7119 = ORIENTED_EDGE('',*,*,#6425,.F.);
#7120 = ORIENTED_EDGE('',*,*,#7114,.F.);
#7121 = CYLINDRICAL_SURFACE('',#7122,0.5);
#7122 = AXIS2_PLACEMENT_3D('',#7123,#7124,#7125);
#7123 = CARTESIAN_POINT('',(150.975,-99.34,-4.6E-02));
#7124 = DIRECTION('',(-0.,-0.,-1.));
#7125 = DIRECTION('',(-0.,-1.,0.));
#7126 = ADVANCED_FACE('',(#7127),#7138,.F.);
#7127 = FACE_BOUND('',#7128,.T.);
#7128 = EDGE_LOOP('',(#7129,#7130,#7136,#7137));
#7129 = ORIENTED_EDGE('',*,*,#5907,.T.);
#7130 = ORIENTED_EDGE('',*,*,#7131,.T.);
#7131 = EDGE_CURVE('',#5908,#6437,#7132,.T.);
#7132 = LINE('',#7133,#7134);
#7133 = CARTESIAN_POINT('',(150.975,-97.3,-4.6E-02));
#7134 = VECTOR('',#7135,1.);
#7135 = DIRECTION('',(0.,0.,1.));
#7136 = ORIENTED_EDGE('',*,*,#6436,.F.);
#7137 = ORIENTED_EDGE('',*,*,#7131,.F.);
#7138 = CYLINDRICAL_SURFACE('',#7139,0.5);
#7139 = AXIS2_PLACEMENT_3D('',#7140,#7141,#7142);
#7140 = CARTESIAN_POINT('',(150.975,-96.8,-4.6E-02));
#7141 = DIRECTION('',(-0.,-0.,-1.));
#7142 = DIRECTION('',(-0.,-1.,0.));
#7143 = ADVANCED_FACE('',(#7144),#7155,.F.);
#7144 = FACE_BOUND('',#7145,.T.);
#7145 = EDGE_LOOP('',(#7146,#7147,#7153,#7154));
#7146 = ORIENTED_EDGE('',*,*,#5918,.T.);
#7147 = ORIENTED_EDGE('',*,*,#7148,.T.);
#7148 = EDGE_CURVE('',#5919,#6448,#7149,.T.);
#7149 = LINE('',#7150,#7151);
#7150 = CARTESIAN_POINT('',(150.975,-94.76,-4.6E-02));
#7151 = VECTOR('',#7152,1.);
#7152 = DIRECTION('',(0.,0.,1.));
#7153 = ORIENTED_EDGE('',*,*,#6447,.F.);
#7154 = ORIENTED_EDGE('',*,*,#7148,.F.);
#7155 = CYLINDRICAL_SURFACE('',#7156,0.5);
#7156 = AXIS2_PLACEMENT_3D('',#7157,#7158,#7159);
#7157 = CARTESIAN_POINT('',(150.975,-94.26,-4.6E-02));
#7158 = DIRECTION('',(-0.,-0.,-1.));
#7159 = DIRECTION('',(-0.,-1.,0.));
#7160 = ADVANCED_FACE('',(#7161),#7172,.F.);
#7161 = FACE_BOUND('',#7162,.T.);
#7162 = EDGE_LOOP('',(#7163,#7164,#7170,#7171));
#7163 = ORIENTED_EDGE('',*,*,#5929,.T.);
#7164 = ORIENTED_EDGE('',*,*,#7165,.T.);
#7165 = EDGE_CURVE('',#5930,#6459,#7166,.T.);
#7166 = LINE('',#7167,#7168);
#7167 = CARTESIAN_POINT('',(150.975,-92.22,-4.6E-02));
#7168 = VECTOR('',#7169,1.);
#7169 = DIRECTION('',(0.,0.,1.));
#7170 = ORIENTED_EDGE('',*,*,#6458,.F.);
#7171 = ORIENTED_EDGE('',*,*,#7165,.F.);
#7172 = CYLINDRICAL_SURFACE('',#7173,0.5);
#7173 = AXIS2_PLACEMENT_3D('',#7174,#7175,#7176);
#7174 = CARTESIAN_POINT('',(150.975,-91.72,-4.6E-02));
#7175 = DIRECTION('',(-0.,-0.,-1.));
#7176 = DIRECTION('',(-0.,-1.,0.));
#7177 = ADVANCED_FACE('',(#7178),#7189,.F.);
#7178 = FACE_BOUND('',#7179,.T.);
#7179 = EDGE_LOOP('',(#7180,#7181,#7187,#7188));
#7180 = ORIENTED_EDGE('',*,*,#5940,.T.);
#7181 = ORIENTED_EDGE('',*,*,#7182,.T.);
#7182 = EDGE_CURVE('',#5941,#6470,#7183,.T.);
#7183 = LINE('',#7184,#7185);
#7184 = CARTESIAN_POINT('',(127.35,-88.,-4.6E-02));
#7185 = VECTOR('',#7186,1.);
#7186 = DIRECTION('',(0.,0.,1.));
#7187 = ORIENTED_EDGE('',*,*,#6469,.F.);
#7188 = ORIENTED_EDGE('',*,*,#7182,.F.);
#7189 = CYLINDRICAL_SURFACE('',#7190,0.5);
#7190 = AXIS2_PLACEMENT_3D('',#7191,#7192,#7193);
#7191 = CARTESIAN_POINT('',(127.35,-87.5,-4.6E-02));
#7192 = DIRECTION('',(-0.,-0.,-1.));
#7193 = DIRECTION('',(-0.,-1.,0.));
#7194 = ADVANCED_FACE('',(#7195),#7206,.F.);
#7195 = FACE_BOUND('',#7196,.T.);
#7196 = EDGE_LOOP('',(#7197,#7198,#7204,#7205));
#7197 = ORIENTED_EDGE('',*,*,#5951,.T.);
#7198 = ORIENTED_EDGE('',*,*,#7199,.T.);
#7199 = EDGE_CURVE('',#5952,#6481,#7200,.T.);
#7200 = LINE('',#7201,#7202);
#7201 = CARTESIAN_POINT('',(127.35,-85.5,-4.6E-02));
#7202 = VECTOR('',#7203,1.);
#7203 = DIRECTION('',(0.,0.,1.));
#7204 = ORIENTED_EDGE('',*,*,#6480,.F.);
#7205 = ORIENTED_EDGE('',*,*,#7199,.F.);
#7206 = CYLINDRICAL_SURFACE('',#7207,0.5);
#7207 = AXIS2_PLACEMENT_3D('',#7208,#7209,#7210);
#7208 = CARTESIAN_POINT('',(127.35,-85.,-4.6E-02));
#7209 = DIRECTION('',(-0.,-0.,-1.));
#7210 = DIRECTION('',(-0.,-1.,0.));
#7211 = ADVANCED_FACE('',(#7212),#7223,.F.);
#7212 = FACE_BOUND('',#7213,.T.);
#7213 = EDGE_LOOP('',(#7214,#7215,#7221,#7222));
#7214 = ORIENTED_EDGE('',*,*,#5962,.T.);
#7215 = ORIENTED_EDGE('',*,*,#7216,.T.);
#7216 = EDGE_CURVE('',#5963,#6492,#7217,.T.);
#7217 = LINE('',#7218,#7219);
#7218 = CARTESIAN_POINT('',(127.35,-83.,-4.6E-02));
#7219 = VECTOR('',#7220,1.);
#7220 = DIRECTION('',(0.,0.,1.));
#7221 = ORIENTED_EDGE('',*,*,#6491,.F.);
#7222 = ORIENTED_EDGE('',*,*,#7216,.F.);
#7223 = CYLINDRICAL_SURFACE('',#7224,0.5);
#7224 = AXIS2_PLACEMENT_3D('',#7225,#7226,#7227);
#7225 = CARTESIAN_POINT('',(127.35,-82.5,-4.6E-02));
#7226 = DIRECTION('',(-0.,-0.,-1.));
#7227 = DIRECTION('',(-0.,-1.,0.));
#7228 = ADVANCED_FACE('',(#7229),#7245,.F.);
#7229 = FACE_BOUND('',#7230,.T.);
#7230 = EDGE_LOOP('',(#7231,#7232,#7238,#7239));
#7231 = ORIENTED_EDGE('',*,*,#5973,.T.);
#7232 = ORIENTED_EDGE('',*,*,#7233,.T.);
#7233 = EDGE_CURVE('',#5976,#6505,#7234,.T.);
#7234 = LINE('',#7235,#7236);
#7235 = CARTESIAN_POINT('',(135.5,-80.15,-4.6E-02));
#7236 = VECTOR('',#7237,1.);
#7237 = DIRECTION('',(0.,0.,1.));
#7238 = ORIENTED_EDGE('',*,*,#6502,.F.);
#7239 = ORIENTED_EDGE('',*,*,#7240,.F.);
#7240 = EDGE_CURVE('',#5974,#6503,#7241,.T.);
#7241 = LINE('',#7242,#7243);
#7242 = CARTESIAN_POINT('',(135.5,-78.65,-4.6E-02));
#7243 = VECTOR('',#7244,1.);
#7244 = DIRECTION('',(0.,0.,1.));
#7245 = CYLINDRICAL_SURFACE('',#7246,0.75);
#7246 = AXIS2_PLACEMENT_3D('',#7247,#7248,#7249);
#7247 = CARTESIAN_POINT('',(135.5,-79.4,-4.6E-02));
#7248 = DIRECTION('',(-0.,-0.,-1.));
#7249 = DIRECTION('',(-0.,-1.,0.));
#7250 = ADVANCED_FACE('',(#7251),#7262,.T.);
#7251 = FACE_BOUND('',#7252,.T.);
#7252 = EDGE_LOOP('',(#7253,#7254,#7255,#7256));
#7253 = ORIENTED_EDGE('',*,*,#6001,.T.);
#7254 = ORIENTED_EDGE('',*,*,#7240,.T.);
#7255 = ORIENTED_EDGE('',*,*,#6530,.F.);
#7256 = ORIENTED_EDGE('',*,*,#7257,.F.);
#7257 = EDGE_CURVE('',#5993,#6522,#7258,.T.);
#7258 = LINE('',#7259,#7260);
#7259 = CARTESIAN_POINT('',(134.2,-78.65,-4.6E-02));
#7260 = VECTOR('',#7261,1.);
#7261 = DIRECTION('',(0.,0.,1.));
#7262 = PLANE('',#7263);
#7263 = AXIS2_PLACEMENT_3D('',#7264,#7265,#7266);
#7264 = CARTESIAN_POINT('',(135.5,-78.65,-4.6E-02));
#7265 = DIRECTION('',(0.,-1.,0.));
#7266 = DIRECTION('',(-1.,0.,0.));
#7267 = ADVANCED_FACE('',(#7268),#7279,.F.);
#7268 = FACE_BOUND('',#7269,.T.);
#7269 = EDGE_LOOP('',(#7270,#7271,#7272,#7273));
#7270 = ORIENTED_EDGE('',*,*,#5992,.T.);
#7271 = ORIENTED_EDGE('',*,*,#7257,.T.);
#7272 = ORIENTED_EDGE('',*,*,#6521,.F.);
#7273 = ORIENTED_EDGE('',*,*,#7274,.F.);
#7274 = EDGE_CURVE('',#5985,#6514,#7275,.T.);
#7275 = LINE('',#7276,#7277);
#7276 = CARTESIAN_POINT('',(134.2,-80.15,-4.6E-02));
#7277 = VECTOR('',#7278,1.);
#7278 = DIRECTION('',(0.,0.,1.));
#7279 = CYLINDRICAL_SURFACE('',#7280,0.75);
#7280 = AXIS2_PLACEMENT_3D('',#7281,#7282,#7283);
#7281 = CARTESIAN_POINT('',(134.2,-79.4,-4.6E-02));
#7282 = DIRECTION('',(-0.,0.,-1.));
#7283 = DIRECTION('',(0.,1.,0.));
#7284 = ADVANCED_FACE('',(#7285),#7291,.T.);
#7285 = FACE_BOUND('',#7286,.T.);
#7286 = EDGE_LOOP('',(#7287,#7288,#7289,#7290));
#7287 = ORIENTED_EDGE('',*,*,#5984,.T.);
#7288 = ORIENTED_EDGE('',*,*,#7274,.T.);
#7289 = ORIENTED_EDGE('',*,*,#6513,.F.);
#7290 = ORIENTED_EDGE('',*,*,#7233,.F.);
#7291 = PLANE('',#7292);
#7292 = AXIS2_PLACEMENT_3D('',#7293,#7294,#7295);
#7293 = CARTESIAN_POINT('',(134.2,-80.15,-4.6E-02));
#7294 = DIRECTION('',(0.,1.,0.));
#7295 = DIRECTION('',(1.,0.,0.));
#7296 = ADVANCED_FACE('',(#7297),#7308,.F.);
#7297 = FACE_BOUND('',#7298,.T.);
#7298 = EDGE_LOOP('',(#7299,#7300,#7306,#7307));
#7299 = ORIENTED_EDGE('',*,*,#6009,.T.);
#7300 = ORIENTED_EDGE('',*,*,#7301,.T.);
#7301 = EDGE_CURVE('',#6010,#6539,#7302,.T.);
#7302 = LINE('',#7303,#7304);
#7303 = CARTESIAN_POINT('',(141.85,-88.,-4.6E-02));
#7304 = VECTOR('',#7305,1.);
#7305 = DIRECTION('',(0.,0.,1.));
#7306 = ORIENTED_EDGE('',*,*,#6538,.F.);
#7307 = ORIENTED_EDGE('',*,*,#7301,.F.);
#7308 = CYLINDRICAL_SURFACE('',#7309,0.5);
#7309 = AXIS2_PLACEMENT_3D('',#7310,#7311,#7312);
#7310 = CARTESIAN_POINT('',(141.85,-87.5,-4.6E-02));
#7311 = DIRECTION('',(-0.,-0.,-1.));
#7312 = DIRECTION('',(-0.,-1.,0.));
#7313 = ADVANCED_FACE('',(#7314),#7325,.F.);
#7314 = FACE_BOUND('',#7315,.T.);
#7315 = EDGE_LOOP('',(#7316,#7317,#7323,#7324));
#7316 = ORIENTED_EDGE('',*,*,#6020,.T.);
#7317 = ORIENTED_EDGE('',*,*,#7318,.T.);
#7318 = EDGE_CURVE('',#6021,#6550,#7319,.T.);
#7319 = LINE('',#7320,#7321);
#7320 = CARTESIAN_POINT('',(150.975,-89.68,-4.6E-02));
#7321 = VECTOR('',#7322,1.);
#7322 = DIRECTION('',(0.,0.,1.));
#7323 = ORIENTED_EDGE('',*,*,#6549,.F.);
#7324 = ORIENTED_EDGE('',*,*,#7318,.F.);
#7325 = CYLINDRICAL_SURFACE('',#7326,0.5);
#7326 = AXIS2_PLACEMENT_3D('',#7327,#7328,#7329);
#7327 = CARTESIAN_POINT('',(150.975,-89.18,-4.6E-02));
#7328 = DIRECTION('',(-0.,-0.,-1.));
#7329 = DIRECTION('',(-0.,-1.,0.));
#7330 = ADVANCED_FACE('',(#7331),#7342,.F.);
#7331 = FACE_BOUND('',#7332,.T.);
#7332 = EDGE_LOOP('',(#7333,#7334,#7340,#7341));
#7333 = ORIENTED_EDGE('',*,*,#6031,.T.);
#7334 = ORIENTED_EDGE('',*,*,#7335,.T.);
#7335 = EDGE_CURVE('',#6032,#6561,#7336,.T.);
#7336 = LINE('',#7337,#7338);
#7337 = CARTESIAN_POINT('',(141.85,-83.,-4.6E-02));
#7338 = VECTOR('',#7339,1.);
#7339 = DIRECTION('',(0.,0.,1.));
#7340 = ORIENTED_EDGE('',*,*,#6560,.F.);
#7341 = ORIENTED_EDGE('',*,*,#7335,.F.);
#7342 = CYLINDRICAL_SURFACE('',#7343,0.5);
#7343 = AXIS2_PLACEMENT_3D('',#7344,#7345,#7346);
#7344 = CARTESIAN_POINT('',(141.85,-82.5,-4.6E-02));
#7345 = DIRECTION('',(-0.,-0.,-1.));
#7346 = DIRECTION('',(-0.,-1.,0.));
#7347 = ADVANCED_FACE('',(#7348),#7359,.F.);
#7348 = FACE_BOUND('',#7349,.T.);
#7349 = EDGE_LOOP('',(#7350,#7351,#7357,#7358));
#7350 = ORIENTED_EDGE('',*,*,#6042,.T.);
#7351 = ORIENTED_EDGE('',*,*,#7352,.T.);
#7352 = EDGE_CURVE('',#6043,#6572,#7353,.T.);
#7353 = LINE('',#7354,#7355);
#7354 = CARTESIAN_POINT('',(166.225,-99.84,-4.6E-02));
#7355 = VECTOR('',#7356,1.);
#7356 = DIRECTION('',(0.,0.,1.));
#7357 = ORIENTED_EDGE('',*,*,#6571,.F.);
#7358 = ORIENTED_EDGE('',*,*,#7352,.F.);
#7359 = CYLINDRICAL_SURFACE('',#7360,0.5);
#7360 = AXIS2_PLACEMENT_3D('',#7361,#7362,#7363);
#7361 = CARTESIAN_POINT('',(166.225,-99.34,-4.6E-02));
#7362 = DIRECTION('',(-0.,-0.,-1.));
#7363 = DIRECTION('',(-0.,-1.,0.));
#7364 = ADVANCED_FACE('',(#7365),#7376,.F.);
#7365 = FACE_BOUND('',#7366,.T.);
#7366 = EDGE_LOOP('',(#7367,#7368,#7374,#7375));
#7367 = ORIENTED_EDGE('',*,*,#6053,.T.);
#7368 = ORIENTED_EDGE('',*,*,#7369,.T.);
#7369 = EDGE_CURVE('',#6054,#6583,#7370,.T.);
#7370 = LINE('',#7371,#7372);
#7371 = CARTESIAN_POINT('',(166.225,-97.3,-4.6E-02));
#7372 = VECTOR('',#7373,1.);
#7373 = DIRECTION('',(0.,0.,1.));
#7374 = ORIENTED_EDGE('',*,*,#6582,.F.);
#7375 = ORIENTED_EDGE('',*,*,#7369,.F.);
#7376 = CYLINDRICAL_SURFACE('',#7377,0.5);
#7377 = AXIS2_PLACEMENT_3D('',#7378,#7379,#7380);
#7378 = CARTESIAN_POINT('',(166.225,-96.8,-4.6E-02));
#7379 = DIRECTION('',(-0.,-0.,-1.));
#7380 = DIRECTION('',(-0.,-1.,0.));
#7381 = ADVANCED_FACE('',(#7382),#7393,.F.);
#7382 = FACE_BOUND('',#7383,.T.);
#7383 = EDGE_LOOP('',(#7384,#7385,#7391,#7392));
#7384 = ORIENTED_EDGE('',*,*,#6064,.T.);
#7385 = ORIENTED_EDGE('',*,*,#7386,.T.);
#7386 = EDGE_CURVE('',#6065,#6594,#7387,.T.);
#7387 = LINE('',#7388,#7389);
#7388 = CARTESIAN_POINT('',(166.225,-94.76,-4.6E-02));
#7389 = VECTOR('',#7390,1.);
#7390 = DIRECTION('',(0.,0.,1.));
#7391 = ORIENTED_EDGE('',*,*,#6593,.F.);
#7392 = ORIENTED_EDGE('',*,*,#7386,.F.);
#7393 = CYLINDRICAL_SURFACE('',#7394,0.5);
#7394 = AXIS2_PLACEMENT_3D('',#7395,#7396,#7397);
#7395 = CARTESIAN_POINT('',(166.225,-94.26,-4.6E-02));
#7396 = DIRECTION('',(-0.,-0.,-1.));
#7397 = DIRECTION('',(-0.,-1.,0.));
#7398 = ADVANCED_FACE('',(#7399),#7410,.F.);
#7399 = FACE_BOUND('',#7400,.T.);
#7400 = EDGE_LOOP('',(#7401,#7402,#7408,#7409));
#7401 = ORIENTED_EDGE('',*,*,#6075,.T.);
#7402 = ORIENTED_EDGE('',*,*,#7403,.T.);
#7403 = EDGE_CURVE('',#6076,#6605,#7404,.T.);
#7404 = LINE('',#7405,#7406);
#7405 = CARTESIAN_POINT('',(166.225,-92.22,-4.6E-02));
#7406 = VECTOR('',#7407,1.);
#7407 = DIRECTION('',(0.,0.,1.));
#7408 = ORIENTED_EDGE('',*,*,#6604,.F.);
#7409 = ORIENTED_EDGE('',*,*,#7403,.F.);
#7410 = CYLINDRICAL_SURFACE('',#7411,0.5);
#7411 = AXIS2_PLACEMENT_3D('',#7412,#7413,#7414);
#7412 = CARTESIAN_POINT('',(166.225,-91.72,-4.6E-02));
#7413 = DIRECTION('',(-0.,-0.,-1.));
#7414 = DIRECTION('',(-0.,-1.,0.));
#7415 = ADVANCED_FACE('',(#7416),#7427,.F.);
#7416 = FACE_BOUND('',#7417,.T.);
#7417 = EDGE_LOOP('',(#7418,#7419,#7425,#7426));
#7418 = ORIENTED_EDGE('',*,*,#6086,.T.);
#7419 = ORIENTED_EDGE('',*,*,#7420,.T.);
#7420 = EDGE_CURVE('',#6087,#6616,#7421,.T.);
#7421 = LINE('',#7422,#7423);
#7422 = CARTESIAN_POINT('',(182.8,-90.78,-4.6E-02));
#7423 = VECTOR('',#7424,1.);
#7424 = DIRECTION('',(0.,0.,1.));
#7425 = ORIENTED_EDGE('',*,*,#6615,.F.);
#7426 = ORIENTED_EDGE('',*,*,#7420,.F.);
#7427 = CYLINDRICAL_SURFACE('',#7428,0.5);
#7428 = AXIS2_PLACEMENT_3D('',#7429,#7430,#7431);
#7429 = CARTESIAN_POINT('',(182.8,-90.28,-4.6E-02));
#7430 = DIRECTION('',(-0.,-0.,-1.));
#7431 = DIRECTION('',(-0.,-1.,0.));
#7432 = ADVANCED_FACE('',(#7433),#7444,.F.);
#7433 = FACE_BOUND('',#7434,.T.);
#7434 = EDGE_LOOP('',(#7435,#7436,#7442,#7443));
#7435 = ORIENTED_EDGE('',*,*,#6097,.T.);
#7436 = ORIENTED_EDGE('',*,*,#7437,.T.);
#7437 = EDGE_CURVE('',#6098,#6627,#7438,.T.);
#7438 = LINE('',#7439,#7440);
#7439 = CARTESIAN_POINT('',(166.225,-89.68,-4.6E-02));
#7440 = VECTOR('',#7441,1.);
#7441 = DIRECTION('',(0.,0.,1.));
#7442 = ORIENTED_EDGE('',*,*,#6626,.F.);
#7443 = ORIENTED_EDGE('',*,*,#7437,.F.);
#7444 = CYLINDRICAL_SURFACE('',#7445,0.5);
#7445 = AXIS2_PLACEMENT_3D('',#7446,#7447,#7448);
#7446 = CARTESIAN_POINT('',(166.225,-89.18,-4.6E-02));
#7447 = DIRECTION('',(-0.,-0.,-1.));
#7448 = DIRECTION('',(-0.,-1.,0.));
#7449 = ADVANCED_FACE('',(#7450),#7461,.F.);
#7450 = FACE_BOUND('',#7451,.T.);
#7451 = EDGE_LOOP('',(#7452,#7453,#7459,#7460));
#7452 = ORIENTED_EDGE('',*,*,#6108,.T.);
#7453 = ORIENTED_EDGE('',*,*,#7454,.T.);
#7454 = EDGE_CURVE('',#6109,#6638,#7455,.T.);
#7455 = LINE('',#7456,#7457);
#7456 = CARTESIAN_POINT('',(182.8,-88.24,-4.6E-02));
#7457 = VECTOR('',#7458,1.);
#7458 = DIRECTION('',(0.,0.,1.));
#7459 = ORIENTED_EDGE('',*,*,#6637,.F.);
#7460 = ORIENTED_EDGE('',*,*,#7454,.F.);
#7461 = CYLINDRICAL_SURFACE('',#7462,0.5);
#7462 = AXIS2_PLACEMENT_3D('',#7463,#7464,#7465);
#7463 = CARTESIAN_POINT('',(182.8,-87.74,-4.6E-02));
#7464 = DIRECTION('',(-0.,-0.,-1.));
#7465 = DIRECTION('',(-0.,-1.,0.));
#7466 = ADVANCED_FACE('',(#7467),#7478,.F.);
#7467 = FACE_BOUND('',#7468,.T.);
#7468 = EDGE_LOOP('',(#7469,#7470,#7476,#7477));
#7469 = ORIENTED_EDGE('',*,*,#6119,.T.);
#7470 = ORIENTED_EDGE('',*,*,#7471,.T.);
#7471 = EDGE_CURVE('',#6120,#6649,#7472,.T.);
#7472 = LINE('',#7473,#7474);
#7473 = CARTESIAN_POINT('',(182.8,-85.7,-4.6E-02));
#7474 = VECTOR('',#7475,1.);
#7475 = DIRECTION('',(0.,0.,1.));
#7476 = ORIENTED_EDGE('',*,*,#6648,.F.);
#7477 = ORIENTED_EDGE('',*,*,#7471,.F.);
#7478 = CYLINDRICAL_SURFACE('',#7479,0.5);
#7479 = AXIS2_PLACEMENT_3D('',#7480,#7481,#7482);
#7480 = CARTESIAN_POINT('',(182.8,-85.2,-4.6E-02));
#7481 = DIRECTION('',(-0.,-0.,-1.));
#7482 = DIRECTION('',(-0.,-1.,0.));
#7483 = ADVANCED_FACE('',(#7484),#7495,.F.);
#7484 = FACE_BOUND('',#7485,.T.);
#7485 = EDGE_LOOP('',(#7486,#7487,#7493,#7494));
#7486 = ORIENTED_EDGE('',*,*,#6130,.T.);
#7487 = ORIENTED_EDGE('',*,*,#7488,.T.);
#7488 = EDGE_CURVE('',#6131,#6660,#7489,.T.);
#7489 = LINE('',#7490,#7491);
#7490 = CARTESIAN_POINT('',(182.8,-83.16,-4.6E-02));
#7491 = VECTOR('',#7492,1.);
#7492 = DIRECTION('',(0.,0.,1.));
#7493 = ORIENTED_EDGE('',*,*,#6659,.F.);
#7494 = ORIENTED_EDGE('',*,*,#7488,.F.);
#7495 = CYLINDRICAL_SURFACE('',#7496,0.5);
#7496 = AXIS2_PLACEMENT_3D('',#7497,#7498,#7499);
#7497 = CARTESIAN_POINT('',(182.8,-82.66,-4.6E-02));
#7498 = DIRECTION('',(-0.,-0.,-1.));
#7499 = DIRECTION('',(-0.,-1.,0.));
#7500 = ( GEOMETRIC_REPRESENTATION_CONTEXT(3) 
GLOBAL_UNCERTAINTY_ASSIGNED_CONTEXT((#7504)) 
GLOBAL_UNIT_ASSIGNED_CONTEXT((#7501,#7502,#7503)) REPRESENTATION_CONTEXT
('Context #1','3D Context with UNIT and UNCERTAINTY') );
#7501 = ( LENGTH_UNIT() NAMED_UNIT(*) SI_UNIT(.MILLI.,.METRE.) );
#7502 = ( NAMED_UNIT(*) PLANE_ANGLE_UNIT() SI_UNIT($,.RADIAN.) );
#7503 = ( NAMED_UNIT(*) SI_UNIT($,.STERADIAN.) SOLID_ANGLE_UNIT() );
#7504 = UNCERTAINTY_MEASURE_WITH_UNIT(LENGTH_MEASURE(1.E-07),#7501,
  'distance_accuracy_value','confusion accuracy');
#7505 = CONTEXT_DEPENDENT_SHAPE_REPRESENTATION(#7506,#7508);
#7506 = ( REPRESENTATION_RELATIONSHIP('','',#5509,#10) 
REPRESENTATION_RELATIONSHIP_WITH_TRANSFORMATION(#7507) 
SHAPE_REPRESENTATION_RELATIONSHIP() );
#7507 = ITEM_DEFINED_TRANSFORMATION('','',#11,#27);
#7508 = PRODUCT_DEFINITION_SHAPE('Placement','Placement of an item',
  #7509);
#7509 = NEXT_ASSEMBLY_USAGE_OCCURRENCE('7','=>[0:1:1:8]','',#5,#5504,$);
#7510 = PRODUCT_RELATED_PRODUCT_CATEGORY('part',$,(#5506));
#7511 = MECHANICAL_DESIGN_GEOMETRIC_PRESENTATION_REPRESENTATION('',(
    #7512,#7520,#7527,#7534,#7541,#7548,#7555,#7562,#7569,#7576,#7583,
    #7590,#7597,#7604,#7611,#7618,#7625,#7632,#7639,#7646,#7653,#7660,
    #7667,#7674,#7681,#7688,#7695,#7702,#7709,#7717,#7724,#7731,#7738,
    #7745,#7752,#7759,#7766,#7773,#7780,#7787,#7794,#7801,#7808,#7815,
    #7822,#7829,#7836,#7843,#7850,#7857,#7864,#7871,#7878,#7885,#7892,
    #7899,#7906,#7913,#7920,#7927,#7934,#7941,#7948,#7955,#7962,#7969,
    #7976,#7983,#7990,#7997,#8004,#8011,#8018,#8025,#8032,#8039,#8046,
    #8053,#8060,#8067,#8074,#8081,#8088,#8095,#8102,#8109,#8116,#8123,
    #8130,#8137,#8144,#8151,#8158,#8165,#8172,#8179,#8186,#8193,#8200,
    #8207),#2848);
#7512 = STYLED_ITEM('color',(#7513),#70);
#7513 = PRESENTATION_STYLE_ASSIGNMENT((#7514));
#7514 = SURFACE_STYLE_USAGE(.BOTH.,#7515);
#7515 = SURFACE_SIDE_STYLE('',(#7516));
#7516 = SURFACE_STYLE_FILL_AREA(#7517);
#7517 = FILL_AREA_STYLE('',(#7518));
#7518 = FILL_AREA_STYLE_COLOUR('',#7519);
#7519 = COLOUR_RGB('',0.147999998088,0.144999993226,0.144999993226);
#7520 = STYLED_ITEM('color',(#7521),#110);
#7521 = PRESENTATION_STYLE_ASSIGNMENT((#7522));
#7522 = SURFACE_STYLE_USAGE(.BOTH.,#7523);
#7523 = SURFACE_SIDE_STYLE('',(#7524));
#7524 = SURFACE_STYLE_FILL_AREA(#7525);
#7525 = FILL_AREA_STYLE('',(#7526));
#7526 = FILL_AREA_STYLE_COLOUR('',#7519);
#7527 = STYLED_ITEM('color',(#7528),#141);
#7528 = PRESENTATION_STYLE_ASSIGNMENT((#7529));
#7529 = SURFACE_STYLE_USAGE(.BOTH.,#7530);
#7530 = SURFACE_SIDE_STYLE('',(#7531));
#7531 = SURFACE_STYLE_FILL_AREA(#7532);
#7532 = FILL_AREA_STYLE('',(#7533));
#7533 = FILL_AREA_STYLE_COLOUR('',#7519);
#7534 = STYLED_ITEM('color',(#7535),#172);
#7535 = PRESENTATION_STYLE_ASSIGNMENT((#7536));
#7536 = SURFACE_STYLE_USAGE(.BOTH.,#7537);
#7537 = SURFACE_SIDE_STYLE('',(#7538));
#7538 = SURFACE_STYLE_FILL_AREA(#7539);
#7539 = FILL_AREA_STYLE('',(#7540));
#7540 = FILL_AREA_STYLE_COLOUR('',#7519);
#7541 = STYLED_ITEM('color',(#7542),#501);
#7542 = PRESENTATION_STYLE_ASSIGNMENT((#7543));
#7543 = SURFACE_STYLE_USAGE(.BOTH.,#7544);
#7544 = SURFACE_SIDE_STYLE('',(#7545));
#7545 = SURFACE_STYLE_FILL_AREA(#7546);
#7546 = FILL_AREA_STYLE('',(#7547));
#7547 = FILL_AREA_STYLE_COLOUR('',#7519);
#7548 = STYLED_ITEM('color',(#7549),#830);
#7549 = PRESENTATION_STYLE_ASSIGNMENT((#7550));
#7550 = SURFACE_STYLE_USAGE(.BOTH.,#7551);
#7551 = SURFACE_SIDE_STYLE('',(#7552));
#7552 = SURFACE_STYLE_FILL_AREA(#7553);
#7553 = FILL_AREA_STYLE('',(#7554));
#7554 = FILL_AREA_STYLE_COLOUR('',#7519);
#7555 = STYLED_ITEM('color',(#7556),#847);
#7556 = PRESENTATION_STYLE_ASSIGNMENT((#7557));
#7557 = SURFACE_STYLE_USAGE(.BOTH.,#7558);
#7558 = SURFACE_SIDE_STYLE('',(#7559));
#7559 = SURFACE_STYLE_FILL_AREA(#7560);
#7560 = FILL_AREA_STYLE('',(#7561));
#7561 = FILL_AREA_STYLE_COLOUR('',#7519);
#7562 = STYLED_ITEM('color',(#7563),#864);
#7563 = PRESENTATION_STYLE_ASSIGNMENT((#7564));
#7564 = SURFACE_STYLE_USAGE(.BOTH.,#7565);
#7565 = SURFACE_SIDE_STYLE('',(#7566));
#7566 = SURFACE_STYLE_FILL_AREA(#7567);
#7567 = FILL_AREA_STYLE('',(#7568));
#7568 = FILL_AREA_STYLE_COLOUR('',#7519);
#7569 = STYLED_ITEM('color',(#7570),#881);
#7570 = PRESENTATION_STYLE_ASSIGNMENT((#7571));
#7571 = SURFACE_STYLE_USAGE(.BOTH.,#7572);
#7572 = SURFACE_SIDE_STYLE('',(#7573));
#7573 = SURFACE_STYLE_FILL_AREA(#7574);
#7574 = FILL_AREA_STYLE('',(#7575));
#7575 = FILL_AREA_STYLE_COLOUR('',#7519);
#7576 = STYLED_ITEM('color',(#7577),#898);
#7577 = PRESENTATION_STYLE_ASSIGNMENT((#7578));
#7578 = SURFACE_STYLE_USAGE(.BOTH.,#7579);
#7579 = SURFACE_SIDE_STYLE('',(#7580));
#7580 = SURFACE_STYLE_FILL_AREA(#7581);
#7581 = FILL_AREA_STYLE('',(#7582));
#7582 = FILL_AREA_STYLE_COLOUR('',#7519);
#7583 = STYLED_ITEM('color',(#7584),#915);
#7584 = PRESENTATION_STYLE_ASSIGNMENT((#7585));
#7585 = SURFACE_STYLE_USAGE(.BOTH.,#7586);
#7586 = SURFACE_SIDE_STYLE('',(#7587));
#7587 = SURFACE_STYLE_FILL_AREA(#7588);
#7588 = FILL_AREA_STYLE('',(#7589));
#7589 = FILL_AREA_STYLE_COLOUR('',#7519);
#7590 = STYLED_ITEM('color',(#7591),#932);
#7591 = PRESENTATION_STYLE_ASSIGNMENT((#7592));
#7592 = SURFACE_STYLE_USAGE(.BOTH.,#7593);
#7593 = SURFACE_SIDE_STYLE('',(#7594));
#7594 = SURFACE_STYLE_FILL_AREA(#7595);
#7595 = FILL_AREA_STYLE('',(#7596));
#7596 = FILL_AREA_STYLE_COLOUR('',#7519);
#7597 = STYLED_ITEM('color',(#7598),#949);
#7598 = PRESENTATION_STYLE_ASSIGNMENT((#7599));
#7599 = SURFACE_STYLE_USAGE(.BOTH.,#7600);
#7600 = SURFACE_SIDE_STYLE('',(#7601));
#7601 = SURFACE_STYLE_FILL_AREA(#7602);
#7602 = FILL_AREA_STYLE('',(#7603));
#7603 = FILL_AREA_STYLE_COLOUR('',#7519);
#7604 = STYLED_ITEM('color',(#7605),#966);
#7605 = PRESENTATION_STYLE_ASSIGNMENT((#7606));
#7606 = SURFACE_STYLE_USAGE(.BOTH.,#7607);
#7607 = SURFACE_SIDE_STYLE('',(#7608));
#7608 = SURFACE_STYLE_FILL_AREA(#7609);
#7609 = FILL_AREA_STYLE('',(#7610));
#7610 = FILL_AREA_STYLE_COLOUR('',#7519);
#7611 = STYLED_ITEM('color',(#7612),#983);
#7612 = PRESENTATION_STYLE_ASSIGNMENT((#7613));
#7613 = SURFACE_STYLE_USAGE(.BOTH.,#7614);
#7614 = SURFACE_SIDE_STYLE('',(#7615));
#7615 = SURFACE_STYLE_FILL_AREA(#7616);
#7616 = FILL_AREA_STYLE('',(#7617));
#7617 = FILL_AREA_STYLE_COLOUR('',#7519);
#7618 = STYLED_ITEM('color',(#7619),#1000);
#7619 = PRESENTATION_STYLE_ASSIGNMENT((#7620));
#7620 = SURFACE_STYLE_USAGE(.BOTH.,#7621);
#7621 = SURFACE_SIDE_STYLE('',(#7622));
#7622 = SURFACE_STYLE_FILL_AREA(#7623);
#7623 = FILL_AREA_STYLE('',(#7624));
#7624 = FILL_AREA_STYLE_COLOUR('',#7519);
#7625 = STYLED_ITEM('color',(#7626),#1017);
#7626 = PRESENTATION_STYLE_ASSIGNMENT((#7627));
#7627 = SURFACE_STYLE_USAGE(.BOTH.,#7628);
#7628 = SURFACE_SIDE_STYLE('',(#7629));
#7629 = SURFACE_STYLE_FILL_AREA(#7630);
#7630 = FILL_AREA_STYLE('',(#7631));
#7631 = FILL_AREA_STYLE_COLOUR('',#7519);
#7632 = STYLED_ITEM('color',(#7633),#1034);
#7633 = PRESENTATION_STYLE_ASSIGNMENT((#7634));
#7634 = SURFACE_STYLE_USAGE(.BOTH.,#7635);
#7635 = SURFACE_SIDE_STYLE('',(#7636));
#7636 = SURFACE_STYLE_FILL_AREA(#7637);
#7637 = FILL_AREA_STYLE('',(#7638));
#7638 = FILL_AREA_STYLE_COLOUR('',#7519);
#7639 = STYLED_ITEM('color',(#7640),#1051);
#7640 = PRESENTATION_STYLE_ASSIGNMENT((#7641));
#7641 = SURFACE_STYLE_USAGE(.BOTH.,#7642);
#7642 = SURFACE_SIDE_STYLE('',(#7643));
#7643 = SURFACE_STYLE_FILL_AREA(#7644);
#7644 = FILL_AREA_STYLE('',(#7645));
#7645 = FILL_AREA_STYLE_COLOUR('',#7519);
#7646 = STYLED_ITEM('color',(#7647),#1068);
#7647 = PRESENTATION_STYLE_ASSIGNMENT((#7648));
#7648 = SURFACE_STYLE_USAGE(.BOTH.,#7649);
#7649 = SURFACE_SIDE_STYLE('',(#7650));
#7650 = SURFACE_STYLE_FILL_AREA(#7651);
#7651 = FILL_AREA_STYLE('',(#7652));
#7652 = FILL_AREA_STYLE_COLOUR('',#7519);
#7653 = STYLED_ITEM('color',(#7654),#1085);
#7654 = PRESENTATION_STYLE_ASSIGNMENT((#7655));
#7655 = SURFACE_STYLE_USAGE(.BOTH.,#7656);
#7656 = SURFACE_SIDE_STYLE('',(#7657));
#7657 = SURFACE_STYLE_FILL_AREA(#7658);
#7658 = FILL_AREA_STYLE('',(#7659));
#7659 = FILL_AREA_STYLE_COLOUR('',#7519);
#7660 = STYLED_ITEM('color',(#7661),#1102);
#7661 = PRESENTATION_STYLE_ASSIGNMENT((#7662));
#7662 = SURFACE_STYLE_USAGE(.BOTH.,#7663);
#7663 = SURFACE_SIDE_STYLE('',(#7664));
#7664 = SURFACE_STYLE_FILL_AREA(#7665);
#7665 = FILL_AREA_STYLE('',(#7666));
#7666 = FILL_AREA_STYLE_COLOUR('',#7519);
#7667 = STYLED_ITEM('color',(#7668),#1119);
#7668 = PRESENTATION_STYLE_ASSIGNMENT((#7669));
#7669 = SURFACE_STYLE_USAGE(.BOTH.,#7670);
#7670 = SURFACE_SIDE_STYLE('',(#7671));
#7671 = SURFACE_STYLE_FILL_AREA(#7672);
#7672 = FILL_AREA_STYLE('',(#7673));
#7673 = FILL_AREA_STYLE_COLOUR('',#7519);
#7674 = STYLED_ITEM('color',(#7675),#1136);
#7675 = PRESENTATION_STYLE_ASSIGNMENT((#7676));
#7676 = SURFACE_STYLE_USAGE(.BOTH.,#7677);
#7677 = SURFACE_SIDE_STYLE('',(#7678));
#7678 = SURFACE_STYLE_FILL_AREA(#7679);
#7679 = FILL_AREA_STYLE('',(#7680));
#7680 = FILL_AREA_STYLE_COLOUR('',#7519);
#7681 = STYLED_ITEM('color',(#7682),#1153);
#7682 = PRESENTATION_STYLE_ASSIGNMENT((#7683));
#7683 = SURFACE_STYLE_USAGE(.BOTH.,#7684);
#7684 = SURFACE_SIDE_STYLE('',(#7685));
#7685 = SURFACE_STYLE_FILL_AREA(#7686);
#7686 = FILL_AREA_STYLE('',(#7687));
#7687 = FILL_AREA_STYLE_COLOUR('',#7519);
#7688 = STYLED_ITEM('color',(#7689),#1170);
#7689 = PRESENTATION_STYLE_ASSIGNMENT((#7690));
#7690 = SURFACE_STYLE_USAGE(.BOTH.,#7691);
#7691 = SURFACE_SIDE_STYLE('',(#7692));
#7692 = SURFACE_STYLE_FILL_AREA(#7693);
#7693 = FILL_AREA_STYLE('',(#7694));
#7694 = FILL_AREA_STYLE_COLOUR('',#7519);
#7695 = STYLED_ITEM('color',(#7696),#1187);
#7696 = PRESENTATION_STYLE_ASSIGNMENT((#7697));
#7697 = SURFACE_STYLE_USAGE(.BOTH.,#7698);
#7698 = SURFACE_SIDE_STYLE('',(#7699));
#7699 = SURFACE_STYLE_FILL_AREA(#7700);
#7700 = FILL_AREA_STYLE('',(#7701));
#7701 = FILL_AREA_STYLE_COLOUR('',#7519);
#7702 = STYLED_ITEM('color',(#7703),#1204);
#7703 = PRESENTATION_STYLE_ASSIGNMENT((#7704));
#7704 = SURFACE_STYLE_USAGE(.BOTH.,#7705);
#7705 = SURFACE_SIDE_STYLE('',(#7706));
#7706 = SURFACE_STYLE_FILL_AREA(#7707);
#7707 = FILL_AREA_STYLE('',(#7708));
#7708 = FILL_AREA_STYLE_COLOUR('',#7519);
#7709 = STYLED_ITEM('color',(#7710),#1216);
#7710 = PRESENTATION_STYLE_ASSIGNMENT((#7711));
#7711 = SURFACE_STYLE_USAGE(.BOTH.,#7712);
#7712 = SURFACE_SIDE_STYLE('',(#7713));
#7713 = SURFACE_STYLE_FILL_AREA(#7714);
#7714 = FILL_AREA_STYLE('',(#7715));
#7715 = FILL_AREA_STYLE_COLOUR('',#7716);
#7716 = COLOUR_RGB('',0.859000020776,0.737999965183,0.495999988746);
#7717 = STYLED_ITEM('color',(#7718),#1247);
#7718 = PRESENTATION_STYLE_ASSIGNMENT((#7719));
#7719 = SURFACE_STYLE_USAGE(.BOTH.,#7720);
#7720 = SURFACE_SIDE_STYLE('',(#7721));
#7721 = SURFACE_STYLE_FILL_AREA(#7722);
#7722 = FILL_AREA_STYLE('',(#7723));
#7723 = FILL_AREA_STYLE_COLOUR('',#7716);
#7724 = STYLED_ITEM('color',(#7725),#1271);
#7725 = PRESENTATION_STYLE_ASSIGNMENT((#7726));
#7726 = SURFACE_STYLE_USAGE(.BOTH.,#7727);
#7727 = SURFACE_SIDE_STYLE('',(#7728));
#7728 = SURFACE_STYLE_FILL_AREA(#7729);
#7729 = FILL_AREA_STYLE('',(#7730));
#7730 = FILL_AREA_STYLE_COLOUR('',#7716);
#7731 = STYLED_ITEM('color',(#7732),#1295);
#7732 = PRESENTATION_STYLE_ASSIGNMENT((#7733));
#7733 = SURFACE_STYLE_USAGE(.BOTH.,#7734);
#7734 = SURFACE_SIDE_STYLE('',(#7735));
#7735 = SURFACE_STYLE_FILL_AREA(#7736);
#7736 = FILL_AREA_STYLE('',(#7737));
#7737 = FILL_AREA_STYLE_COLOUR('',#7716);
#7738 = STYLED_ITEM('color',(#7739),#1312);
#7739 = PRESENTATION_STYLE_ASSIGNMENT((#7740));
#7740 = SURFACE_STYLE_USAGE(.BOTH.,#7741);
#7741 = SURFACE_SIDE_STYLE('',(#7742));
#7742 = SURFACE_STYLE_FILL_AREA(#7743);
#7743 = FILL_AREA_STYLE('',(#7744));
#7744 = FILL_AREA_STYLE_COLOUR('',#7716);
#7745 = STYLED_ITEM('color',(#7746),#1343);
#7746 = PRESENTATION_STYLE_ASSIGNMENT((#7747));
#7747 = SURFACE_STYLE_USAGE(.BOTH.,#7748);
#7748 = SURFACE_SIDE_STYLE('',(#7749));
#7749 = SURFACE_STYLE_FILL_AREA(#7750);
#7750 = FILL_AREA_STYLE('',(#7751));
#7751 = FILL_AREA_STYLE_COLOUR('',#7716);
#7752 = STYLED_ITEM('color',(#7753),#1367);
#7753 = PRESENTATION_STYLE_ASSIGNMENT((#7754));
#7754 = SURFACE_STYLE_USAGE(.BOTH.,#7755);
#7755 = SURFACE_SIDE_STYLE('',(#7756));
#7756 = SURFACE_STYLE_FILL_AREA(#7757);
#7757 = FILL_AREA_STYLE('',(#7758));
#7758 = FILL_AREA_STYLE_COLOUR('',#7716);
#7759 = STYLED_ITEM('color',(#7760),#1391);
#7760 = PRESENTATION_STYLE_ASSIGNMENT((#7761));
#7761 = SURFACE_STYLE_USAGE(.BOTH.,#7762);
#7762 = SURFACE_SIDE_STYLE('',(#7763));
#7763 = SURFACE_STYLE_FILL_AREA(#7764);
#7764 = FILL_AREA_STYLE('',(#7765));
#7765 = FILL_AREA_STYLE_COLOUR('',#7716);
#7766 = STYLED_ITEM('color',(#7767),#1408);
#7767 = PRESENTATION_STYLE_ASSIGNMENT((#7768));
#7768 = SURFACE_STYLE_USAGE(.BOTH.,#7769);
#7769 = SURFACE_SIDE_STYLE('',(#7770));
#7770 = SURFACE_STYLE_FILL_AREA(#7771);
#7771 = FILL_AREA_STYLE('',(#7772));
#7772 = FILL_AREA_STYLE_COLOUR('',#7716);
#7773 = STYLED_ITEM('color',(#7774),#1439);
#7774 = PRESENTATION_STYLE_ASSIGNMENT((#7775));
#7775 = SURFACE_STYLE_USAGE(.BOTH.,#7776);
#7776 = SURFACE_SIDE_STYLE('',(#7777));
#7777 = SURFACE_STYLE_FILL_AREA(#7778);
#7778 = FILL_AREA_STYLE('',(#7779));
#7779 = FILL_AREA_STYLE_COLOUR('',#7716);
#7780 = STYLED_ITEM('color',(#7781),#1463);
#7781 = PRESENTATION_STYLE_ASSIGNMENT((#7782));
#7782 = SURFACE_STYLE_USAGE(.BOTH.,#7783);
#7783 = SURFACE_SIDE_STYLE('',(#7784));
#7784 = SURFACE_STYLE_FILL_AREA(#7785);
#7785 = FILL_AREA_STYLE('',(#7786));
#7786 = FILL_AREA_STYLE_COLOUR('',#7716);
#7787 = STYLED_ITEM('color',(#7788),#1487);
#7788 = PRESENTATION_STYLE_ASSIGNMENT((#7789));
#7789 = SURFACE_STYLE_USAGE(.BOTH.,#7790);
#7790 = SURFACE_SIDE_STYLE('',(#7791));
#7791 = SURFACE_STYLE_FILL_AREA(#7792);
#7792 = FILL_AREA_STYLE('',(#7793));
#7793 = FILL_AREA_STYLE_COLOUR('',#7716);
#7794 = STYLED_ITEM('color',(#7795),#1504);
#7795 = PRESENTATION_STYLE_ASSIGNMENT((#7796));
#7796 = SURFACE_STYLE_USAGE(.BOTH.,#7797);
#7797 = SURFACE_SIDE_STYLE('',(#7798));
#7798 = SURFACE_STYLE_FILL_AREA(#7799);
#7799 = FILL_AREA_STYLE('',(#7800));
#7800 = FILL_AREA_STYLE_COLOUR('',#7716);
#7801 = STYLED_ITEM('color',(#7802),#1535);
#7802 = PRESENTATION_STYLE_ASSIGNMENT((#7803));
#7803 = SURFACE_STYLE_USAGE(.BOTH.,#7804);
#7804 = SURFACE_SIDE_STYLE('',(#7805));
#7805 = SURFACE_STYLE_FILL_AREA(#7806);
#7806 = FILL_AREA_STYLE('',(#7807));
#7807 = FILL_AREA_STYLE_COLOUR('',#7716);
#7808 = STYLED_ITEM('color',(#7809),#1559);
#7809 = PRESENTATION_STYLE_ASSIGNMENT((#7810));
#7810 = SURFACE_STYLE_USAGE(.BOTH.,#7811);
#7811 = SURFACE_SIDE_STYLE('',(#7812));
#7812 = SURFACE_STYLE_FILL_AREA(#7813);
#7813 = FILL_AREA_STYLE('',(#7814));
#7814 = FILL_AREA_STYLE_COLOUR('',#7716);
#7815 = STYLED_ITEM('color',(#7816),#1583);
#7816 = PRESENTATION_STYLE_ASSIGNMENT((#7817));
#7817 = SURFACE_STYLE_USAGE(.BOTH.,#7818);
#7818 = SURFACE_SIDE_STYLE('',(#7819));
#7819 = SURFACE_STYLE_FILL_AREA(#7820);
#7820 = FILL_AREA_STYLE('',(#7821));
#7821 = FILL_AREA_STYLE_COLOUR('',#7716);
#7822 = STYLED_ITEM('color',(#7823),#1600);
#7823 = PRESENTATION_STYLE_ASSIGNMENT((#7824));
#7824 = SURFACE_STYLE_USAGE(.BOTH.,#7825);
#7825 = SURFACE_SIDE_STYLE('',(#7826));
#7826 = SURFACE_STYLE_FILL_AREA(#7827);
#7827 = FILL_AREA_STYLE('',(#7828));
#7828 = FILL_AREA_STYLE_COLOUR('',#7716);
#7829 = STYLED_ITEM('color',(#7830),#1631);
#7830 = PRESENTATION_STYLE_ASSIGNMENT((#7831));
#7831 = SURFACE_STYLE_USAGE(.BOTH.,#7832);
#7832 = SURFACE_SIDE_STYLE('',(#7833));
#7833 = SURFACE_STYLE_FILL_AREA(#7834);
#7834 = FILL_AREA_STYLE('',(#7835));
#7835 = FILL_AREA_STYLE_COLOUR('',#7716);
#7836 = STYLED_ITEM('color',(#7837),#1655);
#7837 = PRESENTATION_STYLE_ASSIGNMENT((#7838));
#7838 = SURFACE_STYLE_USAGE(.BOTH.,#7839);
#7839 = SURFACE_SIDE_STYLE('',(#7840));
#7840 = SURFACE_STYLE_FILL_AREA(#7841);
#7841 = FILL_AREA_STYLE('',(#7842));
#7842 = FILL_AREA_STYLE_COLOUR('',#7716);
#7843 = STYLED_ITEM('color',(#7844),#1679);
#7844 = PRESENTATION_STYLE_ASSIGNMENT((#7845));
#7845 = SURFACE_STYLE_USAGE(.BOTH.,#7846);
#7846 = SURFACE_SIDE_STYLE('',(#7847));
#7847 = SURFACE_STYLE_FILL_AREA(#7848);
#7848 = FILL_AREA_STYLE('',(#7849));
#7849 = FILL_AREA_STYLE_COLOUR('',#7716);
#7850 = STYLED_ITEM('color',(#7851),#1696);
#7851 = PRESENTATION_STYLE_ASSIGNMENT((#7852));
#7852 = SURFACE_STYLE_USAGE(.BOTH.,#7853);
#7853 = SURFACE_SIDE_STYLE('',(#7854));
#7854 = SURFACE_STYLE_FILL_AREA(#7855);
#7855 = FILL_AREA_STYLE('',(#7856));
#7856 = FILL_AREA_STYLE_COLOUR('',#7716);
#7857 = STYLED_ITEM('color',(#7858),#1727);
#7858 = PRESENTATION_STYLE_ASSIGNMENT((#7859));
#7859 = SURFACE_STYLE_USAGE(.BOTH.,#7860);
#7860 = SURFACE_SIDE_STYLE('',(#7861));
#7861 = SURFACE_STYLE_FILL_AREA(#7862);
#7862 = FILL_AREA_STYLE('',(#7863));
#7863 = FILL_AREA_STYLE_COLOUR('',#7716);
#7864 = STYLED_ITEM('color',(#7865),#1751);
#7865 = PRESENTATION_STYLE_ASSIGNMENT((#7866));
#7866 = SURFACE_STYLE_USAGE(.BOTH.,#7867);
#7867 = SURFACE_SIDE_STYLE('',(#7868));
#7868 = SURFACE_STYLE_FILL_AREA(#7869);
#7869 = FILL_AREA_STYLE('',(#7870));
#7870 = FILL_AREA_STYLE_COLOUR('',#7716);
#7871 = STYLED_ITEM('color',(#7872),#1775);
#7872 = PRESENTATION_STYLE_ASSIGNMENT((#7873));
#7873 = SURFACE_STYLE_USAGE(.BOTH.,#7874);
#7874 = SURFACE_SIDE_STYLE('',(#7875));
#7875 = SURFACE_STYLE_FILL_AREA(#7876);
#7876 = FILL_AREA_STYLE('',(#7877));
#7877 = FILL_AREA_STYLE_COLOUR('',#7716);
#7878 = STYLED_ITEM('color',(#7879),#1792);
#7879 = PRESENTATION_STYLE_ASSIGNMENT((#7880));
#7880 = SURFACE_STYLE_USAGE(.BOTH.,#7881);
#7881 = SURFACE_SIDE_STYLE('',(#7882));
#7882 = SURFACE_STYLE_FILL_AREA(#7883);
#7883 = FILL_AREA_STYLE('',(#7884));
#7884 = FILL_AREA_STYLE_COLOUR('',#7716);
#7885 = STYLED_ITEM('color',(#7886),#1823);
#7886 = PRESENTATION_STYLE_ASSIGNMENT((#7887));
#7887 = SURFACE_STYLE_USAGE(.BOTH.,#7888);
#7888 = SURFACE_SIDE_STYLE('',(#7889));
#7889 = SURFACE_STYLE_FILL_AREA(#7890);
#7890 = FILL_AREA_STYLE('',(#7891));
#7891 = FILL_AREA_STYLE_COLOUR('',#7716);
#7892 = STYLED_ITEM('color',(#7893),#1847);
#7893 = PRESENTATION_STYLE_ASSIGNMENT((#7894));
#7894 = SURFACE_STYLE_USAGE(.BOTH.,#7895);
#7895 = SURFACE_SIDE_STYLE('',(#7896));
#7896 = SURFACE_STYLE_FILL_AREA(#7897);
#7897 = FILL_AREA_STYLE('',(#7898));
#7898 = FILL_AREA_STYLE_COLOUR('',#7716);
#7899 = STYLED_ITEM('color',(#7900),#1871);
#7900 = PRESENTATION_STYLE_ASSIGNMENT((#7901));
#7901 = SURFACE_STYLE_USAGE(.BOTH.,#7902);
#7902 = SURFACE_SIDE_STYLE('',(#7903));
#7903 = SURFACE_STYLE_FILL_AREA(#7904);
#7904 = FILL_AREA_STYLE('',(#7905));
#7905 = FILL_AREA_STYLE_COLOUR('',#7716);
#7906 = STYLED_ITEM('color',(#7907),#1888);
#7907 = PRESENTATION_STYLE_ASSIGNMENT((#7908));
#7908 = SURFACE_STYLE_USAGE(.BOTH.,#7909);
#7909 = SURFACE_SIDE_STYLE('',(#7910));
#7910 = SURFACE_STYLE_FILL_AREA(#7911);
#7911 = FILL_AREA_STYLE('',(#7912));
#7912 = FILL_AREA_STYLE_COLOUR('',#7716);
#7913 = STYLED_ITEM('color',(#7914),#1919);
#7914 = PRESENTATION_STYLE_ASSIGNMENT((#7915));
#7915 = SURFACE_STYLE_USAGE(.BOTH.,#7916);
#7916 = SURFACE_SIDE_STYLE('',(#7917));
#7917 = SURFACE_STYLE_FILL_AREA(#7918);
#7918 = FILL_AREA_STYLE('',(#7919));
#7919 = FILL_AREA_STYLE_COLOUR('',#7716);
#7920 = STYLED_ITEM('color',(#7921),#1943);
#7921 = PRESENTATION_STYLE_ASSIGNMENT((#7922));
#7922 = SURFACE_STYLE_USAGE(.BOTH.,#7923);
#7923 = SURFACE_SIDE_STYLE('',(#7924));
#7924 = SURFACE_STYLE_FILL_AREA(#7925);
#7925 = FILL_AREA_STYLE('',(#7926));
#7926 = FILL_AREA_STYLE_COLOUR('',#7716);
#7927 = STYLED_ITEM('color',(#7928),#1967);
#7928 = PRESENTATION_STYLE_ASSIGNMENT((#7929));
#7929 = SURFACE_STYLE_USAGE(.BOTH.,#7930);
#7930 = SURFACE_SIDE_STYLE('',(#7931));
#7931 = SURFACE_STYLE_FILL_AREA(#7932);
#7932 = FILL_AREA_STYLE('',(#7933));
#7933 = FILL_AREA_STYLE_COLOUR('',#7716);
#7934 = STYLED_ITEM('color',(#7935),#1984);
#7935 = PRESENTATION_STYLE_ASSIGNMENT((#7936));
#7936 = SURFACE_STYLE_USAGE(.BOTH.,#7937);
#7937 = SURFACE_SIDE_STYLE('',(#7938));
#7938 = SURFACE_STYLE_FILL_AREA(#7939);
#7939 = FILL_AREA_STYLE('',(#7940));
#7940 = FILL_AREA_STYLE_COLOUR('',#7716);
#7941 = STYLED_ITEM('color',(#7942),#2015);
#7942 = PRESENTATION_STYLE_ASSIGNMENT((#7943));
#7943 = SURFACE_STYLE_USAGE(.BOTH.,#7944);
#7944 = SURFACE_SIDE_STYLE('',(#7945));
#7945 = SURFACE_STYLE_FILL_AREA(#7946);
#7946 = FILL_AREA_STYLE('',(#7947));
#7947 = FILL_AREA_STYLE_COLOUR('',#7716);
#7948 = STYLED_ITEM('color',(#7949),#2039);
#7949 = PRESENTATION_STYLE_ASSIGNMENT((#7950));
#7950 = SURFACE_STYLE_USAGE(.BOTH.,#7951);
#7951 = SURFACE_SIDE_STYLE('',(#7952));
#7952 = SURFACE_STYLE_FILL_AREA(#7953);
#7953 = FILL_AREA_STYLE('',(#7954));
#7954 = FILL_AREA_STYLE_COLOUR('',#7716);
#7955 = STYLED_ITEM('color',(#7956),#2063);
#7956 = PRESENTATION_STYLE_ASSIGNMENT((#7957));
#7957 = SURFACE_STYLE_USAGE(.BOTH.,#7958);
#7958 = SURFACE_SIDE_STYLE('',(#7959));
#7959 = SURFACE_STYLE_FILL_AREA(#7960);
#7960 = FILL_AREA_STYLE('',(#7961));
#7961 = FILL_AREA_STYLE_COLOUR('',#7716);
#7962 = STYLED_ITEM('color',(#7963),#2080);
#7963 = PRESENTATION_STYLE_ASSIGNMENT((#7964));
#7964 = SURFACE_STYLE_USAGE(.BOTH.,#7965);
#7965 = SURFACE_SIDE_STYLE('',(#7966));
#7966 = SURFACE_STYLE_FILL_AREA(#7967);
#7967 = FILL_AREA_STYLE('',(#7968));
#7968 = FILL_AREA_STYLE_COLOUR('',#7716);
#7969 = STYLED_ITEM('color',(#7970),#2111);
#7970 = PRESENTATION_STYLE_ASSIGNMENT((#7971));
#7971 = SURFACE_STYLE_USAGE(.BOTH.,#7972);
#7972 = SURFACE_SIDE_STYLE('',(#7973));
#7973 = SURFACE_STYLE_FILL_AREA(#7974);
#7974 = FILL_AREA_STYLE('',(#7975));
#7975 = FILL_AREA_STYLE_COLOUR('',#7716);
#7976 = STYLED_ITEM('color',(#7977),#2135);
#7977 = PRESENTATION_STYLE_ASSIGNMENT((#7978));
#7978 = SURFACE_STYLE_USAGE(.BOTH.,#7979);
#7979 = SURFACE_SIDE_STYLE('',(#7980));
#7980 = SURFACE_STYLE_FILL_AREA(#7981);
#7981 = FILL_AREA_STYLE('',(#7982));
#7982 = FILL_AREA_STYLE_COLOUR('',#7716);
#7983 = STYLED_ITEM('color',(#7984),#2159);
#7984 = PRESENTATION_STYLE_ASSIGNMENT((#7985));
#7985 = SURFACE_STYLE_USAGE(.BOTH.,#7986);
#7986 = SURFACE_SIDE_STYLE('',(#7987));
#7987 = SURFACE_STYLE_FILL_AREA(#7988);
#7988 = FILL_AREA_STYLE('',(#7989));
#7989 = FILL_AREA_STYLE_COLOUR('',#7716);
#7990 = STYLED_ITEM('color',(#7991),#2176);
#7991 = PRESENTATION_STYLE_ASSIGNMENT((#7992));
#7992 = SURFACE_STYLE_USAGE(.BOTH.,#7993);
#7993 = SURFACE_SIDE_STYLE('',(#7994));
#7994 = SURFACE_STYLE_FILL_AREA(#7995);
#7995 = FILL_AREA_STYLE('',(#7996));
#7996 = FILL_AREA_STYLE_COLOUR('',#7716);
#7997 = STYLED_ITEM('color',(#7998),#2207);
#7998 = PRESENTATION_STYLE_ASSIGNMENT((#7999));
#7999 = SURFACE_STYLE_USAGE(.BOTH.,#8000);
#8000 = SURFACE_SIDE_STYLE('',(#8001));
#8001 = SURFACE_STYLE_FILL_AREA(#8002);
#8002 = FILL_AREA_STYLE('',(#8003));
#8003 = FILL_AREA_STYLE_COLOUR('',#7716);
#8004 = STYLED_ITEM('color',(#8005),#2231);
#8005 = PRESENTATION_STYLE_ASSIGNMENT((#8006));
#8006 = SURFACE_STYLE_USAGE(.BOTH.,#8007);
#8007 = SURFACE_SIDE_STYLE('',(#8008));
#8008 = SURFACE_STYLE_FILL_AREA(#8009);
#8009 = FILL_AREA_STYLE('',(#8010));
#8010 = FILL_AREA_STYLE_COLOUR('',#7716);
#8011 = STYLED_ITEM('color',(#8012),#2255);
#8012 = PRESENTATION_STYLE_ASSIGNMENT((#8013));
#8013 = SURFACE_STYLE_USAGE(.BOTH.,#8014);
#8014 = SURFACE_SIDE_STYLE('',(#8015));
#8015 = SURFACE_STYLE_FILL_AREA(#8016);
#8016 = FILL_AREA_STYLE('',(#8017));
#8017 = FILL_AREA_STYLE_COLOUR('',#7716);
#8018 = STYLED_ITEM('color',(#8019),#2272);
#8019 = PRESENTATION_STYLE_ASSIGNMENT((#8020));
#8020 = SURFACE_STYLE_USAGE(.BOTH.,#8021);
#8021 = SURFACE_SIDE_STYLE('',(#8022));
#8022 = SURFACE_STYLE_FILL_AREA(#8023);
#8023 = FILL_AREA_STYLE('',(#8024));
#8024 = FILL_AREA_STYLE_COLOUR('',#7716);
#8025 = STYLED_ITEM('color',(#8026),#2303);
#8026 = PRESENTATION_STYLE_ASSIGNMENT((#8027));
#8027 = SURFACE_STYLE_USAGE(.BOTH.,#8028);
#8028 = SURFACE_SIDE_STYLE('',(#8029));
#8029 = SURFACE_STYLE_FILL_AREA(#8030);
#8030 = FILL_AREA_STYLE('',(#8031));
#8031 = FILL_AREA_STYLE_COLOUR('',#7716);
#8032 = STYLED_ITEM('color',(#8033),#2327);
#8033 = PRESENTATION_STYLE_ASSIGNMENT((#8034));
#8034 = SURFACE_STYLE_USAGE(.BOTH.,#8035);
#8035 = SURFACE_SIDE_STYLE('',(#8036));
#8036 = SURFACE_STYLE_FILL_AREA(#8037);
#8037 = FILL_AREA_STYLE('',(#8038));
#8038 = FILL_AREA_STYLE_COLOUR('',#7716);
#8039 = STYLED_ITEM('color',(#8040),#2351);
#8040 = PRESENTATION_STYLE_ASSIGNMENT((#8041));
#8041 = SURFACE_STYLE_USAGE(.BOTH.,#8042);
#8042 = SURFACE_SIDE_STYLE('',(#8043));
#8043 = SURFACE_STYLE_FILL_AREA(#8044);
#8044 = FILL_AREA_STYLE('',(#8045));
#8045 = FILL_AREA_STYLE_COLOUR('',#7716);
#8046 = STYLED_ITEM('color',(#8047),#2368);
#8047 = PRESENTATION_STYLE_ASSIGNMENT((#8048));
#8048 = SURFACE_STYLE_USAGE(.BOTH.,#8049);
#8049 = SURFACE_SIDE_STYLE('',(#8050));
#8050 = SURFACE_STYLE_FILL_AREA(#8051);
#8051 = FILL_AREA_STYLE('',(#8052));
#8052 = FILL_AREA_STYLE_COLOUR('',#7716);
#8053 = STYLED_ITEM('color',(#8054),#2399);
#8054 = PRESENTATION_STYLE_ASSIGNMENT((#8055));
#8055 = SURFACE_STYLE_USAGE(.BOTH.,#8056);
#8056 = SURFACE_SIDE_STYLE('',(#8057));
#8057 = SURFACE_STYLE_FILL_AREA(#8058);
#8058 = FILL_AREA_STYLE('',(#8059));
#8059 = FILL_AREA_STYLE_COLOUR('',#7716);
#8060 = STYLED_ITEM('color',(#8061),#2423);
#8061 = PRESENTATION_STYLE_ASSIGNMENT((#8062));
#8062 = SURFACE_STYLE_USAGE(.BOTH.,#8063);
#8063 = SURFACE_SIDE_STYLE('',(#8064));
#8064 = SURFACE_STYLE_FILL_AREA(#8065);
#8065 = FILL_AREA_STYLE('',(#8066));
#8066 = FILL_AREA_STYLE_COLOUR('',#7716);
#8067 = STYLED_ITEM('color',(#8068),#2447);
#8068 = PRESENTATION_STYLE_ASSIGNMENT((#8069));
#8069 = SURFACE_STYLE_USAGE(.BOTH.,#8070);
#8070 = SURFACE_SIDE_STYLE('',(#8071));
#8071 = SURFACE_STYLE_FILL_AREA(#8072);
#8072 = FILL_AREA_STYLE('',(#8073));
#8073 = FILL_AREA_STYLE_COLOUR('',#7716);
#8074 = STYLED_ITEM('color',(#8075),#2464);
#8075 = PRESENTATION_STYLE_ASSIGNMENT((#8076));
#8076 = SURFACE_STYLE_USAGE(.BOTH.,#8077);
#8077 = SURFACE_SIDE_STYLE('',(#8078));
#8078 = SURFACE_STYLE_FILL_AREA(#8079);
#8079 = FILL_AREA_STYLE('',(#8080));
#8080 = FILL_AREA_STYLE_COLOUR('',#7716);
#8081 = STYLED_ITEM('color',(#8082),#2495);
#8082 = PRESENTATION_STYLE_ASSIGNMENT((#8083));
#8083 = SURFACE_STYLE_USAGE(.BOTH.,#8084);
#8084 = SURFACE_SIDE_STYLE('',(#8085));
#8085 = SURFACE_STYLE_FILL_AREA(#8086);
#8086 = FILL_AREA_STYLE('',(#8087));
#8087 = FILL_AREA_STYLE_COLOUR('',#7716);
#8088 = STYLED_ITEM('color',(#8089),#2519);
#8089 = PRESENTATION_STYLE_ASSIGNMENT((#8090));
#8090 = SURFACE_STYLE_USAGE(.BOTH.,#8091);
#8091 = SURFACE_SIDE_STYLE('',(#8092));
#8092 = SURFACE_STYLE_FILL_AREA(#8093);
#8093 = FILL_AREA_STYLE('',(#8094));
#8094 = FILL_AREA_STYLE_COLOUR('',#7716);
#8095 = STYLED_ITEM('color',(#8096),#2543);
#8096 = PRESENTATION_STYLE_ASSIGNMENT((#8097));
#8097 = SURFACE_STYLE_USAGE(.BOTH.,#8098);
#8098 = SURFACE_SIDE_STYLE('',(#8099));
#8099 = SURFACE_STYLE_FILL_AREA(#8100);
#8100 = FILL_AREA_STYLE('',(#8101));
#8101 = FILL_AREA_STYLE_COLOUR('',#7716);
#8102 = STYLED_ITEM('color',(#8103),#2560);
#8103 = PRESENTATION_STYLE_ASSIGNMENT((#8104));
#8104 = SURFACE_STYLE_USAGE(.BOTH.,#8105);
#8105 = SURFACE_SIDE_STYLE('',(#8106));
#8106 = SURFACE_STYLE_FILL_AREA(#8107);
#8107 = FILL_AREA_STYLE('',(#8108));
#8108 = FILL_AREA_STYLE_COLOUR('',#7716);
#8109 = STYLED_ITEM('color',(#8110),#2591);
#8110 = PRESENTATION_STYLE_ASSIGNMENT((#8111));
#8111 = SURFACE_STYLE_USAGE(.BOTH.,#8112);
#8112 = SURFACE_SIDE_STYLE('',(#8113));
#8113 = SURFACE_STYLE_FILL_AREA(#8114);
#8114 = FILL_AREA_STYLE('',(#8115));
#8115 = FILL_AREA_STYLE_COLOUR('',#7716);
#8116 = STYLED_ITEM('color',(#8117),#2615);
#8117 = PRESENTATION_STYLE_ASSIGNMENT((#8118));
#8118 = SURFACE_STYLE_USAGE(.BOTH.,#8119);
#8119 = SURFACE_SIDE_STYLE('',(#8120));
#8120 = SURFACE_STYLE_FILL_AREA(#8121);
#8121 = FILL_AREA_STYLE('',(#8122));
#8122 = FILL_AREA_STYLE_COLOUR('',#7716);
#8123 = STYLED_ITEM('color',(#8124),#2639);
#8124 = PRESENTATION_STYLE_ASSIGNMENT((#8125));
#8125 = SURFACE_STYLE_USAGE(.BOTH.,#8126);
#8126 = SURFACE_SIDE_STYLE('',(#8127));
#8127 = SURFACE_STYLE_FILL_AREA(#8128);
#8128 = FILL_AREA_STYLE('',(#8129));
#8129 = FILL_AREA_STYLE_COLOUR('',#7716);
#8130 = STYLED_ITEM('color',(#8131),#2656);
#8131 = PRESENTATION_STYLE_ASSIGNMENT((#8132));
#8132 = SURFACE_STYLE_USAGE(.BOTH.,#8133);
#8133 = SURFACE_SIDE_STYLE('',(#8134));
#8134 = SURFACE_STYLE_FILL_AREA(#8135);
#8135 = FILL_AREA_STYLE('',(#8136));
#8136 = FILL_AREA_STYLE_COLOUR('',#7716);
#8137 = STYLED_ITEM('color',(#8138),#2687);
#8138 = PRESENTATION_STYLE_ASSIGNMENT((#8139));
#8139 = SURFACE_STYLE_USAGE(.BOTH.,#8140);
#8140 = SURFACE_SIDE_STYLE('',(#8141));
#8141 = SURFACE_STYLE_FILL_AREA(#8142);
#8142 = FILL_AREA_STYLE('',(#8143));
#8143 = FILL_AREA_STYLE_COLOUR('',#7716);
#8144 = STYLED_ITEM('color',(#8145),#2711);
#8145 = PRESENTATION_STYLE_ASSIGNMENT((#8146));
#8146 = SURFACE_STYLE_USAGE(.BOTH.,#8147);
#8147 = SURFACE_SIDE_STYLE('',(#8148));
#8148 = SURFACE_STYLE_FILL_AREA(#8149);
#8149 = FILL_AREA_STYLE('',(#8150));
#8150 = FILL_AREA_STYLE_COLOUR('',#7716);
#8151 = STYLED_ITEM('color',(#8152),#2735);
#8152 = PRESENTATION_STYLE_ASSIGNMENT((#8153));
#8153 = SURFACE_STYLE_USAGE(.BOTH.,#8154);
#8154 = SURFACE_SIDE_STYLE('',(#8155));
#8155 = SURFACE_STYLE_FILL_AREA(#8156);
#8156 = FILL_AREA_STYLE('',(#8157));
#8157 = FILL_AREA_STYLE_COLOUR('',#7716);
#8158 = STYLED_ITEM('color',(#8159),#2752);
#8159 = PRESENTATION_STYLE_ASSIGNMENT((#8160));
#8160 = SURFACE_STYLE_USAGE(.BOTH.,#8161);
#8161 = SURFACE_SIDE_STYLE('',(#8162));
#8162 = SURFACE_STYLE_FILL_AREA(#8163);
#8163 = FILL_AREA_STYLE('',(#8164));
#8164 = FILL_AREA_STYLE_COLOUR('',#7716);
#8165 = STYLED_ITEM('color',(#8166),#2764);
#8166 = PRESENTATION_STYLE_ASSIGNMENT((#8167));
#8167 = SURFACE_STYLE_USAGE(.BOTH.,#8168);
#8168 = SURFACE_SIDE_STYLE('',(#8169));
#8169 = SURFACE_STYLE_FILL_AREA(#8170);
#8170 = FILL_AREA_STYLE('',(#8171));
#8171 = FILL_AREA_STYLE_COLOUR('',#7716);
#8172 = STYLED_ITEM('color',(#8173),#2776);
#8173 = PRESENTATION_STYLE_ASSIGNMENT((#8174));
#8174 = SURFACE_STYLE_USAGE(.BOTH.,#8175);
#8175 = SURFACE_SIDE_STYLE('',(#8176));
#8176 = SURFACE_STYLE_FILL_AREA(#8177);
#8177 = FILL_AREA_STYLE('',(#8178));
#8178 = FILL_AREA_STYLE_COLOUR('',#7716);
#8179 = STYLED_ITEM('color',(#8180),#2788);
#8180 = PRESENTATION_STYLE_ASSIGNMENT((#8181));
#8181 = SURFACE_STYLE_USAGE(.BOTH.,#8182);
#8182 = SURFACE_SIDE_STYLE('',(#8183));
#8183 = SURFACE_STYLE_FILL_AREA(#8184);
#8184 = FILL_AREA_STYLE('',(#8185));
#8185 = FILL_AREA_STYLE_COLOUR('',#7716);
#8186 = STYLED_ITEM('color',(#8187),#2800);
#8187 = PRESENTATION_STYLE_ASSIGNMENT((#8188));
#8188 = SURFACE_STYLE_USAGE(.BOTH.,#8189);
#8189 = SURFACE_SIDE_STYLE('',(#8190));
#8190 = SURFACE_STYLE_FILL_AREA(#8191);
#8191 = FILL_AREA_STYLE('',(#8192));
#8192 = FILL_AREA_STYLE_COLOUR('',#7716);
#8193 = STYLED_ITEM('color',(#8194),#2812);
#8194 = PRESENTATION_STYLE_ASSIGNMENT((#8195));
#8195 = SURFACE_STYLE_USAGE(.BOTH.,#8196);
#8196 = SURFACE_SIDE_STYLE('',(#8197));
#8197 = SURFACE_STYLE_FILL_AREA(#8198);
#8198 = FILL_AREA_STYLE('',(#8199));
#8199 = FILL_AREA_STYLE_COLOUR('',#7716);
#8200 = STYLED_ITEM('color',(#8201),#2824);
#8201 = PRESENTATION_STYLE_ASSIGNMENT((#8202));
#8202 = SURFACE_STYLE_USAGE(.BOTH.,#8203);
#8203 = SURFACE_SIDE_STYLE('',(#8204));
#8204 = SURFACE_STYLE_FILL_AREA(#8205);
#8205 = FILL_AREA_STYLE('',(#8206));
#8206 = FILL_AREA_STYLE_COLOUR('',#7716);
#8207 = STYLED_ITEM('color',(#8208),#2836);
#8208 = PRESENTATION_STYLE_ASSIGNMENT((#8209));
#8209 = SURFACE_STYLE_USAGE(.BOTH.,#8210);
#8210 = SURFACE_SIDE_STYLE('',(#8211));
#8211 = SURFACE_STYLE_FILL_AREA(#8212);
#8212 = FILL_AREA_STYLE('',(#8213));
#8213 = FILL_AREA_STYLE_COLOUR('',#7716);
#8214 = MECHANICAL_DESIGN_GEOMETRIC_PRESENTATION_REPRESENTATION('',(
    #8215),#7500);
#8215 = STYLED_ITEM('color',(#8216),#5510);
#8216 = PRESENTATION_STYLE_ASSIGNMENT((#8217));
#8217 = SURFACE_STYLE_USAGE(.BOTH.,#8218);
#8218 = SURFACE_SIDE_STYLE('',(#8219));
#8219 = SURFACE_STYLE_FILL_AREA(#8220);
#8220 = FILL_AREA_STYLE('',(#8221));
#8221 = FILL_AREA_STYLE_COLOUR('',#8222);
#8222 = COLOUR_RGB('',0.313304153717,0.484529207832,0.410020903123);
#8223 = MECHANICAL_DESIGN_GEOMETRIC_PRESENTATION_REPRESENTATION('',(
    #8224,#8231,#8238,#8245,#8252,#8259,#8267,#8274,#8281,#8288,#8295,
    #8303,#8310),#5491);
#8224 = STYLED_ITEM('color',(#8225),#5201);
#8225 = PRESENTATION_STYLE_ASSIGNMENT((#8226));
#8226 = SURFACE_STYLE_USAGE(.BOTH.,#8227);
#8227 = SURFACE_SIDE_STYLE('',(#8228));
#8228 = SURFACE_STYLE_FILL_AREA(#8229);
#8229 = FILL_AREA_STYLE('',(#8230));
#8230 = FILL_AREA_STYLE_COLOUR('',#7519);
#8231 = STYLED_ITEM('color',(#8232),#5234);
#8232 = PRESENTATION_STYLE_ASSIGNMENT((#8233));
#8233 = SURFACE_STYLE_USAGE(.BOTH.,#8234);
#8234 = SURFACE_SIDE_STYLE('',(#8235));
#8235 = SURFACE_STYLE_FILL_AREA(#8236);
#8236 = FILL_AREA_STYLE('',(#8237));
#8237 = FILL_AREA_STYLE_COLOUR('',#7519);
#8238 = STYLED_ITEM('color',(#8239),#5260);
#8239 = PRESENTATION_STYLE_ASSIGNMENT((#8240));
#8240 = SURFACE_STYLE_USAGE(.BOTH.,#8241);
#8241 = SURFACE_SIDE_STYLE('',(#8242));
#8242 = SURFACE_STYLE_FILL_AREA(#8243);
#8243 = FILL_AREA_STYLE('',(#8244));
#8244 = FILL_AREA_STYLE_COLOUR('',#7519);
#8245 = STYLED_ITEM('color',(#8246),#5286);
#8246 = PRESENTATION_STYLE_ASSIGNMENT((#8247));
#8247 = SURFACE_STYLE_USAGE(.BOTH.,#8248);
#8248 = SURFACE_SIDE_STYLE('',(#8249));
#8249 = SURFACE_STYLE_FILL_AREA(#8250);
#8250 = FILL_AREA_STYLE('',(#8251));
#8251 = FILL_AREA_STYLE_COLOUR('',#7519);
#8252 = STYLED_ITEM('color',(#8253),#5317);
#8253 = PRESENTATION_STYLE_ASSIGNMENT((#8254));
#8254 = SURFACE_STYLE_USAGE(.BOTH.,#8255);
#8255 = SURFACE_SIDE_STYLE('',(#8256));
#8256 = SURFACE_STYLE_FILL_AREA(#8257);
#8257 = FILL_AREA_STYLE('',(#8258));
#8258 = FILL_AREA_STYLE_COLOUR('',#7519);
#8259 = STYLED_ITEM('color',(#8260),#5337);
#8260 = PRESENTATION_STYLE_ASSIGNMENT((#8261));
#8261 = SURFACE_STYLE_USAGE(.BOTH.,#8262);
#8262 = SURFACE_SIDE_STYLE('',(#8263));
#8263 = SURFACE_STYLE_FILL_AREA(#8264);
#8264 = FILL_AREA_STYLE('',(#8265));
#8265 = FILL_AREA_STYLE_COLOUR('',#8266);
#8266 = COLOUR_RGB('',0.823999987314,0.819999987296,0.781000009244);
#8267 = STYLED_ITEM('color',(#8268),#5362);
#8268 = PRESENTATION_STYLE_ASSIGNMENT((#8269));
#8269 = SURFACE_STYLE_USAGE(.BOTH.,#8270);
#8270 = SURFACE_SIDE_STYLE('',(#8271));
#8271 = SURFACE_STYLE_FILL_AREA(#8272);
#8272 = FILL_AREA_STYLE('',(#8273));
#8273 = FILL_AREA_STYLE_COLOUR('',#8266);
#8274 = STYLED_ITEM('color',(#8275),#5387);
#8275 = PRESENTATION_STYLE_ASSIGNMENT((#8276));
#8276 = SURFACE_STYLE_USAGE(.BOTH.,#8277);
#8277 = SURFACE_SIDE_STYLE('',(#8278));
#8278 = SURFACE_STYLE_FILL_AREA(#8279);
#8279 = FILL_AREA_STYLE('',(#8280));
#8280 = FILL_AREA_STYLE_COLOUR('',#7519);
#8281 = STYLED_ITEM('color',(#8282),#5412);
#8282 = PRESENTATION_STYLE_ASSIGNMENT((#8283));
#8283 = SURFACE_STYLE_USAGE(.BOTH.,#8284);
#8284 = SURFACE_SIDE_STYLE('',(#8285));
#8285 = SURFACE_STYLE_FILL_AREA(#8286);
#8286 = FILL_AREA_STYLE('',(#8287));
#8287 = FILL_AREA_STYLE_COLOUR('',#8266);
#8288 = STYLED_ITEM('color',(#8289),#5438);
#8289 = PRESENTATION_STYLE_ASSIGNMENT((#8290));
#8290 = SURFACE_STYLE_USAGE(.BOTH.,#8291);
#8291 = SURFACE_SIDE_STYLE('',(#8292));
#8292 = SURFACE_STYLE_FILL_AREA(#8293);
#8293 = FILL_AREA_STYLE('',(#8294));
#8294 = FILL_AREA_STYLE_COLOUR('',#8266);
#8295 = STYLED_ITEM('color',(#8296),#5464);
#8296 = PRESENTATION_STYLE_ASSIGNMENT((#8297));
#8297 = SURFACE_STYLE_USAGE(.BOTH.,#8298);
#8298 = SURFACE_SIDE_STYLE('',(#8299));
#8299 = SURFACE_STYLE_FILL_AREA(#8300);
#8300 = FILL_AREA_STYLE('',(#8301));
#8301 = FILL_AREA_STYLE_COLOUR('',#8302);
#8302 = COLOUR_RGB('',0.809000013735,0.426000008053,0.147999998088);
#8303 = STYLED_ITEM('color',(#8304),#5473);
#8304 = PRESENTATION_STYLE_ASSIGNMENT((#8305));
#8305 = SURFACE_STYLE_USAGE(.BOTH.,#8306);
#8306 = SURFACE_SIDE_STYLE('',(#8307));
#8307 = SURFACE_STYLE_FILL_AREA(#8308);
#8308 = FILL_AREA_STYLE('',(#8309));
#8309 = FILL_AREA_STYLE_COLOUR('',#8266);
#8310 = STYLED_ITEM('color',(#8311),#5482);
#8311 = PRESENTATION_STYLE_ASSIGNMENT((#8312));
#8312 = SURFACE_STYLE_USAGE(.BOTH.,#8313);
#8313 = SURFACE_SIDE_STYLE('',(#8314));
#8314 = SURFACE_STYLE_FILL_AREA(#8315);
#8315 = FILL_AREA_STYLE('',(#8316));
#8316 = FILL_AREA_STYLE_COLOUR('',#8266);
#8317 = MECHANICAL_DESIGN_GEOMETRIC_PRESENTATION_REPRESENTATION('',(
    #8318,#8326,#8333,#8340,#8347,#8354,#8361,#8368,#8375,#8382,#8389,
    #8396,#8403,#8410,#8418,#8425,#8432,#8439,#8446,#8453,#8460,#8467,
    #8474,#8481,#8488,#8495,#8502,#8509,#8516,#8523,#8530,#8537,#8544,
    #8551,#8558,#8565,#8572,#8579,#8586,#8593,#8600,#8607,#8614,#8621,
    #8628,#8635,#8642,#8649,#8656,#8663,#8670,#8677,#8684,#8691,#8698,
    #8705,#8712,#8719,#8726,#8733,#8740,#8747,#8754,#8761,#8768,#8775,
    #8782,#8789),#5157);
#8318 = STYLED_ITEM('color',(#8319),#2892);
#8319 = PRESENTATION_STYLE_ASSIGNMENT((#8320));
#8320 = SURFACE_STYLE_USAGE(.BOTH.,#8321);
#8321 = SURFACE_SIDE_STYLE('',(#8322));
#8322 = SURFACE_STYLE_FILL_AREA(#8323);
#8323 = FILL_AREA_STYLE('',(#8324));
#8324 = FILL_AREA_STYLE_COLOUR('',#8325);
#8325 = COLOUR_RGB('',0.893999996942,0.890999961016,0.813000030345);
#8326 = STYLED_ITEM('color',(#8327),#2951);
#8327 = PRESENTATION_STYLE_ASSIGNMENT((#8328));
#8328 = SURFACE_STYLE_USAGE(.BOTH.,#8329);
#8329 = SURFACE_SIDE_STYLE('',(#8330));
#8330 = SURFACE_STYLE_FILL_AREA(#8331);
#8331 = FILL_AREA_STYLE('',(#8332));
#8332 = FILL_AREA_STYLE_COLOUR('',#8325);
#8333 = STYLED_ITEM('color',(#8334),#2976);
#8334 = PRESENTATION_STYLE_ASSIGNMENT((#8335));
#8335 = SURFACE_STYLE_USAGE(.BOTH.,#8336);
#8336 = SURFACE_SIDE_STYLE('',(#8337));
#8337 = SURFACE_STYLE_FILL_AREA(#8338);
#8338 = FILL_AREA_STYLE('',(#8339));
#8339 = FILL_AREA_STYLE_COLOUR('',#8325);
#8340 = STYLED_ITEM('color',(#8341),#3009);
#8341 = PRESENTATION_STYLE_ASSIGNMENT((#8342));
#8342 = SURFACE_STYLE_USAGE(.BOTH.,#8343);
#8343 = SURFACE_SIDE_STYLE('',(#8344));
#8344 = SURFACE_STYLE_FILL_AREA(#8345);
#8345 = FILL_AREA_STYLE('',(#8346));
#8346 = FILL_AREA_STYLE_COLOUR('',#8325);
#8347 = STYLED_ITEM('color',(#8348),#3034);
#8348 = PRESENTATION_STYLE_ASSIGNMENT((#8349));
#8349 = SURFACE_STYLE_USAGE(.BOTH.,#8350);
#8350 = SURFACE_SIDE_STYLE('',(#8351));
#8351 = SURFACE_STYLE_FILL_AREA(#8352);
#8352 = FILL_AREA_STYLE('',(#8353));
#8353 = FILL_AREA_STYLE_COLOUR('',#8325);
#8354 = STYLED_ITEM('color',(#8355),#3059);
#8355 = PRESENTATION_STYLE_ASSIGNMENT((#8356));
#8356 = SURFACE_STYLE_USAGE(.BOTH.,#8357);
#8357 = SURFACE_SIDE_STYLE('',(#8358));
#8358 = SURFACE_STYLE_FILL_AREA(#8359);
#8359 = FILL_AREA_STYLE('',(#8360));
#8360 = FILL_AREA_STYLE_COLOUR('',#8325);
#8361 = STYLED_ITEM('color',(#8362),#3084);
#8362 = PRESENTATION_STYLE_ASSIGNMENT((#8363));
#8363 = SURFACE_STYLE_USAGE(.BOTH.,#8364);
#8364 = SURFACE_SIDE_STYLE('',(#8365));
#8365 = SURFACE_STYLE_FILL_AREA(#8366);
#8366 = FILL_AREA_STYLE('',(#8367));
#8367 = FILL_AREA_STYLE_COLOUR('',#8325);
#8368 = STYLED_ITEM('color',(#8369),#3101);
#8369 = PRESENTATION_STYLE_ASSIGNMENT((#8370));
#8370 = SURFACE_STYLE_USAGE(.BOTH.,#8371);
#8371 = SURFACE_SIDE_STYLE('',(#8372));
#8372 = SURFACE_STYLE_FILL_AREA(#8373);
#8373 = FILL_AREA_STYLE('',(#8374));
#8374 = FILL_AREA_STYLE_COLOUR('',#8325);
#8375 = STYLED_ITEM('color',(#8376),#3126);
#8376 = PRESENTATION_STYLE_ASSIGNMENT((#8377));
#8377 = SURFACE_STYLE_USAGE(.BOTH.,#8378);
#8378 = SURFACE_SIDE_STYLE('',(#8379));
#8379 = SURFACE_STYLE_FILL_AREA(#8380);
#8380 = FILL_AREA_STYLE('',(#8381));
#8381 = FILL_AREA_STYLE_COLOUR('',#8325);
#8382 = STYLED_ITEM('color',(#8383),#3157);
#8383 = PRESENTATION_STYLE_ASSIGNMENT((#8384));
#8384 = SURFACE_STYLE_USAGE(.BOTH.,#8385);
#8385 = SURFACE_SIDE_STYLE('',(#8386));
#8386 = SURFACE_STYLE_FILL_AREA(#8387);
#8387 = FILL_AREA_STYLE('',(#8388));
#8388 = FILL_AREA_STYLE_COLOUR('',#8325);
#8389 = STYLED_ITEM('color',(#8390),#3197);
#8390 = PRESENTATION_STYLE_ASSIGNMENT((#8391));
#8391 = SURFACE_STYLE_USAGE(.BOTH.,#8392);
#8392 = SURFACE_SIDE_STYLE('',(#8393));
#8393 = SURFACE_STYLE_FILL_AREA(#8394);
#8394 = FILL_AREA_STYLE('',(#8395));
#8395 = FILL_AREA_STYLE_COLOUR('',#8325);
#8396 = STYLED_ITEM('color',(#8397),#3328);
#8397 = PRESENTATION_STYLE_ASSIGNMENT((#8398));
#8398 = SURFACE_STYLE_USAGE(.BOTH.,#8399);
#8399 = SURFACE_SIDE_STYLE('',(#8400));
#8400 = SURFACE_STYLE_FILL_AREA(#8401);
#8401 = FILL_AREA_STYLE('',(#8402));
#8402 = FILL_AREA_STYLE_COLOUR('',#8325);
#8403 = STYLED_ITEM('color',(#8404),#3452);
#8404 = PRESENTATION_STYLE_ASSIGNMENT((#8405));
#8405 = SURFACE_STYLE_USAGE(.BOTH.,#8406);
#8406 = SURFACE_SIDE_STYLE('',(#8407));
#8407 = SURFACE_STYLE_FILL_AREA(#8408);
#8408 = FILL_AREA_STYLE('',(#8409));
#8409 = FILL_AREA_STYLE_COLOUR('',#8325);
#8410 = STYLED_ITEM('color',(#8411),#3469);
#8411 = PRESENTATION_STYLE_ASSIGNMENT((#8412));
#8412 = SURFACE_STYLE_USAGE(.BOTH.,#8413);
#8413 = SURFACE_SIDE_STYLE('',(#8414));
#8414 = SURFACE_STYLE_FILL_AREA(#8415);
#8415 = FILL_AREA_STYLE('',(#8416));
#8416 = FILL_AREA_STYLE_COLOUR('',#8417);
#8417 = COLOUR_RGB('',0.136999991899,0.40200001271,0.726999997272);
#8418 = STYLED_ITEM('color',(#8419),#3478);
#8419 = PRESENTATION_STYLE_ASSIGNMENT((#8420));
#8420 = SURFACE_STYLE_USAGE(.BOTH.,#8421);
#8421 = SURFACE_SIDE_STYLE('',(#8422));
#8422 = SURFACE_STYLE_FILL_AREA(#8423);
#8423 = FILL_AREA_STYLE('',(#8424));
#8424 = FILL_AREA_STYLE_COLOUR('',#8325);
#8425 = STYLED_ITEM('color',(#8426),#3489);
#8426 = PRESENTATION_STYLE_ASSIGNMENT((#8427));
#8427 = SURFACE_STYLE_USAGE(.BOTH.,#8428);
#8428 = SURFACE_SIDE_STYLE('',(#8429));
#8429 = SURFACE_STYLE_FILL_AREA(#8430);
#8430 = FILL_AREA_STYLE('',(#8431));
#8431 = FILL_AREA_STYLE_COLOUR('',#8325);
#8432 = STYLED_ITEM('color',(#8433),#3657);
#8433 = PRESENTATION_STYLE_ASSIGNMENT((#8434));
#8434 = SURFACE_STYLE_USAGE(.BOTH.,#8435);
#8435 = SURFACE_SIDE_STYLE('',(#8436));
#8436 = SURFACE_STYLE_FILL_AREA(#8437);
#8437 = FILL_AREA_STYLE('',(#8438));
#8438 = FILL_AREA_STYLE_COLOUR('',#8266);
#8439 = STYLED_ITEM('color',(#8440),#3688);
#8440 = PRESENTATION_STYLE_ASSIGNMENT((#8441));
#8441 = SURFACE_STYLE_USAGE(.BOTH.,#8442);
#8442 = SURFACE_SIDE_STYLE('',(#8443));
#8443 = SURFACE_STYLE_FILL_AREA(#8444);
#8444 = FILL_AREA_STYLE('',(#8445));
#8445 = FILL_AREA_STYLE_COLOUR('',#8266);
#8446 = STYLED_ITEM('color',(#8447),#3719);
#8447 = PRESENTATION_STYLE_ASSIGNMENT((#8448));
#8448 = SURFACE_STYLE_USAGE(.BOTH.,#8449);
#8449 = SURFACE_SIDE_STYLE('',(#8450));
#8450 = SURFACE_STYLE_FILL_AREA(#8451);
#8451 = FILL_AREA_STYLE('',(#8452));
#8452 = FILL_AREA_STYLE_COLOUR('',#8266);
#8453 = STYLED_ITEM('color',(#8454),#3750);
#8454 = PRESENTATION_STYLE_ASSIGNMENT((#8455));
#8455 = SURFACE_STYLE_USAGE(.BOTH.,#8456);
#8456 = SURFACE_SIDE_STYLE('',(#8457));
#8457 = SURFACE_STYLE_FILL_AREA(#8458);
#8458 = FILL_AREA_STYLE('',(#8459));
#8459 = FILL_AREA_STYLE_COLOUR('',#8266);
#8460 = STYLED_ITEM('color',(#8461),#3835);
#8461 = PRESENTATION_STYLE_ASSIGNMENT((#8462));
#8462 = SURFACE_STYLE_USAGE(.BOTH.,#8463);
#8463 = SURFACE_SIDE_STYLE('',(#8464));
#8464 = SURFACE_STYLE_FILL_AREA(#8465);
#8465 = FILL_AREA_STYLE('',(#8466));
#8466 = FILL_AREA_STYLE_COLOUR('',#8266);
#8467 = STYLED_ITEM('color',(#8468),#3859);
#8468 = PRESENTATION_STYLE_ASSIGNMENT((#8469));
#8469 = SURFACE_STYLE_USAGE(.BOTH.,#8470);
#8470 = SURFACE_SIDE_STYLE('',(#8471));
#8471 = SURFACE_STYLE_FILL_AREA(#8472);
#8472 = FILL_AREA_STYLE('',(#8473));
#8473 = FILL_AREA_STYLE_COLOUR('',#8266);
#8474 = STYLED_ITEM('color',(#8475),#3937);
#8475 = PRESENTATION_STYLE_ASSIGNMENT((#8476));
#8476 = SURFACE_STYLE_USAGE(.BOTH.,#8477);
#8477 = SURFACE_SIDE_STYLE('',(#8478));
#8478 = SURFACE_STYLE_FILL_AREA(#8479);
#8479 = FILL_AREA_STYLE('',(#8480));
#8480 = FILL_AREA_STYLE_COLOUR('',#8266);
#8481 = STYLED_ITEM('color',(#8482),#3968);
#8482 = PRESENTATION_STYLE_ASSIGNMENT((#8483));
#8483 = SURFACE_STYLE_USAGE(.BOTH.,#8484);
#8484 = SURFACE_SIDE_STYLE('',(#8485));
#8485 = SURFACE_STYLE_FILL_AREA(#8486);
#8486 = FILL_AREA_STYLE('',(#8487));
#8487 = FILL_AREA_STYLE_COLOUR('',#8266);
#8488 = STYLED_ITEM('color',(#8489),#4053);
#8489 = PRESENTATION_STYLE_ASSIGNMENT((#8490));
#8490 = SURFACE_STYLE_USAGE(.BOTH.,#8491);
#8491 = SURFACE_SIDE_STYLE('',(#8492));
#8492 = SURFACE_STYLE_FILL_AREA(#8493);
#8493 = FILL_AREA_STYLE('',(#8494));
#8494 = FILL_AREA_STYLE_COLOUR('',#8266);
#8495 = STYLED_ITEM('color',(#8496),#4077);
#8496 = PRESENTATION_STYLE_ASSIGNMENT((#8497));
#8497 = SURFACE_STYLE_USAGE(.BOTH.,#8498);
#8498 = SURFACE_SIDE_STYLE('',(#8499));
#8499 = SURFACE_STYLE_FILL_AREA(#8500);
#8500 = FILL_AREA_STYLE('',(#8501));
#8501 = FILL_AREA_STYLE_COLOUR('',#8266);
#8502 = STYLED_ITEM('color',(#8503),#4155);
#8503 = PRESENTATION_STYLE_ASSIGNMENT((#8504));
#8504 = SURFACE_STYLE_USAGE(.BOTH.,#8505);
#8505 = SURFACE_SIDE_STYLE('',(#8506));
#8506 = SURFACE_STYLE_FILL_AREA(#8507);
#8507 = FILL_AREA_STYLE('',(#8508));
#8508 = FILL_AREA_STYLE_COLOUR('',#8266);
#8509 = STYLED_ITEM('color',(#8510),#4186);
#8510 = PRESENTATION_STYLE_ASSIGNMENT((#8511));
#8511 = SURFACE_STYLE_USAGE(.BOTH.,#8512);
#8512 = SURFACE_SIDE_STYLE('',(#8513));
#8513 = SURFACE_STYLE_FILL_AREA(#8514);
#8514 = FILL_AREA_STYLE('',(#8515));
#8515 = FILL_AREA_STYLE_COLOUR('',#8266);
#8516 = STYLED_ITEM('color',(#8517),#4217);
#8517 = PRESENTATION_STYLE_ASSIGNMENT((#8518));
#8518 = SURFACE_STYLE_USAGE(.BOTH.,#8519);
#8519 = SURFACE_SIDE_STYLE('',(#8520));
#8520 = SURFACE_STYLE_FILL_AREA(#8521);
#8521 = FILL_AREA_STYLE('',(#8522));
#8522 = FILL_AREA_STYLE_COLOUR('',#8266);
#8523 = STYLED_ITEM('color',(#8524),#4248);
#8524 = PRESENTATION_STYLE_ASSIGNMENT((#8525));
#8525 = SURFACE_STYLE_USAGE(.BOTH.,#8526);
#8526 = SURFACE_SIDE_STYLE('',(#8527));
#8527 = SURFACE_STYLE_FILL_AREA(#8528);
#8528 = FILL_AREA_STYLE('',(#8529));
#8529 = FILL_AREA_STYLE_COLOUR('',#8266);
#8530 = STYLED_ITEM('color',(#8531),#4333);
#8531 = PRESENTATION_STYLE_ASSIGNMENT((#8532));
#8532 = SURFACE_STYLE_USAGE(.BOTH.,#8533);
#8533 = SURFACE_SIDE_STYLE('',(#8534));
#8534 = SURFACE_STYLE_FILL_AREA(#8535);
#8535 = FILL_AREA_STYLE('',(#8536));
#8536 = FILL_AREA_STYLE_COLOUR('',#8266);
#8537 = STYLED_ITEM('color',(#8538),#4357);
#8538 = PRESENTATION_STYLE_ASSIGNMENT((#8539));
#8539 = SURFACE_STYLE_USAGE(.BOTH.,#8540);
#8540 = SURFACE_SIDE_STYLE('',(#8541));
#8541 = SURFACE_STYLE_FILL_AREA(#8542);
#8542 = FILL_AREA_STYLE('',(#8543));
#8543 = FILL_AREA_STYLE_COLOUR('',#8266);
#8544 = STYLED_ITEM('color',(#8545),#4435);
#8545 = PRESENTATION_STYLE_ASSIGNMENT((#8546));
#8546 = SURFACE_STYLE_USAGE(.BOTH.,#8547);
#8547 = SURFACE_SIDE_STYLE('',(#8548));
#8548 = SURFACE_STYLE_FILL_AREA(#8549);
#8549 = FILL_AREA_STYLE('',(#8550));
#8550 = FILL_AREA_STYLE_COLOUR('',#8266);
#8551 = STYLED_ITEM('color',(#8552),#4466);
#8552 = PRESENTATION_STYLE_ASSIGNMENT((#8553));
#8553 = SURFACE_STYLE_USAGE(.BOTH.,#8554);
#8554 = SURFACE_SIDE_STYLE('',(#8555));
#8555 = SURFACE_STYLE_FILL_AREA(#8556);
#8556 = FILL_AREA_STYLE('',(#8557));
#8557 = FILL_AREA_STYLE_COLOUR('',#8266);
#8558 = STYLED_ITEM('color',(#8559),#4551);
#8559 = PRESENTATION_STYLE_ASSIGNMENT((#8560));
#8560 = SURFACE_STYLE_USAGE(.BOTH.,#8561);
#8561 = SURFACE_SIDE_STYLE('',(#8562));
#8562 = SURFACE_STYLE_FILL_AREA(#8563);
#8563 = FILL_AREA_STYLE('',(#8564));
#8564 = FILL_AREA_STYLE_COLOUR('',#8266);
#8565 = STYLED_ITEM('color',(#8566),#4575);
#8566 = PRESENTATION_STYLE_ASSIGNMENT((#8567));
#8567 = SURFACE_STYLE_USAGE(.BOTH.,#8568);
#8568 = SURFACE_SIDE_STYLE('',(#8569));
#8569 = SURFACE_STYLE_FILL_AREA(#8570);
#8570 = FILL_AREA_STYLE('',(#8571));
#8571 = FILL_AREA_STYLE_COLOUR('',#8266);
#8572 = STYLED_ITEM('color',(#8573),#4653);
#8573 = PRESENTATION_STYLE_ASSIGNMENT((#8574));
#8574 = SURFACE_STYLE_USAGE(.BOTH.,#8575);
#8575 = SURFACE_SIDE_STYLE('',(#8576));
#8576 = SURFACE_STYLE_FILL_AREA(#8577);
#8577 = FILL_AREA_STYLE('',(#8578));
#8578 = FILL_AREA_STYLE_COLOUR('',#8266);
#8579 = STYLED_ITEM('color',(#8580),#4670);
#8580 = PRESENTATION_STYLE_ASSIGNMENT((#8581));
#8581 = SURFACE_STYLE_USAGE(.BOTH.,#8582);
#8582 = SURFACE_SIDE_STYLE('',(#8583));
#8583 = SURFACE_STYLE_FILL_AREA(#8584);
#8584 = FILL_AREA_STYLE('',(#8585));
#8585 = FILL_AREA_STYLE_COLOUR('',#8266);
#8586 = STYLED_ITEM('color',(#8587),#4687);
#8587 = PRESENTATION_STYLE_ASSIGNMENT((#8588));
#8588 = SURFACE_STYLE_USAGE(.BOTH.,#8589);
#8589 = SURFACE_SIDE_STYLE('',(#8590));
#8590 = SURFACE_STYLE_FILL_AREA(#8591);
#8591 = FILL_AREA_STYLE('',(#8592));
#8592 = FILL_AREA_STYLE_COLOUR('',#8266);
#8593 = STYLED_ITEM('color',(#8594),#4704);
#8594 = PRESENTATION_STYLE_ASSIGNMENT((#8595));
#8595 = SURFACE_STYLE_USAGE(.BOTH.,#8596);
#8596 = SURFACE_SIDE_STYLE('',(#8597));
#8597 = SURFACE_STYLE_FILL_AREA(#8598);
#8598 = FILL_AREA_STYLE('',(#8599));
#8599 = FILL_AREA_STYLE_COLOUR('',#8266);
#8600 = STYLED_ITEM('color',(#8601),#4721);
#8601 = PRESENTATION_STYLE_ASSIGNMENT((#8602));
#8602 = SURFACE_STYLE_USAGE(.BOTH.,#8603);
#8603 = SURFACE_SIDE_STYLE('',(#8604));
#8604 = SURFACE_STYLE_FILL_AREA(#8605);
#8605 = FILL_AREA_STYLE('',(#8606));
#8606 = FILL_AREA_STYLE_COLOUR('',#8266);
#8607 = STYLED_ITEM('color',(#8608),#4738);
#8608 = PRESENTATION_STYLE_ASSIGNMENT((#8609));
#8609 = SURFACE_STYLE_USAGE(.BOTH.,#8610);
#8610 = SURFACE_SIDE_STYLE('',(#8611));
#8611 = SURFACE_STYLE_FILL_AREA(#8612);
#8612 = FILL_AREA_STYLE('',(#8613));
#8613 = FILL_AREA_STYLE_COLOUR('',#8266);
#8614 = STYLED_ITEM('color',(#8615),#4755);
#8615 = PRESENTATION_STYLE_ASSIGNMENT((#8616));
#8616 = SURFACE_STYLE_USAGE(.BOTH.,#8617);
#8617 = SURFACE_SIDE_STYLE('',(#8618));
#8618 = SURFACE_STYLE_FILL_AREA(#8619);
#8619 = FILL_AREA_STYLE('',(#8620));
#8620 = FILL_AREA_STYLE_COLOUR('',#8266);
#8621 = STYLED_ITEM('color',(#8622),#4772);
#8622 = PRESENTATION_STYLE_ASSIGNMENT((#8623));
#8623 = SURFACE_STYLE_USAGE(.BOTH.,#8624);
#8624 = SURFACE_SIDE_STYLE('',(#8625));
#8625 = SURFACE_STYLE_FILL_AREA(#8626);
#8626 = FILL_AREA_STYLE('',(#8627));
#8627 = FILL_AREA_STYLE_COLOUR('',#8266);
#8628 = STYLED_ITEM('color',(#8629),#4794);
#8629 = PRESENTATION_STYLE_ASSIGNMENT((#8630));
#8630 = SURFACE_STYLE_USAGE(.BOTH.,#8631);
#8631 = SURFACE_SIDE_STYLE('',(#8632));
#8632 = SURFACE_STYLE_FILL_AREA(#8633);
#8633 = FILL_AREA_STYLE('',(#8634));
#8634 = FILL_AREA_STYLE_COLOUR('',#8266);
#8635 = STYLED_ITEM('color',(#8636),#4806);
#8636 = PRESENTATION_STYLE_ASSIGNMENT((#8637));
#8637 = SURFACE_STYLE_USAGE(.BOTH.,#8638);
#8638 = SURFACE_SIDE_STYLE('',(#8639));
#8639 = SURFACE_STYLE_FILL_AREA(#8640);
#8640 = FILL_AREA_STYLE('',(#8641));
#8641 = FILL_AREA_STYLE_COLOUR('',#8266);
#8642 = STYLED_ITEM('color',(#8643),#4818);
#8643 = PRESENTATION_STYLE_ASSIGNMENT((#8644));
#8644 = SURFACE_STYLE_USAGE(.BOTH.,#8645);
#8645 = SURFACE_SIDE_STYLE('',(#8646));
#8646 = SURFACE_STYLE_FILL_AREA(#8647);
#8647 = FILL_AREA_STYLE('',(#8648));
#8648 = FILL_AREA_STYLE_COLOUR('',#8266);
#8649 = STYLED_ITEM('color',(#8650),#4835);
#8650 = PRESENTATION_STYLE_ASSIGNMENT((#8651));
#8651 = SURFACE_STYLE_USAGE(.BOTH.,#8652);
#8652 = SURFACE_SIDE_STYLE('',(#8653));
#8653 = SURFACE_STYLE_FILL_AREA(#8654);
#8654 = FILL_AREA_STYLE('',(#8655));
#8655 = FILL_AREA_STYLE_COLOUR('',#8266);
#8656 = STYLED_ITEM('color',(#8657),#4847);
#8657 = PRESENTATION_STYLE_ASSIGNMENT((#8658));
#8658 = SURFACE_STYLE_USAGE(.BOTH.,#8659);
#8659 = SURFACE_SIDE_STYLE('',(#8660));
#8660 = SURFACE_STYLE_FILL_AREA(#8661);
#8661 = FILL_AREA_STYLE('',(#8662));
#8662 = FILL_AREA_STYLE_COLOUR('',#8266);
#8663 = STYLED_ITEM('color',(#8664),#4864);
#8664 = PRESENTATION_STYLE_ASSIGNMENT((#8665));
#8665 = SURFACE_STYLE_USAGE(.BOTH.,#8666);
#8666 = SURFACE_SIDE_STYLE('',(#8667));
#8667 = SURFACE_STYLE_FILL_AREA(#8668);
#8668 = FILL_AREA_STYLE('',(#8669));
#8669 = FILL_AREA_STYLE_COLOUR('',#8266);
#8670 = STYLED_ITEM('color',(#8671),#4886);
#8671 = PRESENTATION_STYLE_ASSIGNMENT((#8672));
#8672 = SURFACE_STYLE_USAGE(.BOTH.,#8673);
#8673 = SURFACE_SIDE_STYLE('',(#8674));
#8674 = SURFACE_STYLE_FILL_AREA(#8675);
#8675 = FILL_AREA_STYLE('',(#8676));
#8676 = FILL_AREA_STYLE_COLOUR('',#8266);
#8677 = STYLED_ITEM('color',(#8678),#4898);
#8678 = PRESENTATION_STYLE_ASSIGNMENT((#8679));
#8679 = SURFACE_STYLE_USAGE(.BOTH.,#8680);
#8680 = SURFACE_SIDE_STYLE('',(#8681));
#8681 = SURFACE_STYLE_FILL_AREA(#8682);
#8682 = FILL_AREA_STYLE('',(#8683));
#8683 = FILL_AREA_STYLE_COLOUR('',#8266);
#8684 = STYLED_ITEM('color',(#8685),#4915);
#8685 = PRESENTATION_STYLE_ASSIGNMENT((#8686));
#8686 = SURFACE_STYLE_USAGE(.BOTH.,#8687);
#8687 = SURFACE_SIDE_STYLE('',(#8688));
#8688 = SURFACE_STYLE_FILL_AREA(#8689);
#8689 = FILL_AREA_STYLE('',(#8690));
#8690 = FILL_AREA_STYLE_COLOUR('',#8266);
#8691 = STYLED_ITEM('color',(#8692),#4927);
#8692 = PRESENTATION_STYLE_ASSIGNMENT((#8693));
#8693 = SURFACE_STYLE_USAGE(.BOTH.,#8694);
#8694 = SURFACE_SIDE_STYLE('',(#8695));
#8695 = SURFACE_STYLE_FILL_AREA(#8696);
#8696 = FILL_AREA_STYLE('',(#8697));
#8697 = FILL_AREA_STYLE_COLOUR('',#8266);
#8698 = STYLED_ITEM('color',(#8699),#4939);
#8699 = PRESENTATION_STYLE_ASSIGNMENT((#8700));
#8700 = SURFACE_STYLE_USAGE(.BOTH.,#8701);
#8701 = SURFACE_SIDE_STYLE('',(#8702));
#8702 = SURFACE_STYLE_FILL_AREA(#8703);
#8703 = FILL_AREA_STYLE('',(#8704));
#8704 = FILL_AREA_STYLE_COLOUR('',#8266);
#8705 = STYLED_ITEM('color',(#8706),#4956);
#8706 = PRESENTATION_STYLE_ASSIGNMENT((#8707));
#8707 = SURFACE_STYLE_USAGE(.BOTH.,#8708);
#8708 = SURFACE_SIDE_STYLE('',(#8709));
#8709 = SURFACE_STYLE_FILL_AREA(#8710);
#8710 = FILL_AREA_STYLE('',(#8711));
#8711 = FILL_AREA_STYLE_COLOUR('',#8266);
#8712 = STYLED_ITEM('color',(#8713),#4973);
#8713 = PRESENTATION_STYLE_ASSIGNMENT((#8714));
#8714 = SURFACE_STYLE_USAGE(.BOTH.,#8715);
#8715 = SURFACE_SIDE_STYLE('',(#8716));
#8716 = SURFACE_STYLE_FILL_AREA(#8717);
#8717 = FILL_AREA_STYLE('',(#8718));
#8718 = FILL_AREA_STYLE_COLOUR('',#8266);
#8719 = STYLED_ITEM('color',(#8720),#4990);
#8720 = PRESENTATION_STYLE_ASSIGNMENT((#8721));
#8721 = SURFACE_STYLE_USAGE(.BOTH.,#8722);
#8722 = SURFACE_SIDE_STYLE('',(#8723));
#8723 = SURFACE_STYLE_FILL_AREA(#8724);
#8724 = FILL_AREA_STYLE('',(#8725));
#8725 = FILL_AREA_STYLE_COLOUR('',#8266);
#8726 = STYLED_ITEM('color',(#8727),#5012);
#8727 = PRESENTATION_STYLE_ASSIGNMENT((#8728));
#8728 = SURFACE_STYLE_USAGE(.BOTH.,#8729);
#8729 = SURFACE_SIDE_STYLE('',(#8730));
#8730 = SURFACE_STYLE_FILL_AREA(#8731);
#8731 = FILL_AREA_STYLE('',(#8732));
#8732 = FILL_AREA_STYLE_COLOUR('',#8266);
#8733 = STYLED_ITEM('color',(#8734),#5024);
#8734 = PRESENTATION_STYLE_ASSIGNMENT((#8735));
#8735 = SURFACE_STYLE_USAGE(.BOTH.,#8736);
#8736 = SURFACE_SIDE_STYLE('',(#8737));
#8737 = SURFACE_STYLE_FILL_AREA(#8738);
#8738 = FILL_AREA_STYLE('',(#8739));
#8739 = FILL_AREA_STYLE_COLOUR('',#8266);
#8740 = STYLED_ITEM('color',(#8741),#5041);
#8741 = PRESENTATION_STYLE_ASSIGNMENT((#8742));
#8742 = SURFACE_STYLE_USAGE(.BOTH.,#8743);
#8743 = SURFACE_SIDE_STYLE('',(#8744));
#8744 = SURFACE_STYLE_FILL_AREA(#8745);
#8745 = FILL_AREA_STYLE('',(#8746));
#8746 = FILL_AREA_STYLE_COLOUR('',#8266);
#8747 = STYLED_ITEM('color',(#8748),#5053);
#8748 = PRESENTATION_STYLE_ASSIGNMENT((#8749));
#8749 = SURFACE_STYLE_USAGE(.BOTH.,#8750);
#8750 = SURFACE_SIDE_STYLE('',(#8751));
#8751 = SURFACE_STYLE_FILL_AREA(#8752);
#8752 = FILL_AREA_STYLE('',(#8753));
#8753 = FILL_AREA_STYLE_COLOUR('',#8266);
#8754 = STYLED_ITEM('color',(#8755),#5065);
#8755 = PRESENTATION_STYLE_ASSIGNMENT((#8756));
#8756 = SURFACE_STYLE_USAGE(.BOTH.,#8757);
#8757 = SURFACE_SIDE_STYLE('',(#8758));
#8758 = SURFACE_STYLE_FILL_AREA(#8759);
#8759 = FILL_AREA_STYLE('',(#8760));
#8760 = FILL_AREA_STYLE_COLOUR('',#8266);
#8761 = STYLED_ITEM('color',(#8762),#5082);
#8762 = PRESENTATION_STYLE_ASSIGNMENT((#8763));
#8763 = SURFACE_STYLE_USAGE(.BOTH.,#8764);
#8764 = SURFACE_SIDE_STYLE('',(#8765));
#8765 = SURFACE_STYLE_FILL_AREA(#8766);
#8766 = FILL_AREA_STYLE('',(#8767));
#8767 = FILL_AREA_STYLE_COLOUR('',#8266);
#8768 = STYLED_ITEM('color',(#8769),#5104);
#8769 = PRESENTATION_STYLE_ASSIGNMENT((#8770));
#8770 = SURFACE_STYLE_USAGE(.BOTH.,#8771);
#8771 = SURFACE_SIDE_STYLE('',(#8772));
#8772 = SURFACE_STYLE_FILL_AREA(#8773);
#8773 = FILL_AREA_STYLE('',(#8774));
#8774 = FILL_AREA_STYLE_COLOUR('',#8266);
#8775 = STYLED_ITEM('color',(#8776),#5116);
#8776 = PRESENTATION_STYLE_ASSIGNMENT((#8777));
#8777 = SURFACE_STYLE_USAGE(.BOTH.,#8778);
#8778 = SURFACE_SIDE_STYLE('',(#8779));
#8779 = SURFACE_STYLE_FILL_AREA(#8780);
#8780 = FILL_AREA_STYLE('',(#8781));
#8781 = FILL_AREA_STYLE_COLOUR('',#8266);
#8782 = STYLED_ITEM('color',(#8783),#5133);
#8783 = PRESENTATION_STYLE_ASSIGNMENT((#8784));
#8784 = SURFACE_STYLE_USAGE(.BOTH.,#8785);
#8785 = SURFACE_SIDE_STYLE('',(#8786));
#8786 = SURFACE_STYLE_FILL_AREA(#8787);
#8787 = FILL_AREA_STYLE('',(#8788));
#8788 = FILL_AREA_STYLE_COLOUR('',#8266);
#8789 = STYLED_ITEM('color',(#8790),#5145);
#8790 = PRESENTATION_STYLE_ASSIGNMENT((#8791));
#8791 = SURFACE_STYLE_USAGE(.BOTH.,#8792);
#8792 = SURFACE_SIDE_STYLE('',(#8793));
#8793 = SURFACE_STYLE_FILL_AREA(#8794);
#8794 = FILL_AREA_STYLE('',(#8795));
#8795 = FILL_AREA_STYLE_COLOUR('',#8266);
ENDSEC;
END-ISO-10303-21;
